year,general_role,experience_level,company_size,company_location,predicted_salary_usd
2020,Computer Vision Engineer,Entry,Small,United States,90823.57
2020,Computer Vision Engineer,Entry,Small,Australia,74819.29
2020,Computer Vision Engineer,Entry,Small,Netherlands,67609.04
2020,Computer Vision Engineer,Entry,Small,United Kingdom,69545.42
2020,Computer Vision Engineer,Entry,Small,Canada,73083.336
2020,Computer Vision Engineer,Entry,Small,Italy,55874.215
2020,Computer Vision Engineer,Entry,Small,Singapore,79273.58
2020,Computer Vision Engineer,Entry,Small,Germany,65987.336
2020,Computer Vision Engineer,Entry,Small,Finland,46225.035
2020,Computer Vision Engineer,Entry,Medium,United States,91914.78
2020,Computer Vision Engineer,Entry,Medium,Australia,75287.02
2020,Computer Vision Engineer,Entry,Medium,Netherlands,67627.73
2020,Computer Vision Engineer,Entry,Medium,United Kingdom,69653.12
2020,Computer Vision Engineer,Entry,Medium,Canada,75155.22
2020,Computer Vision Engineer,Entry,Medium,Italy,55981.906
2020,Computer Vision Engineer,Entry,Medium,Singapore,78029.52
2020,Computer Vision Engineer,Entry,Medium,Germany,65855.13
2020,Computer Vision Engineer,Entry,Medium,Finland,46332.727
2020,Computer Vision Engineer,Entry,Large,United States,91102.25
2020,Computer Vision Engineer,Entry,Large,Australia,74819.29
2020,Computer Vision Engineer,Entry,Large,Netherlands,67609.04
2020,Computer Vision Engineer,Entry,Large,United Kingdom,69545.42
2020,Computer Vision Engineer,Entry,Large,Canada,73083.336
2020,Computer Vision Engineer,Entry,Large,Italy,56781.0
2020,Computer Vision Engineer,Entry,Large,Singapore,78963.3
2020,Computer Vision Engineer,Entry,Large,Germany,65760.91
2020,Computer Vision Engineer,Entry,Large,Finland,46225.035
2020,Computer Vision Engineer,Entry,Enterprise,United States,90823.57
2020,Computer Vision Engineer,Entry,Enterprise,Australia,74819.29
2020,Computer Vision Engineer,Entry,Enterprise,Netherlands,67609.04
2020,Computer Vision Engineer,Entry,Enterprise,United Kingdom,69545.42
2020,Computer Vision Engineer,Entry,Enterprise,Canada,73083.336
2020,Computer Vision Engineer,Entry,Enterprise,Italy,55874.215
2020,Computer Vision Engineer,Entry,Enterprise,Singapore,79273.58
2020,Computer Vision Engineer,Entry,Enterprise,Germany,65760.91
2020,Computer Vision Engineer,Entry,Enterprise,Finland,46225.035
2020,Computer Vision Engineer,Mid,Small,United States,118195.26
2020,Computer Vision Engineer,Mid,Small,Australia,92878.93
2020,Computer Vision Engineer,Mid,Small,Netherlands,84603.01
2020,Computer Vision Engineer,Mid,Small,United Kingdom,87104.12
2020,Computer Vision Engineer,Mid,Small,Canada,91450.61
2020,Computer Vision Engineer,Mid,Small,Italy,77371.49
2020,Computer Vision Engineer,Mid,Small,Singapore,98994.484
2020,Computer Vision Engineer,Mid,Small,Germany,83511.09
2020,Computer Vision Engineer,Mid,Small,Finland,62319.453
2020,Computer Vision Engineer,Mid,Medium,United States,121535.99
2020,Computer Vision Engineer,Mid,Medium,Australia,94533.48
2020,Computer Vision Engineer,Mid,Medium,Netherlands,85142.28
2020,Computer Vision Engineer,Mid,Medium,United Kingdom,87732.42
2020,Computer Vision Engineer,Mid,Medium,Canada,94078.836
2020,Computer Vision Engineer,Mid,Medium,Italy,77999.8
2020,Computer Vision Engineer,Mid,Medium,Singapore,98898.49
2020,Computer Vision Engineer,Mid,Medium,Germany,83899.5
2020,Computer Vision Engineer,Mid,Medium,Finland,62947.73
2020,Computer Vision Engineer,Mid,Large,United States,118473.945
2020,Computer Vision Engineer,Mid,Large,Australia,92878.93
2020,Computer Vision Engineer,Mid,Large,Netherlands,84603.01
2020,Computer Vision Engineer,Mid,Large,United Kingdom,87104.12
2020,Computer Vision Engineer,Mid,Large,Canada,91450.61
2020,Computer Vision Engineer,Mid,Large,Italy,77371.49
2020,Computer Vision Engineer,Mid,Large,Singapore,98684.2
2020,Computer Vision Engineer,Mid,Large,Germany,83284.67
2020,Computer Vision Engineer,Mid,Large,Finland,62319.453
2020,Computer Vision Engineer,Mid,Enterprise,United States,118195.26
2020,Computer Vision Engineer,Mid,Enterprise,Australia,92878.93
2020,Computer Vision Engineer,Mid,Enterprise,Netherlands,84603.01
2020,Computer Vision Engineer,Mid,Enterprise,United Kingdom,87104.12
2020,Computer Vision Engineer,Mid,Enterprise,Canada,91450.61
2020,Computer Vision Engineer,Mid,Enterprise,Italy,77371.49
2020,Computer Vision Engineer,Mid,Enterprise,Singapore,98994.484
2020,Computer Vision Engineer,Mid,Enterprise,Germany,83284.67
2020,Computer Vision Engineer,Mid,Enterprise,Finland,62319.453
2020,Computer Vision Engineer,Senior,Small,United States,158051.14
2020,Computer Vision Engineer,Senior,Small,Australia,122812.375
2020,Computer Vision Engineer,Senior,Small,Netherlands,113792.77
2020,Computer Vision Engineer,Senior,Small,United Kingdom,116541.82
2020,Computer Vision Engineer,Senior,Small,Canada,125386.05
2020,Computer Vision Engineer,Senior,Small,Italy,98844.59
2020,Computer Vision Engineer,Senior,Small,Singapore,131092.47
2020,Computer Vision Engineer,Senior,Small,Germany,111649.6
2020,Computer Vision Engineer,Senior,Small,Finland,88749.63
2020,Computer Vision Engineer,Senior,Medium,United States,161680.45
2020,Computer Vision Engineer,Senior,Medium,Australia,124099.836
2020,Computer Vision Engineer,Senior,Medium,Netherlands,114604.66
2020,Computer Vision Engineer,Senior,Medium,United Kingdom,117442.734
2020,Computer Vision Engineer,Senior,Medium,Canada,127829.836
2020,Computer Vision Engineer,Senior,Medium,Italy,99745.51
2020,Computer Vision Engineer,Senior,Medium,Singapore,131991.7
2020,Computer Vision Engineer,Senior,Medium,Germany,113072.164
2020,Computer Vision Engineer,Senior,Medium,Finland,89650.55
2020,Computer Vision Engineer,Senior,Large,United States,158503.06
2020,Computer Vision Engineer,Senior,Large,Australia,122638.44
2020,Computer Vision Engineer,Senior,Large,Netherlands,113792.77
2020,Computer Vision Engineer,Senior,Large,United Kingdom,116541.82
2020,Computer Vision Engineer,Senior,Large,Canada,125386.05
2020,Computer Vision Engineer,Senior,Large,Italy,99751.375
2020,Computer Vision Engineer,Senior,Large,Singapore,130782.17
2020,Computer Vision Engineer,Senior,Large,Germany,111649.6
2020,Computer Vision Engineer,Senior,Large,Finland,88749.63
2020,Computer Vision Engineer,Senior,Enterprise,United States,158051.14
2020,Computer Vision Engineer,Senior,Enterprise,Australia,122812.375
2020,Computer Vision Engineer,Senior,Enterprise,Netherlands,113792.77
2020,Computer Vision Engineer,Senior,Enterprise,United Kingdom,116541.82
2020,Computer Vision Engineer,Senior,Enterprise,Canada,125386.05
2020,Computer Vision Engineer,Senior,Enterprise,Italy,98844.59
2020,Computer Vision Engineer,Senior,Enterprise,Singapore,130781.56
2020,Computer Vision Engineer,Senior,Enterprise,Germany,111649.6
2020,Computer Vision Engineer,Senior,Enterprise,Finland,88749.63
2020,Computer Vision Engineer,Lead,Small,United States,198067.44
2020,Computer Vision Engineer,Lead,Small,Australia,168664.92
2020,Computer Vision Engineer,Lead,Small,Netherlands,155212.6
2020,Computer Vision Engineer,Lead,Small,United Kingdom,158216.97
2020,Computer Vision Engineer,Lead,Small,Canada,161846.22
2020,Computer Vision Engineer,Lead,Small,Italy,145984.02
2020,Computer Vision Engineer,Lead,Small,Singapore,180214.39
2020,Computer Vision Engineer,Lead,Small,Germany,153805.77
2020,Computer Vision Engineer,Lead,Small,Finland,131839.88
2020,Computer Vision Engineer,Lead,Medium,United States,198591.0
2020,Computer Vision Engineer,Lead,Medium,Australia,169742.66
2020,Computer Vision Engineer,Lead,Medium,Netherlands,155811.64
2020,Computer Vision Engineer,Lead,Medium,United Kingdom,158905.05
2020,Computer Vision Engineer,Lead,Medium,Canada,162912.45
2020,Computer Vision Engineer,Lead,Medium,Italy,146672.1
2020,Computer Vision Engineer,Lead,Medium,Singapore,179754.14
2020,Computer Vision Engineer,Lead,Medium,Germany,154783.47
2020,Computer Vision Engineer,Lead,Medium,Finland,132527.95
2020,Computer Vision Engineer,Lead,Large,United States,197192.89
2020,Computer Vision Engineer,Lead,Large,Australia,168490.98
2020,Computer Vision Engineer,Lead,Large,Netherlands,155212.6
2020,Computer Vision Engineer,Lead,Large,United Kingdom,158216.97
2020,Computer Vision Engineer,Lead,Large,Canada,161846.22
2020,Computer Vision Engineer,Lead,Large,Italy,146890.81
2020,Computer Vision Engineer,Lead,Large,Singapore,179904.11
2020,Computer Vision Engineer,Lead,Large,Germany,153805.77
2020,Computer Vision Engineer,Lead,Large,Finland,131839.88
2020,Computer Vision Engineer,Lead,Enterprise,United States,197333.0
2020,Computer Vision Engineer,Lead,Enterprise,Australia,168445.03
2020,Computer Vision Engineer,Lead,Enterprise,Netherlands,154992.7
2020,Computer Vision Engineer,Lead,Enterprise,United Kingdom,157997.08
2020,Computer Vision Engineer,Lead,Enterprise,Canada,161626.33
2020,Computer Vision Engineer,Lead,Enterprise,Italy,145764.12
2020,Computer Vision Engineer,Lead,Enterprise,Singapore,179683.61
2020,Computer Vision Engineer,Lead,Enterprise,Germany,153585.88
2020,Computer Vision Engineer,Lead,Enterprise,Finland,131619.98
2020,Machine Learning Engineer,Entry,Small,United States,92719.68
2020,Machine Learning Engineer,Entry,Small,Australia,75333.23
2020,Machine Learning Engineer,Entry,Small,Netherlands,68311.984
2020,Machine Learning Engineer,Entry,Small,United Kingdom,70439.695
2020,Machine Learning Engineer,Entry,Small,Canada,74341.08
2020,Machine Learning Engineer,Entry,Small,Italy,56970.637
2020,Machine Learning Engineer,Entry,Small,Singapore,80818.02
2020,Machine Learning Engineer,Entry,Small,Germany,66543.85
2020,Machine Learning Engineer,Entry,Small,Finland,44851.535
2020,Machine Learning Engineer,Entry,Medium,United States,96546.516
2020,Machine Learning Engineer,Entry,Medium,Australia,79350.66
2020,Machine Learning Engineer,Entry,Medium,Netherlands,68769.85
2020,Machine Learning Engineer,Entry,Medium,United Kingdom,70758.15
2020,Machine Learning Engineer,Entry,Medium,Canada,77369.086
2020,Machine Learning Engineer,Entry,Medium,Italy,58034.453
2020,Machine Learning Engineer,Entry,Medium,Singapore,80924.31
2020,Machine Learning Engineer,Entry,Medium,Germany,67953.42
2020,Machine Learning Engineer,Entry,Medium,Finland,45915.344
2020,Machine Learning Engineer,Entry,Large,United States,93492.5
2020,Machine Learning Engineer,Entry,Large,Australia,75333.23
2020,Machine Learning Engineer,Entry,Large,Netherlands,68311.984
2020,Machine Learning Engineer,Entry,Large,United Kingdom,70439.695
2020,Machine Learning Engineer,Entry,Large,Canada,74579.32
2020,Machine Learning Engineer,Entry,Large,Italy,57877.42
2020,Machine Learning Engineer,Entry,Large,Singapore,80659.016
2020,Machine Learning Engineer,Entry,Large,Germany,66543.85
2020,Machine Learning Engineer,Entry,Large,Finland,44851.535
2020,Machine Learning Engineer,Entry,Enterprise,United States,92604.21
2020,Machine Learning Engineer,Entry,Enterprise,Australia,75217.76
2020,Machine Learning Engineer,Entry,Enterprise,Netherlands,68196.516
2020,Machine Learning Engineer,Entry,Enterprise,United Kingdom,70642.164
2020,Machine Learning Engineer,Entry,Enterprise,Canada,74225.61
2020,Machine Learning Engineer,Entry,Enterprise,Italy,56855.164
2020,Machine Learning Engineer,Entry,Enterprise,Singapore,80702.555
2020,Machine Learning Engineer,Entry,Enterprise,Germany,66604.516
2020,Machine Learning Engineer,Entry,Enterprise,Finland,44736.062
2020,Machine Learning Engineer,Mid,Small,United States,123683.69
2020,Machine Learning Engineer,Mid,Small,Australia,93927.71
2020,Machine Learning Engineer,Mid,Small,Netherlands,85878.83
2020,Machine Learning Engineer,Mid,Small,United Kingdom,88768.08
2020,Machine Learning Engineer,Mid,Small,Canada,93088.69
2020,Machine Learning Engineer,Mid,Small,Italy,78794.21
2020,Machine Learning Engineer,Mid,Small,Singapore,100438.516
2020,Machine Learning Engineer,Mid,Small,Germany,84657.51
2020,Machine Learning Engineer,Mid,Small,Finland,60991.082
2020,Machine Learning Engineer,Mid,Medium,United States,131913.92
2020,Machine Learning Engineer,Mid,Medium,Australia,99493.28
2020,Machine Learning Engineer,Mid,Medium,Netherlands,87048.58
2020,Machine Learning Engineer,Mid,Medium,United Kingdom,90578.21
2020,Machine Learning Engineer,Mid,Medium,Canada,96864.31
2020,Machine Learning Engineer,Mid,Medium,Italy,80569.914
2020,Machine Learning Engineer,Mid,Medium,Singapore,101884.14
2020,Machine Learning Engineer,Mid,Medium,Germany,86778.96
2020,Machine Learning Engineer,Mid,Medium,Finland,62766.785
2020,Machine Learning Engineer,Mid,Large,United States,125669.32
2020,Machine Learning Engineer,Mid,Large,Australia,93927.71
2020,Machine Learning Engineer,Mid,Large,Netherlands,85878.83
2020,Machine Learning Engineer,Mid,Large,United Kingdom,88768.08
2020,Machine Learning Engineer,Mid,Large,Canada,93326.93
2020,Machine Learning Engineer,Mid,Large,Italy,78794.21
2020,Machine Learning Engineer,Mid,Large,Singapore,100279.51
2020,Machine Learning Engineer,Mid,Large,Germany,84657.51
2020,Machine Learning Engineer,Mid,Large,Finland,60991.082
2020,Machine Learning Engineer,Mid,Enterprise,United States,123568.22
2020,Machine Learning Engineer,Mid,Enterprise,Australia,93812.24
2020,Machine Learning Engineer,Mid,Enterprise,Netherlands,85763.36
2020,Machine Learning Engineer,Mid,Enterprise,United Kingdom,88970.55
2020,Machine Learning Engineer,Mid,Enterprise,Canada,92973.22
2020,Machine Learning Engineer,Mid,Enterprise,Italy,78678.74
2020,Machine Learning Engineer,Mid,Enterprise,Singapore,100323.05
2020,Machine Learning Engineer,Mid,Enterprise,Germany,84718.17
2020,Machine Learning Engineer,Mid,Enterprise,Finland,60875.61
2020,Machine Learning Engineer,Senior,Small,United States,159644.05
2020,Machine Learning Engineer,Senior,Small,Australia,124691.18
2020,Machine Learning Engineer,Senior,Small,Netherlands,115667.195
2020,Machine Learning Engineer,Senior,Small,United Kingdom,118793.734
2020,Machine Learning Engineer,Senior,Small,Canada,131097.52
2020,Machine Learning Engineer,Senior,Small,Italy,101311.92
2020,Machine Learning Engineer,Senior,Small,Singapore,133640.42
2020,Machine Learning Engineer,Senior,Small,Germany,113794.07
2020,Machine Learning Engineer,Senior,Small,Finland,88411.875
2020,Machine Learning Engineer,Senior,Medium,United States,169081.48
2020,Machine Learning Engineer,Senior,Medium,Australia,129427.15
2020,Machine Learning Engineer,Senior,Medium,Netherlands,116950.34
2020,Machine Learning Engineer,Senior,Medium,United Kingdom,121235.54
2020,Machine Learning Engineer,Senior,Medium,Canada,135129.8
2020,Machine Learning Engineer,Senior,Medium,Italy,103201.02
2020,Machine Learning Engineer,Senior,Medium,Singapore,134541.05
2020,Machine Learning Engineer,Senior,Medium,Germany,116385.08
2020,Machine Learning Engineer,Senior,Medium,Finland,90300.98
2020,Machine Learning Engineer,Senior,Large,United States,160357.14
2020,Machine Learning Engineer,Senior,Large,Australia,124284.25
2020,Machine Learning Engineer,Senior,Large,Netherlands,115434.2
2020,Machine Learning Engineer,Senior,Large,United Kingdom,118560.74
2020,Machine Learning Engineer,Senior,Large,Canada,130864.59
2020,Machine Learning Engineer,Senior,Large,Italy,101985.71
2020,Machine Learning Engineer,Senior,Large,Singapore,131867.27
2020,Machine Learning Engineer,Senior,Large,Germany,113561.08
2020,Machine Learning Engineer,Senior,Large,Finland,88178.88
2020,Machine Learning Engineer,Senior,Enterprise,United States,159295.6
2020,Machine Learning Engineer,Senior,Enterprise,Australia,124342.72
2020,Machine Learning Engineer,Senior,Enterprise,Netherlands,115318.734
2020,Machine Learning Engineer,Senior,Enterprise,United Kingdom,118763.21
2020,Machine Learning Engineer,Senior,Enterprise,Canada,130749.125
2020,Machine Learning Engineer,Senior,Enterprise,Italy,100963.46
2020,Machine Learning Engineer,Senior,Enterprise,Singapore,132285.8
2020,Machine Learning Engineer,Senior,Enterprise,Germany,113621.74
2020,Machine Learning Engineer,Senior,Enterprise,Finland,88063.414
2020,Machine Learning Engineer,Lead,Small,United States,203047.69
2020,Machine Learning Engineer,Lead,Small,Australia,171229.6
2020,Machine Learning Engineer,Lead,Small,Netherlands,157566.19
2020,Machine Learning Engineer,Lead,Small,United Kingdom,160440.3
2020,Machine Learning Engineer,Lead,Small,Canada,165083.88
2020,Machine Learning Engineer,Lead,Small,Italy,148412.17
2020,Machine Learning Engineer,Lead,Small,Singapore,181853.73
2020,Machine Learning Engineer,Lead,Small,Germany,156275.06
2020,Machine Learning Engineer,Lead,Small,Finland,131462.9
2020,Machine Learning Engineer,Lead,Medium,United States,206994.81
2020,Machine Learning Engineer,Lead,Medium,Australia,175311.03
2020,Machine Learning Engineer,Lead,Medium,Netherlands,157888.38
2020,Machine Learning Engineer,Lead,Medium,United Kingdom,160623.08
2020,Machine Learning Engineer,Lead,Medium,Canada,166990.48
2020,Machine Learning Engineer,Lead,Medium,Italy,149340.31
2020,Machine Learning Engineer,Lead,Medium,Singapore,183174.48
2020,Machine Learning Engineer,Lead,Medium,Germany,157673.08
2020,Machine Learning Engineer,Lead,Medium,Finland,132391.05
2020,Machine Learning Engineer,Lead,Large,United States,202667.3
2020,Machine Learning Engineer,Lead,Large,Australia,171055.66
2020,Machine Learning Engineer,Lead,Large,Netherlands,157566.19
2020,Machine Learning Engineer,Lead,Large,United Kingdom,160440.3
2020,Machine Learning Engineer,Lead,Large,Canada,165083.88
2020,Machine Learning Engineer,Lead,Large,Italy,149318.97
2020,Machine Learning Engineer,Lead,Large,Singapore,181694.73
2020,Machine Learning Engineer,Lead,Large,Germany,156275.06
2020,Machine Learning Engineer,Lead,Large,Finland,131462.9
2020,Machine Learning Engineer,Lead,Enterprise,United States,202417.67
2020,Machine Learning Engineer,Lead,Enterprise,Australia,171114.12
2020,Machine Learning Engineer,Lead,Enterprise,Netherlands,157450.72
2020,Machine Learning Engineer,Lead,Enterprise,United Kingdom,160642.77
2020,Machine Learning Engineer,Lead,Enterprise,Canada,164968.4
2020,Machine Learning Engineer,Lead,Enterprise,Italy,148296.7
2020,Machine Learning Engineer,Lead,Enterprise,Singapore,181738.27
2020,Machine Learning Engineer,Lead,Enterprise,Germany,156335.72
2020,Machine Learning Engineer,Lead,Enterprise,Finland,131347.44
2020,Research Engineer,Entry,Small,United States,128240.92
2020,Research Engineer,Entry,Small,Australia,38965.324
2020,Research Engineer,Entry,Small,Netherlands,43728.258
2020,Research Engineer,Entry,Small,United Kingdom,115251.3
2020,Research Engineer,Entry,Small,Canada,50524.516
2020,Research Engineer,Entry,Small,Italy,45297.91
2020,Research Engineer,Entry,Small,Singapore,54854.008
2020,Research Engineer,Entry,Small,Germany,62023.156
2020,Research Engineer,Entry,Small,Finland,25037.215
2020,Research Engineer,Entry,Medium,United States,138339.45
2020,Research Engineer,Entry,Medium,Australia,43535.25
2020,Research Engineer,Entry,Medium,Netherlands,50922.227
2020,Research Engineer,Entry,Medium,United Kingdom,126272.67
2020,Research Engineer,Entry,Medium,Canada,59771.695
2020,Research Engineer,Entry,Medium,Italy,52580.906
2020,Research Engineer,Entry,Medium,Singapore,61128.902
2020,Research Engineer,Entry,Medium,Germany,76756.45
2020,Research Engineer,Entry,Medium,Finland,32320.219
2020,Research Engineer,Entry,Large,United States,129376.75
2020,Research Engineer,Entry,Large,Australia,35833.508
2020,Research Engineer,Entry,Large,Netherlands,40948.28
2020,Research Engineer,Entry,Large,United Kingdom,73195.98
2020,Research Engineer,Entry,Large,Canada,47744.54
2020,Research Engineer,Entry,Large,Italy,43424.723
2020,Research Engineer,Entry,Large,Singapore,52074.023
2020,Research Engineer,Entry,Large,Germany,62290.51
2020,Research Engineer,Entry,Large,Finland,22257.244
2020,Research Engineer,Entry,Enterprise,United States,133266.2
2020,Research Engineer,Entry,Enterprise,Australia,38965.324
2020,Research Engineer,Entry,Enterprise,Netherlands,45670.73
2020,Research Engineer,Entry,Enterprise,United Kingdom,115251.3
2020,Research Engineer,Entry,Enterprise,Canada,52466.99
2020,Research Engineer,Entry,Enterprise,Italy,47240.383
2020,Research Engineer,Entry,Enterprise,Singapore,56796.48
2020,Research Engineer,Entry,Enterprise,Germany,65422.332
2020,Research Engineer,Entry,Enterprise,Finland,26979.686
2020,Research Engineer,Mid,Small,United States,162563.3
2020,Research Engineer,Mid,Small,Australia,63472.914
2020,Research Engineer,Mid,Small,Netherlands,71097.91
2020,Research Engineer,Mid,Small,United Kingdom,139012.58
2020,Research Engineer,Mid,Small,Canada,79896.92
2020,Research Engineer,Mid,Small,Italy,73630.08
2020,Research Engineer,Mid,Small,Singapore,84574.83
2020,Research Engineer,Mid,Small,Germany,87837.34
2020,Research Engineer,Mid,Small,Finland,52868.65
2020,Research Engineer,Mid,Medium,United States,177692.05
2020,Research Engineer,Mid,Medium,Australia,73129.734
2020,Research Engineer,Mid,Medium,Netherlands,84701.86
2020,Research Engineer,Mid,Medium,United Kingdom,158514.27
2020,Research Engineer,Mid,Medium,Canada,95589.83
2020,Research Engineer,Mid,Medium,Italy,87323.06
2020,Research Engineer,Mid,Medium,Singapore,97761.7
2020,Research Engineer,Mid,Medium,Germany,108980.56
2020,Research Engineer,Mid,Medium,Finland,66561.66
2020,Research Engineer,Mid,Large,United States,163589.6
2020,Research Engineer,Mid,Large,Australia,59471.105
2020,Research Engineer,Mid,Large,Netherlands,66489.54
2020,Research Engineer,Mid,Large,United Kingdom,95311.99
2020,Research Engineer,Mid,Large,Canada,75288.555
2020,Research Engineer,Mid,Large,Italy,69021.71
2020,Research Engineer,Mid,Large,Singapore,79966.46
2020,Research Engineer,Mid,Large,Germany,86276.305
2020,Research Engineer,Mid,Large,Finland,48260.273
2020,Research Engineer,Mid,Enterprise,United States,168034.92
2020,Research Engineer,Mid,Enterprise,Australia,63472.914
2020,Research Engineer,Mid,Enterprise,Netherlands,72081.98
2020,Research Engineer,Mid,Enterprise,United Kingdom,139012.58
2020,Research Engineer,Mid,Enterprise,Canada,80880.99
2020,Research Engineer,Mid,Enterprise,Italy,74614.15
2020,Research Engineer,Mid,Enterprise,Singapore,85558.9
2020,Research Engineer,Mid,Enterprise,Germany,90278.12
2020,Research Engineer,Mid,Enterprise,Finland,53852.72
2020,Research Engineer,Senior,Small,United States,179809.31
2020,Research Engineer,Senior,Small,Australia,117099.71
2020,Research Engineer,Senior,Small,Netherlands,132455.75
2020,Research Engineer,Senior,Small,United Kingdom,278448.3
2020,Research Engineer,Senior,Small,Canada,130975.49
2020,Research Engineer,Senior,Small,Italy,122111.06
2020,Research Engineer,Senior,Small,Singapore,146167.97
2020,Research Engineer,Senior,Small,Germany,152385.62
2020,Research Engineer,Senior,Small,Finland,111859.09
2020,Research Engineer,Senior,Medium,United States,197408.88
2020,Research Engineer,Senior,Medium,Australia,127210.29
2020,Research Engineer,Senior,Medium,Netherlands,148415.0
2020,Research Engineer,Senior,Medium,United Kingdom,295657.16
2020,Research Engineer,Senior,Medium,Canada,148566.64
2020,Research Engineer,Senior,Medium,Italy,138159.31
2020,Research Engineer,Senior,Medium,Singapore,162432.83
2020,Research Engineer,Senior,Medium,Germany,176240.28
2020,Research Engineer,Senior,Medium,Finland,127907.336
2020,Research Engineer,Senior,Large,United States,188675.98
2020,Research Engineer,Senior,Large,Australia,117321.32
2020,Research Engineer,Senior,Large,Netherlands,133029.19
2020,Research Engineer,Senior,Large,United Kingdom,250829.69
2020,Research Engineer,Senior,Large,Canada,131548.95
2020,Research Engineer,Senior,Large,Italy,123591.3
2020,Research Engineer,Senior,Large,Singapore,146741.42
2020,Research Engineer,Senior,Large,Germany,156006.39
2020,Research Engineer,Senior,Large,Finland,112432.53
2020,Research Engineer,Senior,Enterprise,United States,188817.14
2020,Research Engineer,Senior,Enterprise,Australia,119677.42
2020,Research Engineer,Senior,Enterprise,Netherlands,136976.02
2020,Research Engineer,Senior,Enterprise,United Kingdom,278448.3
2020,Research Engineer,Senior,Enterprise,Canada,135495.78
2020,Research Engineer,Senior,Enterprise,Italy,126631.3
2020,Research Engineer,Senior,Enterprise,Singapore,150688.25
2020,Research Engineer,Senior,Enterprise,Germany,158362.58
2020,Research Engineer,Senior,Enterprise,Finland,116379.4
2020,Research Engineer,Lead,Small,United States,211899.42
2020,Research Engineer,Lead,Small,Australia,141001.47
2020,Research Engineer,Lead,Small,Netherlands,148306.11
2020,Research Engineer,Lead,Small,United Kingdom,237650.12
2020,Research Engineer,Lead,Small,Canada,152203.27
2020,Research Engineer,Lead,Small,Italy,147791.5
2020,Research Engineer,Lead,Small,Singapore,169344.2
2020,Research Engineer,Lead,Small,Germany,170418.06
2020,Research Engineer,Lead,Small,Finland,128861.41
2020,Research Engineer,Lead,Medium,United States,225256.62
2020,Research Engineer,Lead,Medium,Australia,149386.0
2020,Research Engineer,Lead,Medium,Netherlands,162232.78
2020,Research Engineer,Lead,Medium,United Kingdom,252826.4
2020,Research Engineer,Lead,Medium,Canada,166597.12
2020,Research Engineer,Lead,Medium,Italy,161807.22
2020,Research Engineer,Lead,Medium,Singapore,183576.48
2020,Research Engineer,Lead,Medium,Germany,192008.12
2020,Research Engineer,Lead,Medium,Finland,142877.1
2020,Research Engineer,Lead,Large,United States,217892.25
2020,Research Engineer,Lead,Large,Australia,140752.06
2020,Research Engineer,Lead,Large,Netherlands,148408.53
2020,Research Engineer,Lead,Large,United Kingdom,206937.39
2020,Research Engineer,Lead,Large,Canada,152305.69
2020,Research Engineer,Lead,Large,Italy,148800.73
2020,Research Engineer,Lead,Large,Singapore,169446.62
2020,Research Engineer,Lead,Large,Germany,173567.83
2020,Research Engineer,Lead,Large,Finland,128963.83
2020,Research Engineer,Lead,Enterprise,United States,220392.72
2020,Research Engineer,Lead,Enterprise,Australia,143579.28
2020,Research Engineer,Lead,Enterprise,Netherlands,152826.39
2020,Research Engineer,Lead,Enterprise,United Kingdom,237650.12
2020,Research Engineer,Lead,Enterprise,Canada,156723.55
2020,Research Engineer,Lead,Enterprise,Italy,152311.78
2020,Research Engineer,Lead,Enterprise,Singapore,173864.48
2020,Research Engineer,Lead,Enterprise,Germany,176395.05
2020,Research Engineer,Lead,Enterprise,Finland,133381.67
2020,Software Engineer,Entry,Small,United States,75197.195
2020,Software Engineer,Entry,Small,Australia,89256.65
2020,Software Engineer,Entry,Small,Netherlands,59140.344
2020,Software Engineer,Entry,Small,United Kingdom,59981.938
2020,Software Engineer,Entry,Small,Canada,65631.64
2020,Software Engineer,Entry,Small,Italy,47942.58
2020,Software Engineer,Entry,Small,Singapore,64573.895
2020,Software Engineer,Entry,Small,Germany,57284.137
2020,Software Engineer,Entry,Small,Finland,38604.207
2020,Software Engineer,Entry,Medium,United States,65406.973
2020,Software Engineer,Entry,Medium,Australia,65101.918
2020,Software Engineer,Entry,Medium,Netherlands,47576.773
2020,Software Engineer,Entry,Medium,United Kingdom,45519.375
2020,Software Engineer,Entry,Medium,Canada,56934.89
2020,Software Engineer,Entry,Medium,Italy,36468.03
2020,Software Engineer,Entry,Medium,Singapore,51965.77
2020,Software Engineer,Entry,Medium,Germany,46155.344
2020,Software Engineer,Entry,Medium,Finland,27129.633
2020,Software Engineer,Entry,Large,United States,67711.34
2020,Software Engineer,Entry,Large,Australia,76321.69
2020,Software Engineer,Entry,Large,Netherlands,50675.0
2020,Software Engineer,Entry,Large,United Kingdom,54151.13
2020,Software Engineer,Entry,Large,Canada,57166.297
2020,Software Engineer,Entry,Large,Italy,40384.02
2020,Software Engineer,Entry,Large,Singapore,56108.535
2020,Software Engineer,Entry,Large,Germany,48818.793
2020,Software Engineer,Entry,Large,Finland,30138.836
2020,Software Engineer,Entry,Enterprise,United States,67432.67
2020,Software Engineer,Entry,Enterprise,Australia,76321.69
2020,Software Engineer,Entry,Enterprise,Netherlands,50675.0
2020,Software Engineer,Entry,Enterprise,United Kingdom,51516.594
2020,Software Engineer,Entry,Enterprise,Canada,57166.297
2020,Software Engineer,Entry,Enterprise,Italy,39477.234
2020,Software Engineer,Entry,Enterprise,Singapore,56108.535
2020,Software Engineer,Entry,Enterprise,Germany,48818.793
2020,Software Engineer,Entry,Enterprise,Finland,30138.836
2020,Software Engineer,Mid,Small,United States,95843.12
2020,Software Engineer,Mid,Small,Australia,96427.62
2020,Software Engineer,Mid,Small,Netherlands,83038.125
2020,Software Engineer,Mid,Small,United Kingdom,79092.68
2020,Software Engineer,Mid,Small,Canada,78517.19
2020,Software Engineer,Mid,Small,Italy,63482.22
2020,Software Engineer,Mid,Small,Singapore,75660.44
2020,Software Engineer,Mid,Small,Germany,69405.04
2020,Software Engineer,Mid,Small,Finland,49427.54
2020,Software Engineer,Mid,Medium,United States,92896.56
2020,Software Engineer,Mid,Medium,Australia,81098.19
2020,Software Engineer,Mid,Medium,Netherlands,80844.34
2020,Software Engineer,Mid,Medium,United Kingdom,72732.88
2020,Software Engineer,Mid,Medium,Canada,75264.24
2020,Software Engineer,Mid,Medium,Italy,57122.387
2020,Software Engineer,Mid,Medium,Singapore,68794.52
2020,Software Engineer,Mid,Medium,Germany,63390.957
2020,Software Engineer,Mid,Medium,Finland,43067.746
2020,Software Engineer,Mid,Large,United States,90420.68
2020,Software Engineer,Mid,Large,Australia,85945.61
2020,Software Engineer,Mid,Large,Netherlands,76636.18
2020,Software Engineer,Mid,Large,United Kingdom,72690.74
2020,Software Engineer,Mid,Large,Canada,73222.18
2020,Software Engineer,Mid,Large,Italy,57080.246
2020,Software Engineer,Mid,Large,Singapore,69258.49
2020,Software Engineer,Mid,Large,Germany,63003.08
2020,Software Engineer,Mid,Large,Finland,43025.625
2020,Software Engineer,Mid,Enterprise,United States,90141.99
2020,Software Engineer,Mid,Enterprise,Australia,85945.61
2020,Software Engineer,Mid,Enterprise,Netherlands,76636.18
2020,Software Engineer,Mid,Enterprise,United Kingdom,72690.74
2020,Software Engineer,Mid,Enterprise,Canada,73222.18
2020,Software Engineer,Mid,Enterprise,Italy,57080.246
2020,Software Engineer,Mid,Enterprise,Singapore,69258.49
2020,Software Engineer,Mid,Enterprise,Germany,63003.08
2020,Software Engineer,Mid,Enterprise,Finland,43025.625
2020,Software Engineer,Senior,Small,United States,125477.99
2020,Software Engineer,Senior,Small,Australia,121081.266
2020,Software Engineer,Senior,Small,Netherlands,99265.375
2020,Software Engineer,Senior,Small,United Kingdom,104548.92
2020,Software Engineer,Senior,Small,Canada,110499.26
2020,Software Engineer,Senior,Small,Italy,83735.29
2020,Software Engineer,Senior,Small,Singapore,108959.055
2020,Software Engineer,Senior,Small,Germany,95919.03
2020,Software Engineer,Senior,Small,Finland,74583.72
2020,Software Engineer,Senior,Medium,United States,118411.84
2020,Software Engineer,Senior,Medium,Australia,102599.27
2020,Software Engineer,Senior,Medium,Netherlands,89068.85
2020,Software Engineer,Senior,Medium,United Kingdom,94754.36
2020,Software Engineer,Senior,Medium,Canada,104369.72
2020,Software Engineer,Senior,Medium,Italy,73940.72
2020,Software Engineer,Senior,Medium,Singapore,99381.07
2020,Software Engineer,Senior,Medium,Germany,86826.37
2020,Software Engineer,Senior,Medium,Finland,64789.152
2020,Software Engineer,Senior,Large,United States,115652.805
2020,Software Engineer,Senior,Large,Australia,106160.58
2020,Software Engineer,Senior,Large,Netherlands,88988.25
2020,Software Engineer,Senior,Large,United Kingdom,94271.8
2020,Software Engineer,Senior,Large,Canada,101329.06
2020,Software Engineer,Senior,Large,Italy,74364.94
2020,Software Engineer,Senior,Large,Singapore,98681.92
2020,Software Engineer,Senior,Large,Germany,85641.9
2020,Software Engineer,Senior,Large,Finland,64306.59
2020,Software Engineer,Senior,Enterprise,United States,115200.89
2020,Software Engineer,Senior,Enterprise,Australia,106334.516
2020,Software Engineer,Senior,Enterprise,Netherlands,88988.25
2020,Software Engineer,Senior,Enterprise,United Kingdom,94271.8
2020,Software Engineer,Senior,Enterprise,Canada,101329.06
2020,Software Engineer,Senior,Enterprise,Italy,73458.16
2020,Software Engineer,Senior,Enterprise,Singapore,98681.92
2020,Software Engineer,Senior,Enterprise,Germany,85641.9
2020,Software Engineer,Senior,Enterprise,Finland,64306.59
2020,Software Engineer,Lead,Small,United States,157684.83
2020,Software Engineer,Lead,Small,Australia,165210.22
2020,Software Engineer,Lead,Small,Netherlands,139305.73
2020,Software Engineer,Lead,Small,United Kingdom,144771.6
2020,Software Engineer,Lead,Small,Canada,144725.77
2020,Software Engineer,Lead,Small,Italy,128976.92
2020,Software Engineer,Lead,Small,Singapore,154916.44
2020,Software Engineer,Lead,Small,Germany,136541.4
2020,Software Engineer,Lead,Small,Finland,115776.18
2020,Software Engineer,Lead,Medium,United States,148976.92
2020,Software Engineer,Lead,Medium,Australia,147284.28
2020,Software Engineer,Lead,Medium,Netherlands,129358.86
2020,Software Engineer,Lead,Medium,United Kingdom,135226.69
2020,Software Engineer,Lead,Medium,Canada,137681.17
2020,Software Engineer,Lead,Medium,Italy,119432.01
2020,Software Engineer,Lead,Medium,Singapore,145588.11
2020,Software Engineer,Lead,Medium,Germany,127466.39
2020,Software Engineer,Lead,Medium,Finland,106231.2
2020,Software Engineer,Lead,Large,United States,147609.3
2020,Software Engineer,Lead,Large,Australia,150664.88
2020,Software Engineer,Lead,Large,Netherlands,129403.97
2020,Software Engineer,Lead,Large,United Kingdom,134869.81
2020,Software Engineer,Lead,Large,Canada,135930.92
2020,Software Engineer,Lead,Large,Italy,119981.92
2020,Software Engineer,Lead,Large,Singapore,145014.66
2020,Software Engineer,Lead,Large,Germany,126639.625
2020,Software Engineer,Lead,Large,Finland,105874.34
2020,Software Engineer,Lead,Enterprise,United States,147969.3
2020,Software Engineer,Lead,Enterprise,Australia,150838.81
2020,Software Engineer,Lead,Enterprise,Netherlands,129403.97
2020,Software Engineer,Lead,Enterprise,United Kingdom,134869.81
2020,Software Engineer,Lead,Enterprise,Canada,135930.92
2020,Software Engineer,Lead,Enterprise,Italy,119075.14
2020,Software Engineer,Lead,Enterprise,Singapore,145014.66
2020,Software Engineer,Lead,Enterprise,Germany,126639.625
2020,Software Engineer,Lead,Enterprise,Finland,105874.34
2020,Research Scientist,Entry,Small,United States,98758.586
2020,Research Scientist,Entry,Small,Australia,81309.74
2020,Research Scientist,Entry,Small,Netherlands,73941.09
2020,Research Scientist,Entry,Small,United Kingdom,75057.44
2020,Research Scientist,Entry,Small,Canada,80954.03
2020,Research Scientist,Entry,Small,Italy,61354.645
2020,Research Scientist,Entry,Small,Singapore,87225.76
2020,Research Scientist,Entry,Small,Germany,71327.875
2020,Research Scientist,Entry,Small,Finland,46926.863
2020,Research Scientist,Entry,Medium,United States,114850.234
2020,Research Scientist,Entry,Medium,Australia,83994.73
2020,Research Scientist,Entry,Medium,Netherlands,78025.63
2020,Research Scientist,Entry,Medium,United Kingdom,80466.25
2020,Research Scientist,Entry,Medium,Canada,84827.55
2020,Research Scientist,Entry,Medium,Italy,63716.402
2020,Research Scientist,Entry,Medium,Singapore,88879.01
2020,Research Scientist,Entry,Medium,Germany,74035.36
2020,Research Scientist,Entry,Medium,Finland,49288.613
2020,Research Scientist,Entry,Large,United States,101757.5
2020,Research Scientist,Entry,Large,Australia,81309.74
2020,Research Scientist,Entry,Large,Netherlands,74098.2
2020,Research Scientist,Entry,Large,United Kingdom,75057.44
2020,Research Scientist,Entry,Large,Canada,81186.33
2020,Research Scientist,Entry,Large,Italy,62261.43
2020,Research Scientist,Entry,Large,Singapore,87254.21
2020,Research Scientist,Entry,Large,Germany,71327.875
2020,Research Scientist,Entry,Large,Finland,46926.863
2020,Research Scientist,Entry,Enterprise,United States,99813.914
2020,Research Scientist,Entry,Enterprise,Australia,81309.74
2020,Research Scientist,Entry,Enterprise,Netherlands,73941.09
2020,Research Scientist,Entry,Enterprise,United Kingdom,75401.69
2020,Research Scientist,Entry,Enterprise,Canada,80954.03
2020,Research Scientist,Entry,Enterprise,Italy,61354.645
2020,Research Scientist,Entry,Enterprise,Singapore,87205.086
2020,Research Scientist,Entry,Enterprise,Germany,71327.875
2020,Research Scientist,Entry,Enterprise,Finland,46926.863
2020,Research Scientist,Mid,Small,United States,129524.12
2020,Research Scientist,Mid,Small,Australia,100813.63
2020,Research Scientist,Mid,Small,Netherlands,93112.49
2020,Research Scientist,Mid,Small,United Kingdom,94900.79
2020,Research Scientist,Mid,Small,Canada,102894.484
2020,Research Scientist,Mid,Small,Italy,83342.29
2020,Research Scientist,Mid,Small,Singapore,107987.8
2020,Research Scientist,Mid,Small,Germany,90347.16
2020,Research Scientist,Mid,Small,Finland,64197.95
2020,Research Scientist,Mid,Medium,United States,139825.95
2020,Research Scientist,Mid,Medium,Australia,103505.305
2020,Research Scientist,Mid,Medium,Netherlands,96367.48
2020,Research Scientist,Mid,Medium,United Kingdom,99480.03
2020,Research Scientist,Mid,Medium,Canada,105758.48
2020,Research Scientist,Mid,Medium,Italy,84874.47
2020,Research Scientist,Mid,Medium,Singapore,109438.93
2020,Research Scientist,Mid,Medium,Germany,92225.086
2020,Research Scientist,Mid,Medium,Finland,65730.15
2020,Research Scientist,Mid,Large,United States,130858.234
2020,Research Scientist,Mid,Large,Australia,100813.63
2020,Research Scientist,Mid,Large,Netherlands,93269.6
2020,Research Scientist,Mid,Large,United Kingdom,94900.79
2020,Research Scientist,Mid,Large,Canada,103126.77
2020,Research Scientist,Mid,Large,Italy,83342.29
2020,Research Scientist,Mid,Large,Singapore,108016.25
2020,Research Scientist,Mid,Large,Germany,90347.16
2020,Research Scientist,Mid,Large,Finland,64197.95
2020,Research Scientist,Mid,Enterprise,United States,130579.56
2020,Research Scientist,Mid,Enterprise,Australia,100813.63
2020,Research Scientist,Mid,Enterprise,Netherlands,93112.49
2020,Research Scientist,Mid,Enterprise,United Kingdom,95245.04
2020,Research Scientist,Mid,Enterprise,Canada,102894.484
2020,Research Scientist,Mid,Enterprise,Italy,83342.29
2020,Research Scientist,Mid,Enterprise,Singapore,107967.12
2020,Research Scientist,Mid,Enterprise,Germany,90347.16
2020,Research Scientist,Mid,Enterprise,Finland,64197.95
2020,Research Scientist,Senior,Small,United States,168032.0
2020,Research Scientist,Senior,Small,Australia,131791.75
2020,Research Scientist,Senior,Small,Netherlands,122436.42
2020,Research Scientist,Senior,Small,United Kingdom,124810.42
2020,Research Scientist,Senior,Small,Canada,134555.14
2020,Research Scientist,Senior,Small,Italy,107526.62
2020,Research Scientist,Senior,Small,Singapore,143125.89
2020,Research Scientist,Senior,Small,Germany,119710.36
2020,Research Scientist,Senior,Small,Finland,91954.65
2020,Research Scientist,Senior,Medium,United States,176058.2
2020,Research Scientist,Senior,Medium,Australia,134464.8
2020,Research Scientist,Senior,Medium,Netherlands,126615.77
2020,Research Scientist,Senior,Medium,United Kingdom,133470.22
2020,Research Scientist,Senior,Medium,Canada,138554.55
2020,Research Scientist,Senior,Medium,Italy,109983.164
2020,Research Scientist,Senior,Medium,Singapore,144319.4
2020,Research Scientist,Senior,Medium,Germany,122868.81
2020,Research Scientist,Senior,Medium,Finland,94411.195
2020,Research Scientist,Senior,Large,United States,169539.27
2020,Research Scientist,Senior,Large,Australia,131617.81
2020,Research Scientist,Senior,Large,Netherlands,122593.53
2020,Research Scientist,Senior,Large,United Kingdom,124810.42
2020,Research Scientist,Senior,Large,Canada,134787.42
2020,Research Scientist,Senior,Large,Italy,108433.4
2020,Research Scientist,Senior,Large,Singapore,143154.34
2020,Research Scientist,Senior,Large,Germany,119710.36
2020,Research Scientist,Senior,Large,Finland,91954.65
2020,Research Scientist,Senior,Enterprise,United States,169087.34
2020,Research Scientist,Senior,Enterprise,Australia,131791.75
2020,Research Scientist,Senior,Enterprise,Netherlands,122436.42
2020,Research Scientist,Senior,Enterprise,United Kingdom,124810.42
2020,Research Scientist,Senior,Enterprise,Canada,134555.14
2020,Research Scientist,Senior,Enterprise,Italy,107526.62
2020,Research Scientist,Senior,Enterprise,Singapore,143105.2
2020,Research Scientist,Senior,Enterprise,Germany,119710.36
2020,Research Scientist,Senior,Enterprise,Finland,91954.65
2020,Research Scientist,Lead,Small,United States,209577.94
2020,Research Scientist,Lead,Small,Australia,182745.33
2020,Research Scientist,Lead,Small,Netherlands,169178.28
2020,Research Scientist,Lead,Small,United Kingdom,171295.27
2020,Research Scientist,Lead,Small,Canada,177492.06
2020,Research Scientist,Lead,Small,Italy,159031.39
2020,Research Scientist,Lead,Small,Singapore,195699.36
2020,Research Scientist,Lead,Small,Germany,167294.3
2020,Research Scientist,Lead,Small,Finland,140108.64
2020,Research Scientist,Lead,Medium,United States,220063.67
2020,Research Scientist,Lead,Medium,Australia,185010.42
2020,Research Scientist,Lead,Medium,Netherlands,172643.25
2020,Research Scientist,Lead,Medium,United Kingdom,179240.83
2020,Research Scientist,Lead,Medium,Canada,179612.4
2020,Research Scientist,Lead,Medium,Italy,160773.58
2020,Research Scientist,Lead,Medium,Singapore,196581.17
2020,Research Scientist,Lead,Medium,Germany,169506.36
2020,Research Scientist,Lead,Medium,Finland,141850.84
2020,Research Scientist,Lead,Large,United States,215884.81
2020,Research Scientist,Lead,Large,Australia,182571.39
2020,Research Scientist,Lead,Large,Netherlands,169335.39
2020,Research Scientist,Lead,Large,United Kingdom,171295.27
2020,Research Scientist,Lead,Large,Canada,177724.34
2020,Research Scientist,Lead,Large,Italy,159938.19
2020,Research Scientist,Lead,Large,Singapore,195727.81
2020,Research Scientist,Lead,Large,Germany,167294.3
2020,Research Scientist,Lead,Large,Finland,140108.64
2020,Research Scientist,Lead,Enterprise,United States,215884.81
2020,Research Scientist,Lead,Enterprise,Australia,182745.33
2020,Research Scientist,Lead,Enterprise,Netherlands,169178.28
2020,Research Scientist,Lead,Enterprise,United Kingdom,171295.27
2020,Research Scientist,Lead,Enterprise,Canada,177492.06
2020,Research Scientist,Lead,Enterprise,Italy,159031.39
2020,Research Scientist,Lead,Enterprise,Singapore,195678.67
2020,Research Scientist,Lead,Enterprise,Germany,167294.3
2020,Research Scientist,Lead,Enterprise,Finland,140108.64
2020,Solution Architect,Entry,Small,United States,85908.38
2020,Solution Architect,Entry,Small,Australia,71180.11
2020,Solution Architect,Entry,Small,Netherlands,63220.55
2020,Solution Architect,Entry,Small,United Kingdom,82116.484
2020,Solution Architect,Entry,Small,Canada,68654.09
2020,Solution Architect,Entry,Small,Italy,51858.703
2020,Solution Architect,Entry,Small,Singapore,74015.16
2020,Solution Architect,Entry,Small,Germany,61133.47
2020,Solution Architect,Entry,Small,Finland,41709.02
2020,Solution Architect,Entry,Medium,United States,85191.24
2020,Solution Architect,Entry,Medium,Australia,69802.7
2020,Solution Architect,Entry,Medium,Netherlands,61430.9
2020,Solution Architect,Entry,Medium,United Kingdom,80415.84
2020,Solution Architect,Entry,Medium,Canada,68917.64
2020,Solution Architect,Entry,Medium,Italy,50158.06
2020,Solution Architect,Entry,Medium,Singapore,71180.95
2020,Solution Architect,Entry,Medium,Germany,59778.58
2020,Solution Architect,Entry,Medium,Finland,40008.383
2020,Solution Architect,Entry,Large,United States,85861.41
2020,Solution Architect,Entry,Large,Australia,71017.555
2020,Solution Architect,Entry,Large,Netherlands,63057.996
2020,Solution Architect,Entry,Large,United Kingdom,81953.93
2020,Solution Architect,Entry,Large,Canada,68491.53
2020,Solution Architect,Entry,Large,Italy,52602.934
2020,Solution Architect,Entry,Large,Singapore,73852.6
2020,Solution Architect,Entry,Large,Germany,60970.914
2020,Solution Architect,Entry,Large,Finland,41546.465
2020,Solution Architect,Entry,Enterprise,United States,85908.38
2020,Solution Architect,Entry,Enterprise,Australia,71180.11
2020,Solution Architect,Entry,Enterprise,Netherlands,63220.55
2020,Solution Architect,Entry,Enterprise,United Kingdom,82116.484
2020,Solution Architect,Entry,Enterprise,Canada,68654.09
2020,Solution Architect,Entry,Enterprise,Italy,51858.703
2020,Solution Architect,Entry,Enterprise,Singapore,74015.16
2020,Solution Architect,Entry,Enterprise,Germany,61133.47
2020,Solution Architect,Entry,Enterprise,Finland,41709.02
2020,Solution Architect,Mid,Small,United States,117620.016
2020,Solution Architect,Mid,Small,Australia,89560.37
2020,Solution Architect,Mid,Small,Netherlands,80885.055
2020,Solution Architect,Mid,Small,United Kingdom,98767.0
2020,Solution Architect,Mid,Small,Canada,91450.32
2020,Solution Architect,Mid,Small,Italy,73779.84
2020,Solution Architect,Mid,Small,Singapore,94117.234
2020,Solution Architect,Mid,Small,Germany,79029.21
2020,Solution Architect,Mid,Small,Finland,58281.305
2020,Solution Architect,Mid,Medium,United States,121027.26
2020,Solution Architect,Mid,Medium,Australia,91414.67
2020,Solution Architect,Mid,Medium,Netherlands,81490.836
2020,Solution Architect,Mid,Medium,United Kingdom,99461.81
2020,Solution Architect,Mid,Medium,Canada,94145.055
2020,Solution Architect,Mid,Medium,Italy,74474.66
2020,Solution Architect,Mid,Medium,Singapore,94305.94
2020,Solution Architect,Mid,Medium,Germany,80069.77
2020,Solution Architect,Mid,Medium,Finland,58976.1
2020,Solution Architect,Mid,Large,United States,113199.55
2020,Solution Architect,Mid,Large,Australia,85412.98
2020,Solution Architect,Mid,Large,Netherlands,76737.664
2020,Solution Architect,Mid,Large,United Kingdom,95867.99
2020,Solution Architect,Mid,Large,Canada,87302.93
2020,Solution Architect,Mid,Large,Italy,69632.45
2020,Solution Architect,Mid,Large,Singapore,89969.84
2020,Solution Architect,Mid,Large,Germany,74881.82
2020,Solution Architect,Mid,Large,Finland,54133.887
2020,Solution Architect,Mid,Enterprise,United States,117620.016
2020,Solution Architect,Mid,Enterprise,Australia,89560.37
2020,Solution Architect,Mid,Enterprise,Netherlands,80885.055
2020,Solution Architect,Mid,Enterprise,United Kingdom,98767.0
2020,Solution Architect,Mid,Enterprise,Canada,91450.32
2020,Solution Architect,Mid,Enterprise,Italy,73779.84
2020,Solution Architect,Mid,Enterprise,Singapore,94117.234
2020,Solution Architect,Mid,Enterprise,Germany,79029.21
2020,Solution Architect,Mid,Enterprise,Finland,58281.305
2020,Solution Architect,Senior,Small,United States,163740.25
2020,Solution Architect,Senior,Small,Australia,128805.74
2020,Solution Architect,Senior,Small,Netherlands,119155.31
2020,Solution Architect,Senior,Small,United Kingdom,138512.08
2020,Solution Architect,Senior,Small,Canada,128703.45
2020,Solution Architect,Senior,Small,Italy,104779.445
2020,Solution Architect,Senior,Small,Singapore,134138.47
2020,Solution Architect,Senior,Small,Germany,115231.85
2020,Solution Architect,Senior,Small,Finland,94183.984
2020,Solution Architect,Senior,Medium,United States,166822.83
2020,Solution Architect,Senior,Medium,Australia,129376.42
2020,Solution Architect,Senior,Medium,Netherlands,119420.47
2020,Solution Architect,Senior,Medium,United Kingdom,138866.27
2020,Solution Architect,Senior,Medium,Canada,130600.4
2020,Solution Architect,Senior,Medium,Italy,105133.63
2020,Solution Architect,Senior,Medium,Singapore,134709.2
2020,Solution Architect,Senior,Medium,Germany,116287.945
2020,Solution Architect,Senior,Medium,Finland,94538.17
2020,Solution Architect,Senior,Large,United States,165309.7
2020,Solution Architect,Senior,Large,Australia,129912.445
2020,Solution Architect,Senior,Large,Netherlands,120435.95
2020,Solution Architect,Senior,Large,United Kingdom,139792.7
2020,Solution Architect,Senior,Large,Canada,129984.03
2020,Solution Architect,Senior,Large,Italy,106966.87
2020,Solution Architect,Senior,Large,Singapore,135419.03
2020,Solution Architect,Senior,Large,Germany,116512.49
2020,Solution Architect,Senior,Large,Finland,95464.625
2020,Solution Architect,Senior,Enterprise,United States,163740.25
2020,Solution Architect,Senior,Enterprise,Australia,128805.74
2020,Solution Architect,Senior,Enterprise,Netherlands,119155.31
2020,Solution Architect,Senior,Enterprise,United Kingdom,138512.08
2020,Solution Architect,Senior,Enterprise,Canada,128703.45
2020,Solution Architect,Senior,Enterprise,Italy,104779.445
2020,Solution Architect,Senior,Enterprise,Singapore,134138.47
2020,Solution Architect,Senior,Enterprise,Germany,115231.85
2020,Solution Architect,Senior,Enterprise,Finland,94183.984
2020,Solution Architect,Lead,Small,United States,190103.77
2020,Solution Architect,Lead,Small,Australia,163505.48
2020,Solution Architect,Lead,Small,Netherlands,149679.9
2020,Solution Architect,Lead,Small,United Kingdom,169133.72
2020,Solution Architect,Lead,Small,Canada,155953.78
2020,Solution Architect,Lead,Small,Italy,140505.31
2020,Solution Architect,Lead,Small,Singapore,171097.45
2020,Solution Architect,Lead,Small,Germany,148069.8
2020,Solution Architect,Lead,Small,Finland,125860.76
2020,Solution Architect,Lead,Medium,United States,190468.44
2020,Solution Architect,Lead,Medium,Australia,164256.88
2020,Solution Architect,Lead,Medium,Netherlands,149819.36
2020,Solution Architect,Lead,Medium,United Kingdom,169362.2
2020,Solution Architect,Lead,Medium,Canada,156560.42
2020,Solution Architect,Lead,Medium,Italy,140733.8
2020,Solution Architect,Lead,Medium,Singapore,171542.52
2020,Solution Architect,Lead,Medium,Germany,148768.16
2020,Solution Architect,Lead,Medium,Finland,126089.23
2020,Solution Architect,Lead,Large,United States,188903.55
2020,Solution Architect,Lead,Large,Australia,163168.98
2020,Solution Architect,Lead,Large,Netherlands,149517.34
2020,Solution Architect,Lead,Large,United Kingdom,168971.16
2020,Solution Architect,Lead,Large,Canada,155791.22
2020,Solution Architect,Lead,Large,Italy,141249.55
2020,Solution Architect,Lead,Large,Singapore,170934.89
2020,Solution Architect,Lead,Large,Germany,147907.23
2020,Solution Architect,Lead,Large,Finland,125698.2
2020,Solution Architect,Lead,Enterprise,United States,189589.22
2020,Solution Architect,Lead,Enterprise,Australia,163505.48
2020,Solution Architect,Lead,Enterprise,Netherlands,149679.9
2020,Solution Architect,Lead,Enterprise,United Kingdom,169133.72
2020,Solution Architect,Lead,Enterprise,Canada,155953.78
2020,Solution Architect,Lead,Enterprise,Italy,140505.31
2020,Solution Architect,Lead,Enterprise,Singapore,171097.45
2020,Solution Architect,Lead,Enterprise,Germany,148069.8
2020,Solution Architect,Lead,Enterprise,Finland,125860.76
2020,Software Architect,Entry,Small,United States,122371.39
2020,Software Architect,Entry,Small,Australia,103424.8
2020,Software Architect,Entry,Small,Netherlands,97802.88
2020,Software Architect,Entry,Small,United Kingdom,99166.46
2020,Software Architect,Entry,Small,Canada,102607.4
2020,Software Architect,Entry,Small,Italy,86440.95
2020,Software Architect,Entry,Small,Singapore,108489.87
2020,Software Architect,Entry,Small,Germany,95715.75
2020,Software Architect,Entry,Small,Finland,76291.29
2020,Software Architect,Entry,Medium,United States,128705.18
2020,Software Architect,Entry,Medium,Australia,108711.78
2020,Software Architect,Entry,Medium,Netherlands,103064.14
2020,Software Architect,Entry,Medium,United Kingdom,104516.75
2020,Software Architect,Entry,Medium,Canada,109921.875
2020,Software Architect,Entry,Medium,Italy,91791.26
2020,Software Architect,Entry,Medium,Singapore,112706.59
2020,Software Architect,Entry,Medium,Germany,101411.8
2020,Software Architect,Entry,Medium,Finland,81641.58
2020,Software Architect,Entry,Large,United States,111258.53
2020,Software Architect,Entry,Large,Australia,92033.25
2020,Software Architect,Entry,Large,Netherlands,86411.33
2020,Software Architect,Entry,Large,United Kingdom,87774.91
2020,Software Architect,Entry,Large,Canada,91443.85
2020,Software Architect,Entry,Large,Italy,75956.18
2020,Software Architect,Entry,Large,Singapore,97098.33
2020,Software Architect,Entry,Large,Germany,84324.2
2020,Software Architect,Entry,Large,Finland,64899.703
2020,Software Architect,Entry,Enterprise,United States,122371.39
2020,Software Architect,Entry,Enterprise,Australia,103424.8
2020,Software Architect,Entry,Enterprise,Netherlands,97802.88
2020,Software Architect,Entry,Enterprise,United Kingdom,99166.46
2020,Software Architect,Entry,Enterprise,Canada,102607.4
2020,Software Architect,Entry,Enterprise,Italy,86440.95
2020,Software Architect,Entry,Enterprise,Singapore,108489.87
2020,Software Architect,Entry,Enterprise,Germany,95715.75
2020,Software Architect,Entry,Enterprise,Finland,76291.29
2020,Software Architect,Mid,Small,United States,150083.75
2020,Software Architect,Mid,Small,Australia,121066.836
2020,Software Architect,Mid,Small,Netherlands,114927.836
2020,Software Architect,Mid,Small,United Kingdom,117052.945
2020,Software Architect,Mid,Small,Canada,120913.08
2020,Software Architect,Mid,Small,Italy,107822.625
2020,Software Architect,Mid,Small,Singapore,128052.53
2020,Software Architect,Mid,Small,Germany,112942.234
2020,Software Architect,Mid,Small,Finland,92324.086
2020,Software Architect,Mid,Medium,United States,158667.05
2020,Software Architect,Mid,Medium,Australia,127909.46
2020,Software Architect,Mid,Medium,Netherlands,120709.7
2020,Software Architect,Mid,Medium,United Kingdom,122923.84
2020,Software Architect,Mid,Medium,Canada,128783.9
2020,Software Architect,Mid,Medium,Italy,113693.52
2020,Software Architect,Mid,Medium,Singapore,133417.27
2020,Software Architect,Mid,Medium,Germany,119158.875
2020,Software Architect,Mid,Medium,Finland,98194.984
2020,Software Architect,Mid,Large,United States,138970.86
2020,Software Architect,Mid,Large,Australia,109675.29
2020,Software Architect,Mid,Large,Netherlands,103536.29
2020,Software Architect,Mid,Large,United Kingdom,105661.38
2020,Software Architect,Mid,Large,Canada,109749.55
2020,Software Architect,Mid,Large,Italy,96431.07
2020,Software Architect,Mid,Large,Singapore,116660.97
2020,Software Architect,Mid,Large,Germany,101550.68
2020,Software Architect,Mid,Large,Finland,80932.52
2020,Software Architect,Mid,Enterprise,United States,150083.75
2020,Software Architect,Mid,Enterprise,Australia,121066.836
2020,Software Architect,Mid,Enterprise,Netherlands,114927.836
2020,Software Architect,Mid,Enterprise,United Kingdom,117052.945
2020,Software Architect,Mid,Enterprise,Canada,120913.08
2020,Software Architect,Mid,Enterprise,Italy,107822.625
2020,Software Architect,Mid,Enterprise,Singapore,128052.53
2020,Software Architect,Mid,Enterprise,Germany,112942.234
2020,Software Architect,Mid,Enterprise,Finland,92324.086
2020,Software Architect,Senior,Small,United States,190414.77
2020,Software Architect,Senior,Small,Australia,150637.48
2020,Software Architect,Senior,Small,Netherlands,143462.6
2020,Software Architect,Senior,Small,United Kingdom,145263.11
2020,Software Architect,Senior,Small,Canada,154889.11
2020,Software Architect,Senior,Small,Italy,129086.84
2020,Software Architect,Senior,Small,Singapore,158613.17
2020,Software Architect,Senior,Small,Germany,141270.52
2020,Software Architect,Senior,Small,Finland,118491.48
2020,Software Architect,Senior,Medium,United States,198673.42
2020,Software Architect,Senior,Medium,Australia,155997.72
2020,Software Architect,Senior,Medium,Netherlands,148903.84
2020,Software Architect,Senior,Medium,United Kingdom,150793.39
2020,Software Architect,Senior,Medium,Canada,161962.27
2020,Software Architect,Senior,Medium,Italy,134617.03
2020,Software Architect,Senior,Medium,Singapore,164360.03
2020,Software Architect,Senior,Medium,Germany,147502.69
2020,Software Architect,Senior,Medium,Finland,124021.75
2020,Software Architect,Senior,Large,United States,179475.14
2020,Software Architect,Senior,Large,Australia,139071.98
2020,Software Architect,Senior,Large,Netherlands,132071.25
2020,Software Architect,Senior,Large,United Kingdom,133871.6
2020,Software Architect,Senior,Large,Canada,143725.58
2020,Software Architect,Senior,Large,Italy,118602.17
2020,Software Architect,Senior,Large,Singapore,147221.64
2020,Software Architect,Senior,Large,Germany,129879.125
2020,Software Architect,Senior,Large,Finland,107099.93
2020,Software Architect,Senior,Enterprise,United States,190414.77
2020,Software Architect,Senior,Enterprise,Australia,150637.48
2020,Software Architect,Senior,Enterprise,Netherlands,143462.6
2020,Software Architect,Senior,Enterprise,United Kingdom,145263.11
2020,Software Architect,Senior,Enterprise,Canada,154889.11
2020,Software Architect,Senior,Enterprise,Italy,129086.84
2020,Software Architect,Senior,Enterprise,Singapore,158613.17
2020,Software Architect,Senior,Enterprise,Germany,141270.52
2020,Software Architect,Senior,Enterprise,Finland,118491.48
2020,Software Architect,Lead,Small,United States,224978.39
2020,Software Architect,Lead,Small,Australia,194429.72
2020,Software Architect,Lead,Small,Netherlands,183140.45
2020,Software Architect,Lead,Small,United Kingdom,185067.28
2020,Software Architect,Lead,Small,Canada,188785.42
2020,Software Architect,Lead,Small,Italy,173965.86
2020,Software Architect,Lead,Small,Singapore,204725.23
2020,Software Architect,Lead,Small,Germany,181530.34
2020,Software Architect,Lead,Small,Finland,159321.2
2020,Software Architect,Lead,Medium,United States,230519.14
2020,Software Architect,Lead,Medium,Australia,200169.44
2020,Software Architect,Lead,Medium,Netherlands,188455.98
2020,Software Architect,Lead,Medium,United Kingdom,190471.84
2020,Software Architect,Lead,Medium,Canada,194568.14
2020,Software Architect,Lead,Medium,Italy,179370.42
2020,Software Architect,Lead,Medium,Singapore,210346.38
2020,Software Architect,Lead,Medium,Germany,187404.78
2020,Software Architect,Lead,Medium,Finland,164725.77
2020,Software Architect,Lead,Large,United States,212712.3
2020,Software Architect,Lead,Large,Australia,182864.23
2020,Software Architect,Lead,Large,Netherlands,171748.9
2020,Software Architect,Lead,Large,United Kingdom,173675.73
2020,Software Architect,Lead,Large,Canada,177621.89
2020,Software Architect,Lead,Large,Italy,163481.11
2020,Software Architect,Lead,Large,Singapore,193333.69
2020,Software Architect,Lead,Large,Germany,170138.8
2020,Software Architect,Lead,Large,Finland,147929.66
2020,Software Architect,Lead,Enterprise,United States,224463.84
2020,Software Architect,Lead,Enterprise,Australia,194429.72
2020,Software Architect,Lead,Enterprise,Netherlands,183140.45
2020,Software Architect,Lead,Enterprise,United Kingdom,185067.28
2020,Software Architect,Lead,Enterprise,Canada,188785.42
2020,Software Architect,Lead,Enterprise,Italy,173965.86
2020,Software Architect,Lead,Enterprise,Singapore,204725.23
2020,Software Architect,Lead,Enterprise,Germany,181530.34
2020,Software Architect,Lead,Enterprise,Finland,159321.2
2020,Database Engineer,Entry,Small,United States,81719.1
2020,Database Engineer,Entry,Small,Australia,64817.645
2020,Database Engineer,Entry,Small,Netherlands,57879.047
2020,Database Engineer,Entry,Small,United Kingdom,58841.906
2020,Database Engineer,Entry,Small,Canada,66828.8
2020,Database Engineer,Entry,Small,Italy,46517.2
2020,Database Engineer,Entry,Small,Singapore,68621.04
2020,Database Engineer,Entry,Small,Germany,55791.965
2020,Database Engineer,Entry,Small,Finland,36991.594
2020,Database Engineer,Entry,Medium,United States,83284.164
2020,Database Engineer,Entry,Medium,Australia,65722.47
2020,Database Engineer,Entry,Medium,Netherlands,58371.582
2020,Database Engineer,Entry,Medium,United Kingdom,59423.46
2020,Database Engineer,Entry,Medium,Canada,69374.55
2020,Database Engineer,Entry,Medium,Italy,47098.766
2020,Database Engineer,Entry,Medium,Singapore,68069.04
2020,Database Engineer,Entry,Medium,Germany,56719.285
2020,Database Engineer,Entry,Medium,Finland,37573.156
2020,Database Engineer,Entry,Large,United States,81997.78
2020,Database Engineer,Entry,Large,Australia,64817.645
2020,Database Engineer,Entry,Large,Netherlands,57879.047
2020,Database Engineer,Entry,Large,United Kingdom,58841.906
2020,Database Engineer,Entry,Large,Canada,66828.8
2020,Database Engineer,Entry,Large,Italy,47423.984
2020,Database Engineer,Entry,Large,Singapore,68621.04
2020,Database Engineer,Entry,Large,Germany,55791.965
2020,Database Engineer,Entry,Large,Finland,36991.594
2020,Database Engineer,Entry,Enterprise,United States,81719.1
2020,Database Engineer,Entry,Enterprise,Australia,64817.645
2020,Database Engineer,Entry,Enterprise,Netherlands,57879.047
2020,Database Engineer,Entry,Enterprise,United Kingdom,58841.906
2020,Database Engineer,Entry,Enterprise,Canada,66828.8
2020,Database Engineer,Entry,Enterprise,Italy,46517.2
2020,Database Engineer,Entry,Enterprise,Singapore,68621.04
2020,Database Engineer,Entry,Enterprise,Germany,55791.965
2020,Database Engineer,Entry,Enterprise,Finland,36991.594
2020,Database Engineer,Mid,Small,United States,103670.945
2020,Database Engineer,Mid,Small,Australia,78799.22
2020,Database Engineer,Mid,Small,Netherlands,71144.836
2020,Database Engineer,Mid,Small,United Kingdom,73897.49
2020,Database Engineer,Mid,Small,Canada,81275.21
2020,Database Engineer,Mid,Small,Italy,64039.637
2020,Database Engineer,Mid,Small,Singapore,84324.41
2020,Database Engineer,Mid,Small,Germany,69288.99
2020,Database Engineer,Mid,Small,Finland,49165.11
2020,Database Engineer,Mid,Medium,United States,107485.55
2020,Database Engineer,Mid,Medium,Australia,81060.88
2020,Database Engineer,Mid,Medium,Netherlands,72157.98
2020,Database Engineer,Mid,Medium,United Kingdom,74999.664
2020,Database Engineer,Mid,Medium,Canada,84377.305
2020,Database Engineer,Mid,Medium,Italy,65141.805
2020,Database Engineer,Mid,Medium,Singapore,84920.47
2020,Database Engineer,Mid,Medium,Germany,70736.914
2020,Database Engineer,Mid,Medium,Finland,50267.277
2020,Database Engineer,Mid,Large,United States,103949.625
2020,Database Engineer,Mid,Large,Australia,78799.22
2020,Database Engineer,Mid,Large,Netherlands,71144.836
2020,Database Engineer,Mid,Large,United Kingdom,73897.49
2020,Database Engineer,Mid,Large,Canada,81275.21
2020,Database Engineer,Mid,Large,Italy,64039.637
2020,Database Engineer,Mid,Large,Singapore,84324.41
2020,Database Engineer,Mid,Large,Germany,69288.99
2020,Database Engineer,Mid,Large,Finland,49165.11
2020,Database Engineer,Mid,Enterprise,United States,103670.945
2020,Database Engineer,Mid,Enterprise,Australia,78799.22
2020,Database Engineer,Mid,Enterprise,Netherlands,71144.836
2020,Database Engineer,Mid,Enterprise,United Kingdom,73897.49
2020,Database Engineer,Mid,Enterprise,Canada,81275.21
2020,Database Engineer,Mid,Enterprise,Italy,64039.637
2020,Database Engineer,Mid,Enterprise,Singapore,84324.41
2020,Database Engineer,Mid,Enterprise,Germany,69288.99
2020,Database Engineer,Mid,Enterprise,Finland,49165.11
2020,Database Engineer,Senior,Small,United States,149462.66
2020,Database Engineer,Senior,Small,Australia,111631.71
2020,Database Engineer,Senior,Small,Netherlands,103002.21
2020,Database Engineer,Senior,Small,United Kingdom,104401.92
2020,Database Engineer,Senior,Small,Canada,118573.805
2020,Database Engineer,Senior,Small,Italy,88626.34
2020,Database Engineer,Senior,Small,Singapore,117932.875
2020,Database Engineer,Senior,Small,Germany,100810.086
2020,Database Engineer,Senior,Small,Finland,78654.95
2020,Database Engineer,Senior,Medium,United States,152952.6
2020,Database Engineer,Senior,Medium,Australia,112609.75
2020,Database Engineer,Senior,Medium,Netherlands,103674.73
2020,Database Engineer,Senior,Medium,United Kingdom,105163.47
2020,Database Engineer,Senior,Medium,Canada,120878.23
2020,Database Engineer,Senior,Medium,Italy,89387.89
2020,Database Engineer,Senior,Medium,Singapore,118911.01
2020,Database Engineer,Senior,Medium,Germany,102273.54
2020,Database Engineer,Senior,Medium,Finland,79416.5
2020,Database Engineer,Senior,Large,United States,149914.58
2020,Database Engineer,Senior,Large,Australia,111457.77
2020,Database Engineer,Senior,Large,Netherlands,103002.21
2020,Database Engineer,Senior,Large,United Kingdom,104401.92
2020,Database Engineer,Senior,Large,Canada,118573.805
2020,Database Engineer,Senior,Large,Italy,89533.125
2020,Database Engineer,Senior,Large,Singapore,117932.875
2020,Database Engineer,Senior,Large,Germany,100810.086
2020,Database Engineer,Senior,Large,Finland,78654.95
2020,Database Engineer,Senior,Enterprise,United States,149462.66
2020,Database Engineer,Senior,Enterprise,Australia,111631.71
2020,Database Engineer,Senior,Enterprise,Netherlands,103002.21
2020,Database Engineer,Senior,Enterprise,United Kingdom,104401.92
2020,Database Engineer,Senior,Enterprise,Canada,118573.805
2020,Database Engineer,Senior,Enterprise,Italy,88626.34
2020,Database Engineer,Senior,Enterprise,Singapore,117932.875
2020,Database Engineer,Senior,Enterprise,Germany,100810.086
2020,Database Engineer,Senior,Enterprise,Finland,78654.95
2020,Database Engineer,Lead,Small,United States,183142.94
2020,Database Engineer,Lead,Small,Australia,154838.22
2020,Database Engineer,Lead,Small,Netherlands,142033.58
2020,Database Engineer,Lead,Small,United Kingdom,143559.66
2020,Database Engineer,Lead,Small,Canada,151823.67
2020,Database Engineer,Lead,Small,Italy,132858.98
2020,Database Engineer,Lead,Small,Singapore,163398.53
2020,Database Engineer,Lead,Small,Germany,140423.47
2020,Database Engineer,Lead,Small,Finland,118838.375
2020,Database Engineer,Lead,Medium,United States,183914.97
2020,Database Engineer,Lead,Medium,Australia,155996.97
2020,Database Engineer,Lead,Medium,Netherlands,142580.39
2020,Database Engineer,Lead,Medium,United Kingdom,144195.5
2020,Database Engineer,Lead,Medium,Canada,152837.67
2020,Database Engineer,Lead,Medium,Italy,133494.83
2020,Database Engineer,Lead,Medium,Singapore,164250.95
2020,Database Engineer,Lead,Medium,Germany,141529.19
2020,Database Engineer,Lead,Medium,Finland,119474.22
2020,Database Engineer,Lead,Large,United States,182268.39
2020,Database Engineer,Lead,Large,Australia,154664.28
2020,Database Engineer,Lead,Large,Netherlands,142033.58
2020,Database Engineer,Lead,Large,United Kingdom,143559.66
2020,Database Engineer,Lead,Large,Canada,151823.67
2020,Database Engineer,Lead,Large,Italy,133765.78
2020,Database Engineer,Lead,Large,Singapore,163398.53
2020,Database Engineer,Lead,Large,Germany,140423.47
2020,Database Engineer,Lead,Large,Finland,118838.375
2020,Database Engineer,Lead,Enterprise,United States,182628.39
2020,Database Engineer,Lead,Enterprise,Australia,154838.22
2020,Database Engineer,Lead,Enterprise,Netherlands,142033.58
2020,Database Engineer,Lead,Enterprise,United Kingdom,143559.66
2020,Database Engineer,Lead,Enterprise,Canada,151823.67
2020,Database Engineer,Lead,Enterprise,Italy,132858.98
2020,Database Engineer,Lead,Enterprise,Singapore,163398.53
2020,Database Engineer,Lead,Enterprise,Germany,140423.47
2020,Database Engineer,Lead,Enterprise,Finland,118838.375
2020,Data Scientist,Entry,Small,United States,88577.61
2020,Data Scientist,Entry,Small,Australia,69928.9
2020,Data Scientist,Entry,Small,Netherlands,62603.31
2020,Data Scientist,Entry,Small,United Kingdom,63317.0
2020,Data Scientist,Entry,Small,Canada,68770.234
2020,Data Scientist,Entry,Small,Italy,55500.98
2020,Data Scientist,Entry,Small,Singapore,72390.76
2020,Data Scientist,Entry,Small,Germany,61078.73
2020,Data Scientist,Entry,Small,Finland,41059.04
2020,Data Scientist,Entry,Medium,United States,89828.66
2020,Data Scientist,Entry,Medium,Australia,70519.68
2020,Data Scientist,Entry,Medium,Netherlands,63180.344
2020,Data Scientist,Entry,Medium,United Kingdom,63584.58
2020,Data Scientist,Entry,Medium,Canada,73166.875
2020,Data Scientist,Entry,Medium,Italy,55768.52
2020,Data Scientist,Entry,Medium,Singapore,71615.58
2020,Data Scientist,Entry,Medium,Germany,61692.023
2020,Data Scientist,Entry,Medium,Finland,41326.58
2020,Data Scientist,Entry,Large,United States,89504.83
2020,Data Scientist,Entry,Large,Australia,69950.65
2020,Data Scientist,Entry,Large,Netherlands,63001.82
2020,Data Scientist,Entry,Large,United Kingdom,63338.75
2020,Data Scientist,Entry,Large,Canada,68791.984
2020,Data Scientist,Entry,Large,Italy,55522.73
2020,Data Scientist,Entry,Large,Singapore,72390.76
2020,Data Scientist,Entry,Large,Germany,61100.48
2020,Data Scientist,Entry,Large,Finland,41080.79
2020,Data Scientist,Entry,Enterprise,United States,88577.61
2020,Data Scientist,Entry,Enterprise,Australia,69928.9
2020,Data Scientist,Entry,Enterprise,Netherlands,63001.82
2020,Data Scientist,Entry,Enterprise,United Kingdom,63317.0
2020,Data Scientist,Entry,Enterprise,Canada,68770.234
2020,Data Scientist,Entry,Enterprise,Italy,55500.98
2020,Data Scientist,Entry,Enterprise,Singapore,72390.76
2020,Data Scientist,Entry,Enterprise,Germany,61078.73
2020,Data Scientist,Entry,Enterprise,Finland,41059.04
2020,Data Scientist,Mid,Small,United States,116078.11
2020,Data Scientist,Mid,Small,Australia,87515.58
2020,Data Scientist,Mid,Small,Netherlands,79831.19
2020,Data Scientist,Mid,Small,United Kingdom,80678.2
2020,Data Scientist,Mid,Small,Canada,86593.63
2020,Data Scientist,Mid,Small,Italy,74921.0
2020,Data Scientist,Mid,Small,Singapore,90939.02
2020,Data Scientist,Mid,Small,Germany,78180.914
2020,Data Scientist,Mid,Small,Finland,54527.48
2020,Data Scientist,Mid,Medium,United States,119578.695
2020,Data Scientist,Mid,Medium,Australia,89463.23
2020,Data Scientist,Mid,Medium,Netherlands,80928.82
2020,Data Scientist,Mid,Medium,United Kingdom,81466.36
2020,Data Scientist,Mid,Medium,Canada,89381.71
2020,Data Scientist,Mid,Medium,Italy,75709.16
2020,Data Scientist,Mid,Medium,Singapore,91311.91
2020,Data Scientist,Mid,Medium,Germany,79314.82
2020,Data Scientist,Mid,Medium,Finland,55315.637
2020,Data Scientist,Mid,Large,United States,117005.33
2020,Data Scientist,Mid,Large,Australia,87537.33
2020,Data Scientist,Mid,Large,Netherlands,80229.695
2020,Data Scientist,Mid,Large,United Kingdom,80699.95
2020,Data Scientist,Mid,Large,Canada,86615.38
2020,Data Scientist,Mid,Large,Italy,73094.8
2020,Data Scientist,Mid,Large,Singapore,90939.02
2020,Data Scientist,Mid,Large,Germany,78202.664
2020,Data Scientist,Mid,Large,Finland,54549.23
2020,Data Scientist,Mid,Enterprise,United States,116078.11
2020,Data Scientist,Mid,Enterprise,Australia,87515.58
2020,Data Scientist,Mid,Enterprise,Netherlands,80229.695
2020,Data Scientist,Mid,Enterprise,United Kingdom,80678.2
2020,Data Scientist,Mid,Enterprise,Canada,86593.63
2020,Data Scientist,Mid,Enterprise,Italy,74921.0
2020,Data Scientist,Mid,Enterprise,Singapore,90939.02
2020,Data Scientist,Mid,Enterprise,Germany,78180.914
2020,Data Scientist,Mid,Enterprise,Finland,54527.48
2020,Data Scientist,Senior,Small,United States,156726.9
2020,Data Scientist,Senior,Small,Australia,118003.56
2020,Data Scientist,Senior,Small,Netherlands,108857.79
2020,Data Scientist,Senior,Small,United Kingdom,110137.65
2020,Data Scientist,Senior,Small,Canada,121775.875
2020,Data Scientist,Senior,Small,Italy,103158.44
2020,Data Scientist,Senior,Small,Singapore,123410.0
2020,Data Scientist,Senior,Small,Germany,107197.586
2020,Data Scientist,Senior,Small,Finland,83983.04
2020,Data Scientist,Senior,Medium,United States,159809.48
2020,Data Scientist,Senior,Medium,Australia,118574.24
2020,Data Scientist,Senior,Medium,Netherlands,109521.45
2020,Data Scientist,Senior,Medium,United Kingdom,110491.836
2020,Data Scientist,Senior,Medium,Canada,123672.94
2020,Data Scientist,Senior,Medium,Italy,103512.625
2020,Data Scientist,Senior,Medium,Singapore,124071.61
2020,Data Scientist,Senior,Medium,Germany,108253.68
2020,Data Scientist,Senior,Medium,Finland,84337.23
2020,Data Scientist,Senior,Large,United States,158586.12
2020,Data Scientist,Senior,Large,Australia,117851.375
2020,Data Scientist,Senior,Large,Netherlands,109256.3
2020,Data Scientist,Senior,Large,United Kingdom,110159.4
2020,Data Scientist,Senior,Large,Canada,121797.625
2020,Data Scientist,Senior,Large,Italy,101332.234
2020,Data Scientist,Senior,Large,Singapore,123410.0
2020,Data Scientist,Senior,Large,Germany,107219.336
2020,Data Scientist,Senior,Large,Finland,84004.79
2020,Data Scientist,Senior,Enterprise,United States,156726.9
2020,Data Scientist,Senior,Enterprise,Australia,118003.56
2020,Data Scientist,Senior,Enterprise,Netherlands,109256.3
2020,Data Scientist,Senior,Enterprise,United Kingdom,110137.65
2020,Data Scientist,Senior,Enterprise,Canada,121775.875
2020,Data Scientist,Senior,Enterprise,Italy,103158.44
2020,Data Scientist,Senior,Enterprise,Singapore,123410.0
2020,Data Scientist,Senior,Enterprise,Germany,107197.586
2020,Data Scientist,Senior,Enterprise,Finland,83983.04
2020,Data Scientist,Lead,Small,United States,190304.78
2020,Data Scientist,Lead,Small,Australia,160242.62
2020,Data Scientist,Lead,Small,Netherlands,147252.33
2020,Data Scientist,Lead,Small,United Kingdom,148387.3
2020,Data Scientist,Lead,Small,Canada,153663.31
2020,Data Scientist,Lead,Small,Italy,142770.14
2020,Data Scientist,Lead,Small,Singapore,167179.67
2020,Data Scientist,Lead,Small,Germany,146050.27
2020,Data Scientist,Lead,Small,Finland,123605.58
2020,Data Scientist,Lead,Medium,United States,190762.81
2020,Data Scientist,Lead,Medium,Australia,161087.38
2020,Data Scientist,Lead,Medium,Netherlands,147883.66
2020,Data Scientist,Lead,Medium,United Kingdom,148709.14
2020,Data Scientist,Lead,Medium,Canada,154363.31
2020,Data Scientist,Lead,Medium,Italy,143091.98
2020,Data Scientist,Lead,Medium,Singapore,167808.94
2020,Data Scientist,Lead,Medium,Germany,146841.98
2020,Data Scientist,Lead,Medium,Finland,123927.39
2020,Data Scientist,Lead,Large,United States,190078.78
2020,Data Scientist,Lead,Large,Australia,160090.44
2020,Data Scientist,Lead,Large,Netherlands,147650.84
2020,Data Scientist,Lead,Large,United Kingdom,148409.05
2020,Data Scientist,Lead,Large,Canada,153685.06
2020,Data Scientist,Lead,Large,Italy,140943.94
2020,Data Scientist,Lead,Large,Singapore,167179.67
2020,Data Scientist,Lead,Large,Germany,146072.02
2020,Data Scientist,Lead,Large,Finland,123627.33
2020,Data Scientist,Lead,Enterprise,United States,189790.23
2020,Data Scientist,Lead,Enterprise,Australia,160242.62
2020,Data Scientist,Lead,Enterprise,Netherlands,147650.84
2020,Data Scientist,Lead,Enterprise,United Kingdom,148387.3
2020,Data Scientist,Lead,Enterprise,Canada,153663.31
2020,Data Scientist,Lead,Enterprise,Italy,142770.14
2020,Data Scientist,Lead,Enterprise,Singapore,167179.67
2020,Data Scientist,Lead,Enterprise,Germany,146050.27
2020,Data Scientist,Lead,Enterprise,Finland,123605.58
2020,Data Engineer,Entry,Small,United States,77556.0
2020,Data Engineer,Entry,Small,Australia,64516.363
2020,Data Engineer,Entry,Small,Netherlands,49586.93
2020,Data Engineer,Entry,Small,United Kingdom,53426.15
2020,Data Engineer,Entry,Small,Canada,57857.387
2020,Data Engineer,Entry,Small,Italy,38032.92
2020,Data Engineer,Entry,Small,Singapore,54518.082
2020,Data Engineer,Entry,Small,Germany,49778.42
2020,Data Engineer,Entry,Small,Finland,34490.08
2020,Data Engineer,Entry,Medium,United States,87917.27
2020,Data Engineer,Entry,Medium,Australia,72955.89
2020,Data Engineer,Entry,Medium,Netherlands,57320.527
2020,Data Engineer,Entry,Medium,United Kingdom,57955.434
2020,Data Engineer,Entry,Medium,Canada,79213.83
2020,Data Engineer,Entry,Medium,Italy,44413.11
2020,Data Engineer,Entry,Medium,Singapore,61207.152
2020,Data Engineer,Entry,Medium,Germany,57946.805
2020,Data Engineer,Entry,Medium,Finland,42312.707
2020,Data Engineer,Entry,Large,United States,84910.26
2020,Data Engineer,Entry,Large,Australia,68010.41
2020,Data Engineer,Entry,Large,Netherlands,53763.105
2020,Data Engineer,Entry,Large,United Kingdom,55550.16
2020,Data Engineer,Entry,Large,Canada,67453.586
2020,Data Engineer,Entry,Large,Italy,43115.883
2020,Data Engineer,Entry,Large,Singapore,58694.273
2020,Data Engineer,Entry,Large,Germany,53954.598
2020,Data Engineer,Entry,Large,Finland,38666.26
2020,Data Engineer,Entry,Enterprise,United States,81892.99
2020,Data Engineer,Entry,Enterprise,Australia,68171.23
2020,Data Engineer,Entry,Enterprise,Netherlands,53923.93
2020,Data Engineer,Entry,Enterprise,United Kingdom,55710.977
2020,Data Engineer,Entry,Enterprise,Canada,67614.414
2020,Data Engineer,Entry,Enterprise,Italy,42369.92
2020,Data Engineer,Entry,Enterprise,Singapore,58855.098
2020,Data Engineer,Entry,Enterprise,Germany,54115.42
2020,Data Engineer,Entry,Enterprise,Finland,38827.08
2020,Data Engineer,Mid,Small,United States,99618.55
2020,Data Engineer,Mid,Small,Australia,76659.195
2020,Data Engineer,Mid,Small,Netherlands,62456.15
2020,Data Engineer,Mid,Small,United Kingdom,69448.74
2020,Data Engineer,Mid,Small,Canada,74980.1
2020,Data Engineer,Mid,Small,Italy,55158.82
2020,Data Engineer,Mid,Small,Singapore,69824.99
2020,Data Engineer,Mid,Small,Germany,64817.973
2020,Data Engineer,Mid,Small,Finland,43776.68
2020,Data Engineer,Mid,Medium,United States,116120.2
2020,Data Engineer,Mid,Medium,Australia,90894.37
2020,Data Engineer,Mid,Medium,Netherlands,75149.195
2020,Data Engineer,Mid,Medium,United Kingdom,76548.73
2020,Data Engineer,Mid,Medium,Canada,103270.32
2020,Data Engineer,Mid,Medium,Italy,66498.43
2020,Data Engineer,Mid,Medium,Singapore,82100.92
2020,Data Engineer,Mid,Medium,Germany,76006.71
2020,Data Engineer,Mid,Medium,Finland,56558.707
2020,Data Engineer,Mid,Large,United States,110593.26
2020,Data Engineer,Mid,Large,Australia,83435.75
2020,Data Engineer,Mid,Large,Netherlands,70252.81
2020,Data Engineer,Mid,Large,United Kingdom,73233.33
2020,Data Engineer,Mid,Large,Canada,88196.69
2020,Data Engineer,Mid,Large,Italy,62955.406
2020,Data Engineer,Mid,Large,Singapore,77621.62
2020,Data Engineer,Mid,Large,Germany,70675.54
2020,Data Engineer,Mid,Large,Finland,51573.29
2020,Data Engineer,Mid,Enterprise,United States,107552.914
2020,Data Engineer,Mid,Enterprise,Australia,83911.4
2020,Data Engineer,Mid,Enterprise,Netherlands,70390.555
2020,Data Engineer,Mid,Enterprise,United Kingdom,73371.08
2020,Data Engineer,Mid,Enterprise,Canada,88334.44
2020,Data Engineer,Mid,Enterprise,Italy,63093.156
2020,Data Engineer,Mid,Enterprise,Singapore,77759.36
2020,Data Engineer,Mid,Enterprise,Germany,70813.29
2020,Data Engineer,Mid,Enterprise,Finland,51711.035
2020,Data Engineer,Senior,Small,United States,141274.48
2020,Data Engineer,Senior,Small,Australia,109474.19
2020,Data Engineer,Senior,Small,Netherlands,90321.22
2020,Data Engineer,Senior,Small,United Kingdom,97035.32
2020,Data Engineer,Senior,Small,Canada,107786.25
2020,Data Engineer,Senior,Small,Italy,76397.305
2020,Data Engineer,Senior,Small,Singapore,94472.625
2020,Data Engineer,Senior,Small,Germany,92346.76
2020,Data Engineer,Senior,Small,Finland,68311.5
2020,Data Engineer,Senior,Medium,United States,154879.33
2020,Data Engineer,Senior,Medium,Australia,121674.305
2020,Data Engineer,Senior,Medium,Netherlands,101922.17
2020,Data Engineer,Senior,Medium,United Kingdom,102453.07
2020,Data Engineer,Senior,Medium,Canada,132588.48
2020,Data Engineer,Senior,Medium,Italy,86644.85
2020,Data Engineer,Senior,Medium,Singapore,106379.195
2020,Data Engineer,Senior,Medium,Germany,102799.56
2020,Data Engineer,Senior,Medium,Finland,80001.484
2020,Data Engineer,Senior,Large,United States,153824.66
2020,Data Engineer,Senior,Large,Australia,117816.914
2020,Data Engineer,Senior,Large,Netherlands,99520.05
2020,Data Engineer,Senior,Large,United Kingdom,101631.945
2020,Data Engineer,Senior,Large,Canada,122405.04
2020,Data Engineer,Senior,Large,Italy,86502.914
2020,Data Engineer,Senior,Large,Singapore,103671.45
2020,Data Engineer,Senior,Large,Germany,99606.51
2020,Data Engineer,Senior,Large,Finland,77510.33
2020,Data Engineer,Senior,Enterprise,United States,150611.05
2020,Data Engineer,Senior,Enterprise,Australia,118128.6
2020,Data Engineer,Senior,Enterprise,Netherlands,99657.8
2020,Data Engineer,Senior,Enterprise,United Kingdom,101769.69
2020,Data Engineer,Senior,Enterprise,Canada,122542.79
2020,Data Engineer,Senior,Enterprise,Italy,85733.88
2020,Data Engineer,Senior,Enterprise,Singapore,103809.2
2020,Data Engineer,Senior,Enterprise,Germany,99744.25
2020,Data Engineer,Senior,Enterprise,Finland,77648.08
2020,Data Engineer,Lead,Small,United States,170873.58
2020,Data Engineer,Lead,Small,Australia,149877.02
2020,Data Engineer,Lead,Small,Netherlands,127881.875
2020,Data Engineer,Lead,Small,United Kingdom,135266.27
2020,Data Engineer,Lead,Small,Canada,137490.08
2020,Data Engineer,Lead,Small,Italy,118515.11
2020,Data Engineer,Lead,Small,Singapore,142187.5
2020,Data Engineer,Lead,Small,Germany,130489.42
2020,Data Engineer,Lead,Small,Finland,107986.93
2020,Data Engineer,Lead,Medium,United States,182511.98
2020,Data Engineer,Lead,Medium,Australia,163009.31
2020,Data Engineer,Lead,Medium,Netherlands,140108.56
2020,Data Engineer,Lead,Medium,United Kingdom,141309.78
2020,Data Engineer,Lead,Medium,Canada,161753.52
2020,Data Engineer,Lead,Medium,Italy,129388.39
2020,Data Engineer,Lead,Medium,Singapore,154719.83
2020,Data Engineer,Lead,Medium,Germany,141335.92
2020,Data Engineer,Lead,Medium,Finland,120302.67
2020,Data Engineer,Lead,Large,United States,180695.1
2020,Data Engineer,Lead,Large,Australia,156817.55
2020,Data Engineer,Lead,Large,Netherlands,135678.47
2020,Data Engineer,Lead,Large,United Kingdom,138460.67
2020,Data Engineer,Lead,Large,Canada,150706.64
2020,Data Engineer,Lead,Large,Italy,127218.54
2020,Data Engineer,Lead,Large,Singapore,149984.12
2020,Data Engineer,Lead,Large,Germany,136346.92
2020,Data Engineer,Lead,Large,Finland,115783.586
2020,Data Engineer,Lead,Enterprise,United States,178293.4
2020,Data Engineer,Lead,Enterprise,Australia,157129.23
2020,Data Engineer,Lead,Enterprise,Netherlands,135816.22
2020,Data Engineer,Lead,Enterprise,United Kingdom,138598.42
2020,Data Engineer,Lead,Enterprise,Canada,150844.39
2020,Data Engineer,Lead,Enterprise,Italy,126449.51
2020,Data Engineer,Lead,Enterprise,Singapore,150121.88
2020,Data Engineer,Lead,Enterprise,Germany,136484.67
2020,Data Engineer,Lead,Enterprise,Finland,115921.33
2020,Data Analyst,Entry,Small,United States,61187.855
2020,Data Analyst,Entry,Small,Australia,51550.363
2020,Data Analyst,Entry,Small,Netherlands,47255.04
2020,Data Analyst,Entry,Small,United Kingdom,48421.777
2020,Data Analyst,Entry,Small,Canada,51150.1
2020,Data Analyst,Entry,Small,Italy,36162.523
2020,Data Analyst,Entry,Small,Singapore,53680.445
2020,Data Analyst,Entry,Small,Germany,46400.207
2020,Data Analyst,Entry,Small,Finland,33757.297
2020,Data Analyst,Entry,Medium,United States,65014.348
2020,Data Analyst,Entry,Medium,Australia,54152.613
2020,Data Analyst,Entry,Medium,Netherlands,47663.168
2020,Data Analyst,Entry,Medium,United Kingdom,50899.246
2020,Data Analyst,Entry,Medium,Canada,54019.074
2020,Data Analyst,Entry,Medium,Italy,37195.098
2020,Data Analyst,Entry,Medium,Singapore,54662.695
2020,Data Analyst,Entry,Medium,Germany,47778.535
2020,Data Analyst,Entry,Medium,Finland,34789.87
2020,Data Analyst,Entry,Large,United States,63402.49
2020,Data Analyst,Entry,Large,Australia,51550.363
2020,Data Analyst,Entry,Large,Netherlands,47089.797
2020,Data Analyst,Entry,Large,United Kingdom,48674.312
2020,Data Analyst,Entry,Large,Canada,50878.35
2020,Data Analyst,Entry,Large,Italy,37069.31
2020,Data Analyst,Entry,Large,Singapore,54644.348
2020,Data Analyst,Entry,Large,Germany,46400.207
2020,Data Analyst,Entry,Large,Finland,33757.297
2020,Data Analyst,Entry,Enterprise,United States,63056.41
2020,Data Analyst,Entry,Enterprise,Australia,50675.516
2020,Data Analyst,Entry,Enterprise,Netherlands,47089.797
2020,Data Analyst,Entry,Enterprise,United Kingdom,48674.312
2020,Data Analyst,Entry,Enterprise,Canada,50878.35
2020,Data Analyst,Entry,Enterprise,Italy,36162.523
2020,Data Analyst,Entry,Enterprise,Singapore,54598.67
2020,Data Analyst,Entry,Enterprise,Germany,46400.207
2020,Data Analyst,Entry,Enterprise,Finland,33757.297
2020,Data Analyst,Mid,Small,United States,75710.055
2020,Data Analyst,Mid,Small,Australia,64330.758
2020,Data Analyst,Mid,Small,Netherlands,58686.37
2020,Data Analyst,Mid,Small,United Kingdom,61399.816
2020,Data Analyst,Mid,Small,Canada,63772.535
2020,Data Analyst,Mid,Small,Italy,53184.258
2020,Data Analyst,Mid,Small,Singapore,66230.41
2020,Data Analyst,Mid,Small,Germany,58502.62
2020,Data Analyst,Mid,Small,Finland,51741.703
2020,Data Analyst,Mid,Medium,United States,86260.51
2020,Data Analyst,Mid,Medium,Australia,67513.33
2020,Data Analyst,Mid,Medium,Netherlands,58838.465
2020,Data Analyst,Mid,Medium,United Kingdom,62176.344
2020,Data Analyst,Mid,Medium,Canada,66031.555
2020,Data Analyst,Mid,Medium,Italy,53960.8
2020,Data Analyst,Mid,Medium,Singapore,67253.54
2020,Data Analyst,Mid,Medium,Germany,59624.918
2020,Data Analyst,Mid,Medium,Finland,52518.246
2020,Data Analyst,Mid,Large,United States,78493.92
2020,Data Analyst,Mid,Large,Australia,64330.758
2020,Data Analyst,Mid,Large,Netherlands,58521.13
2020,Data Analyst,Mid,Large,United Kingdom,61399.816
2020,Data Analyst,Mid,Large,Canada,63500.793
2020,Data Analyst,Mid,Large,Italy,53184.258
2020,Data Analyst,Mid,Large,Singapore,68629.85
2020,Data Analyst,Mid,Large,Germany,58502.62
2020,Data Analyst,Mid,Large,Finland,51741.703
2020,Data Analyst,Mid,Enterprise,United States,77727.65
2020,Data Analyst,Mid,Enterprise,Australia,63455.91
2020,Data Analyst,Mid,Enterprise,Netherlands,58521.13
2020,Data Analyst,Mid,Enterprise,United Kingdom,61399.816
2020,Data Analyst,Mid,Enterprise,Canada,63500.793
2020,Data Analyst,Mid,Enterprise,Italy,53184.258
2020,Data Analyst,Mid,Enterprise,Singapore,66999.016
2020,Data Analyst,Mid,Enterprise,Germany,58502.62
2020,Data Analyst,Mid,Enterprise,Finland,51741.703
2020,Data Analyst,Senior,Small,United States,99498.1
2020,Data Analyst,Senior,Small,Australia,87632.65
2020,Data Analyst,Senior,Small,Netherlands,80548.84
2020,Data Analyst,Senior,Small,United Kingdom,82472.66
2020,Data Analyst,Senior,Small,Canada,89641.375
2020,Data Analyst,Senior,Small,Italy,67228.86
2020,Data Analyst,Senior,Small,Singapore,91029.484
2020,Data Analyst,Senior,Small,Germany,79412.6
2020,Data Analyst,Senior,Small,Finland,70790.86
2020,Data Analyst,Senior,Medium,United States,108110.3
2020,Data Analyst,Senior,Medium,Australia,89976.45
2020,Data Analyst,Senior,Medium,Netherlands,80970.48
2020,Data Analyst,Senior,Medium,United Kingdom,82407.266
2020,Data Analyst,Senior,Medium,Canada,92053.51
2020,Data Analyst,Senior,Medium,Italy,68109.71
2020,Data Analyst,Senior,Medium,Singapore,93038.09
2020,Data Analyst,Senior,Medium,Germany,80995.36
2020,Data Analyst,Senior,Medium,Finland,71671.71
2020,Data Analyst,Senior,Large,United States,103329.73
2020,Data Analyst,Senior,Large,Australia,87458.71
2020,Data Analyst,Senior,Large,Netherlands,80548.84
2020,Data Analyst,Senior,Large,United Kingdom,82472.66
2020,Data Analyst,Senior,Large,Canada,89369.625
2020,Data Analyst,Senior,Large,Italy,68135.64
2020,Data Analyst,Senior,Large,Singapore,91952.62
2020,Data Analyst,Senior,Large,Germany,79412.6
2020,Data Analyst,Senior,Large,Finland,70790.86
2020,Data Analyst,Senior,Enterprise,United States,101733.37
2020,Data Analyst,Senior,Enterprise,Australia,86757.805
2020,Data Analyst,Senior,Enterprise,Netherlands,80548.84
2020,Data Analyst,Senior,Enterprise,United Kingdom,82472.66
2020,Data Analyst,Senior,Enterprise,Canada,89369.625
2020,Data Analyst,Senior,Enterprise,Italy,67228.86
2020,Data Analyst,Senior,Enterprise,Singapore,91947.72
2020,Data Analyst,Senior,Enterprise,Germany,79412.6
2020,Data Analyst,Senior,Enterprise,Finland,70790.86
2020,Data Analyst,Lead,Small,United States,139030.6
2020,Data Analyst,Lead,Small,Australia,118688.76
2020,Data Analyst,Lead,Small,Netherlands,108834.95
2020,Data Analyst,Lead,Small,United Kingdom,110726.91
2020,Data Analyst,Lead,Small,Canada,115768.2
2020,Data Analyst,Lead,Small,Italy,100227.55
2020,Data Analyst,Lead,Small,Singapore,124558.47
2020,Data Analyst,Lead,Small,Germany,107792.04
2020,Data Analyst,Lead,Small,Finland,99445.96
2020,Data Analyst,Lead,Medium,United States,143517.78
2020,Data Analyst,Lead,Medium,Australia,120239.13
2020,Data Analyst,Lead,Medium,Netherlands,107991.49
2020,Data Analyst,Lead,Medium,United Kingdom,109561.67
2020,Data Analyst,Lead,Medium,Canada,115056.13
2020,Data Analyst,Lead,Medium,Italy,100008.555
2020,Data Analyst,Lead,Medium,Singapore,125794.02
2020,Data Analyst,Lead,Medium,Germany,108042.94
2020,Data Analyst,Lead,Medium,Finland,99226.97
2020,Data Analyst,Lead,Large,United States,145156.12
2020,Data Analyst,Lead,Large,Australia,118040.51
2020,Data Analyst,Lead,Large,Netherlands,108669.7
2020,Data Analyst,Lead,Large,United Kingdom,110726.91
2020,Data Analyst,Lead,Large,Canada,115142.71
2020,Data Analyst,Lead,Large,Italy,101134.33
2020,Data Analyst,Lead,Large,Singapore,127052.41
2020,Data Analyst,Lead,Large,Germany,107792.04
2020,Data Analyst,Lead,Large,Finland,99445.96
2020,Data Analyst,Lead,Enterprise,United States,149855.39
2020,Data Analyst,Lead,Enterprise,Australia,117813.914
2020,Data Analyst,Lead,Enterprise,Netherlands,108669.7
2020,Data Analyst,Lead,Enterprise,United Kingdom,110726.91
2020,Data Analyst,Lead,Enterprise,Canada,115142.71
2020,Data Analyst,Lead,Enterprise,Italy,100227.55
2020,Data Analyst,Lead,Enterprise,Singapore,125803.49
2020,Data Analyst,Lead,Enterprise,Germany,107792.04
2020,Data Analyst,Lead,Enterprise,Finland,99445.96
2020,AI Engineer,Entry,Small,United States,87728.555
2020,AI Engineer,Entry,Small,Australia,72047.85
2020,AI Engineer,Entry,Small,Netherlands,65114.3
2020,AI Engineer,Entry,Small,United Kingdom,66478.01
2020,AI Engineer,Entry,Small,Canada,70966.71
2020,AI Engineer,Entry,Small,Italy,53752.453
2020,AI Engineer,Entry,Small,Singapore,74972.35
2020,AI Engineer,Entry,Small,Germany,63027.22
2020,AI Engineer,Entry,Small,Finland,46308.113
2020,AI Engineer,Entry,Medium,United States,88792.91
2020,AI Engineer,Entry,Medium,Australia,72545.29
2020,AI Engineer,Entry,Medium,Netherlands,65199.49
2020,AI Engineer,Entry,Medium,United Kingdom,66652.21
2020,AI Engineer,Entry,Medium,Canada,73105.1
2020,AI Engineer,Entry,Medium,Italy,53926.652
2020,AI Engineer,Entry,Medium,Singapore,73995.945
2020,AI Engineer,Entry,Medium,Germany,63142.324
2020,AI Engineer,Entry,Medium,Finland,46482.316
2020,AI Engineer,Entry,Large,United States,87728.555
2020,AI Engineer,Entry,Large,Australia,72047.85
2020,AI Engineer,Entry,Large,Netherlands,65114.3
2020,AI Engineer,Entry,Large,United Kingdom,66478.01
2020,AI Engineer,Entry,Large,Canada,70966.71
2020,AI Engineer,Entry,Large,Italy,54659.24
2020,AI Engineer,Entry,Large,Singapore,74955.305
2020,AI Engineer,Entry,Large,Germany,63027.22
2020,AI Engineer,Entry,Large,Finland,45793.33
2020,AI Engineer,Entry,Enterprise,United States,87728.555
2020,AI Engineer,Entry,Enterprise,Australia,72047.85
2020,AI Engineer,Entry,Enterprise,Netherlands,65114.3
2020,AI Engineer,Entry,Enterprise,United Kingdom,66478.01
2020,AI Engineer,Entry,Enterprise,Canada,70966.71
2020,AI Engineer,Entry,Enterprise,Italy,53752.453
2020,AI Engineer,Entry,Enterprise,Singapore,74955.305
2020,AI Engineer,Entry,Enterprise,Germany,63027.22
2020,AI Engineer,Entry,Enterprise,Finland,46308.113
2020,AI Engineer,Mid,Small,United States,116032.66
2020,AI Engineer,Mid,Small,Australia,89833.32
2020,AI Engineer,Mid,Small,Netherlands,82184.02
2020,AI Engineer,Mid,Small,United Kingdom,84309.13
2020,AI Engineer,Mid,Small,Canada,89217.05
2020,AI Engineer,Mid,Small,Italy,75078.81
2020,AI Engineer,Mid,Small,Singapore,94479.625
2020,AI Engineer,Mid,Small,Germany,80328.18
2020,AI Engineer,Mid,Small,Finland,64707.836
2020,AI Engineer,Mid,Medium,United States,120141.23
2020,AI Engineer,Mid,Medium,Australia,91687.625
2020,AI Engineer,Mid,Medium,Netherlands,82789.805
2020,AI Engineer,Mid,Medium,United Kingdom,85003.945
2020,AI Engineer,Mid,Medium,Canada,91911.78
2020,AI Engineer,Mid,Medium,Italy,75773.625
2020,AI Engineer,Mid,Medium,Singapore,94651.28
2020,AI Engineer,Mid,Medium,Germany,80963.89
2020,AI Engineer,Mid,Medium,Finland,65402.652
2020,AI Engineer,Mid,Large,United States,116032.66
2020,AI Engineer,Mid,Large,Australia,89833.32
2020,AI Engineer,Mid,Large,Netherlands,82184.02
2020,AI Engineer,Mid,Large,United Kingdom,84309.13
2020,AI Engineer,Mid,Large,Canada,89217.05
2020,AI Engineer,Mid,Large,Italy,75078.81
2020,AI Engineer,Mid,Large,Singapore,94462.58
2020,AI Engineer,Mid,Large,Germany,80328.18
2020,AI Engineer,Mid,Large,Finland,64193.047
2020,AI Engineer,Mid,Enterprise,United States,116032.66
2020,AI Engineer,Mid,Enterprise,Australia,89833.32
2020,AI Engineer,Mid,Enterprise,Netherlands,82184.02
2020,AI Engineer,Mid,Enterprise,United Kingdom,84309.13
2020,AI Engineer,Mid,Enterprise,Canada,89217.05
2020,AI Engineer,Mid,Enterprise,Italy,75078.81
2020,AI Engineer,Mid,Enterprise,Singapore,94462.58
2020,AI Engineer,Mid,Enterprise,Germany,80328.18
2020,AI Engineer,Mid,Enterprise,Finland,64707.836
2020,AI Engineer,Senior,Small,United States,157255.9
2020,AI Engineer,Senior,Small,Australia,119314.89
2020,AI Engineer,Senior,Small,Netherlands,110690.48
2020,AI Engineer,Senior,Small,United Kingdom,112490.93
2020,AI Engineer,Senior,Small,Canada,123164.72
2020,AI Engineer,Senior,Small,Italy,96314.61
2020,AI Engineer,Senior,Small,Singapore,124836.445
2020,AI Engineer,Senior,Small,Germany,108498.35
2020,AI Engineer,Senior,Small,Finland,89157.63
2020,AI Engineer,Senior,Medium,United States,161039.83
2020,AI Engineer,Senior,Medium,Australia,119885.57
2020,AI Engineer,Senior,Medium,Netherlands,110955.63
2020,AI Engineer,Senior,Medium,United Kingdom,112845.12
2020,AI Engineer,Senior,Medium,Canada,125061.78
2020,AI Engineer,Senior,Medium,Italy,96668.8
2020,AI Engineer,Senior,Medium,Singapore,125390.17
2020,AI Engineer,Senior,Medium,Germany,108917.58
2020,AI Engineer,Senior,Medium,Finland,89511.82
2020,AI Engineer,Senior,Large,United States,157707.83
2020,AI Engineer,Senior,Large,Australia,119140.95
2020,AI Engineer,Senior,Large,Netherlands,110690.48
2020,AI Engineer,Senior,Large,United Kingdom,112490.93
2020,AI Engineer,Senior,Large,Canada,123164.72
2020,AI Engineer,Senior,Large,Italy,97221.39
2020,AI Engineer,Senior,Large,Singapore,124819.4
2020,AI Engineer,Senior,Large,Germany,108498.35
2020,AI Engineer,Senior,Large,Finland,88642.85
2020,AI Engineer,Senior,Enterprise,United States,157255.9
2020,AI Engineer,Senior,Enterprise,Australia,119314.89
2020,AI Engineer,Senior,Enterprise,Netherlands,110690.48
2020,AI Engineer,Senior,Enterprise,United Kingdom,112490.93
2020,AI Engineer,Senior,Enterprise,Canada,123164.72
2020,AI Engineer,Senior,Enterprise,Italy,96314.61
2020,AI Engineer,Senior,Enterprise,Singapore,124819.4
2020,AI Engineer,Senior,Enterprise,Germany,108498.35
2020,AI Engineer,Senior,Enterprise,Finland,89157.63
2020,AI Engineer,Lead,Small,United States,192560.3
2020,AI Engineer,Lead,Small,Australia,163251.6
2020,AI Engineer,Lead,Small,Netherlands,150452.03
2020,AI Engineer,Lead,Small,United Kingdom,152378.86
2020,AI Engineer,Lead,Small,Canada,157144.77
2020,AI Engineer,Lead,Small,Italy,141277.44
2020,AI Engineer,Lead,Small,Singapore,171207.7
2020,AI Engineer,Lead,Small,Germany,148841.92
2020,AI Engineer,Lead,Small,Finland,130071.32
2020,AI Engineer,Lead,Medium,United States,193626.31
2020,AI Engineer,Lead,Medium,Australia,164002.98
2020,AI Engineer,Lead,Medium,Netherlands,150591.48
2020,AI Engineer,Lead,Medium,United Kingdom,152607.34
2020,AI Engineer,Lead,Medium,Canada,157751.4
2020,AI Engineer,Lead,Medium,Italy,141505.92
2020,AI Engineer,Lead,Medium,Singapore,171635.73
2020,AI Engineer,Lead,Medium,Germany,149135.44
2020,AI Engineer,Lead,Medium,Finland,130299.805
2020,AI Engineer,Lead,Large,United States,191685.75
2020,AI Engineer,Lead,Large,Australia,163077.66
2020,AI Engineer,Lead,Large,Netherlands,150452.03
2020,AI Engineer,Lead,Large,United Kingdom,152378.86
2020,AI Engineer,Lead,Large,Canada,157144.77
2020,AI Engineer,Lead,Large,Italy,142184.23
2020,AI Engineer,Lead,Large,Singapore,171190.67
2020,AI Engineer,Lead,Large,Germany,148841.92
2020,AI Engineer,Lead,Large,Finland,129556.54
2020,AI Engineer,Lead,Enterprise,United States,192045.75
2020,AI Engineer,Lead,Enterprise,Australia,163251.6
2020,AI Engineer,Lead,Enterprise,Netherlands,150452.03
2020,AI Engineer,Lead,Enterprise,United Kingdom,152378.86
2020,AI Engineer,Lead,Enterprise,Canada,157144.77
2020,AI Engineer,Lead,Enterprise,Italy,141277.44
2020,AI Engineer,Lead,Enterprise,Singapore,171190.67
2020,AI Engineer,Lead,Enterprise,Germany,148841.92
2020,AI Engineer,Lead,Enterprise,Finland,130071.32
2020,Quantitative Analyst,Entry,Small,United States,82231.125
2020,Quantitative Analyst,Entry,Small,Australia,131459.75
2020,Quantitative Analyst,Entry,Small,Netherlands,124373.39
2020,Quantitative Analyst,Entry,Small,United Kingdom,128105.875
2020,Quantitative Analyst,Entry,Small,Canada,87288.01
2020,Quantitative Analyst,Entry,Small,Italy,114032.46
2020,Quantitative Analyst,Entry,Small,Singapore,135685.34
2020,Quantitative Analyst,Entry,Small,Germany,122520.19
2020,Quantitative Analyst,Entry,Small,Finland,104177.62
2020,Quantitative Analyst,Entry,Medium,United States,83388.83
2020,Quantitative Analyst,Entry,Medium,Australia,131957.2
2020,Quantitative Analyst,Entry,Medium,Netherlands,124458.61
2020,Quantitative Analyst,Entry,Medium,United Kingdom,128280.06
2020,Quantitative Analyst,Entry,Medium,Canada,89426.4
2020,Quantitative Analyst,Entry,Medium,Italy,114206.68
2020,Quantitative Analyst,Entry,Medium,Singapore,134725.97
2020,Quantitative Analyst,Entry,Medium,Germany,123040.16
2020,Quantitative Analyst,Entry,Medium,Finland,104351.82
2020,Quantitative Analyst,Entry,Large,United States,87059.99
2020,Quantitative Analyst,Entry,Large,Australia,133706.52
2020,Quantitative Analyst,Entry,Large,Netherlands,126620.18
2020,Quantitative Analyst,Entry,Large,United Kingdom,130352.664
2020,Quantitative Analyst,Entry,Large,Canada,89534.8
2020,Quantitative Analyst,Entry,Large,Italy,117186.03
2020,Quantitative Analyst,Entry,Large,Singapore,137932.1
2020,Quantitative Analyst,Entry,Large,Germany,124766.98
2020,Quantitative Analyst,Entry,Large,Finland,106424.41
2020,Quantitative Analyst,Entry,Enterprise,United States,82231.125
2020,Quantitative Analyst,Entry,Enterprise,Australia,131459.75
2020,Quantitative Analyst,Entry,Enterprise,Netherlands,124373.39
2020,Quantitative Analyst,Entry,Enterprise,United Kingdom,128105.875
2020,Quantitative Analyst,Entry,Enterprise,Canada,87288.01
2020,Quantitative Analyst,Entry,Enterprise,Italy,114032.46
2020,Quantitative Analyst,Entry,Enterprise,Singapore,135685.34
2020,Quantitative Analyst,Entry,Enterprise,Germany,122520.19
2020,Quantitative Analyst,Entry,Enterprise,Finland,104177.62
2020,Quantitative Analyst,Mid,Small,United States,106932.484
2020,Quantitative Analyst,Mid,Small,Australia,71669.75
2020,Quantitative Analyst,Mid,Small,Netherlands,63135.984
2020,Quantitative Analyst,Mid,Small,United Kingdom,64955.03
2020,Quantitative Analyst,Mid,Small,Canada,73278.7
2020,Quantitative Analyst,Mid,Small,Italy,56888.215
2020,Quantitative Analyst,Mid,Small,Singapore,79645.06
2020,Quantitative Analyst,Mid,Small,Germany,61350.52
2020,Quantitative Analyst,Mid,Small,Finland,41684.473
2020,Quantitative Analyst,Mid,Medium,United States,108195.94
2020,Quantitative Analyst,Mid,Medium,Australia,71380.27
2020,Quantitative Analyst,Mid,Medium,Netherlands,61597.957
2020,Quantitative Analyst,Mid,Medium,United Kingdom,63506.055
2020,Quantitative Analyst,Mid,Medium,Canada,73829.66
2020,Quantitative Analyst,Mid,Medium,Italy,55439.21
2020,Quantitative Analyst,Mid,Medium,Singapore,77689.984
2020,Quantitative Analyst,Mid,Medium,Germany,60247.246
2020,Quantitative Analyst,Mid,Medium,Finland,40235.508
2020,Quantitative Analyst,Mid,Large,United States,117019.63
2020,Quantitative Analyst,Mid,Large,Australia,77456.414
2020,Quantitative Analyst,Mid,Large,Netherlands,68922.664
2020,Quantitative Analyst,Mid,Large,United Kingdom,70741.72
2020,Quantitative Analyst,Mid,Large,Canada,79065.37
2020,Quantitative Analyst,Mid,Large,Italy,62674.88
2020,Quantitative Analyst,Mid,Large,Singapore,85431.72
2020,Quantitative Analyst,Mid,Large,Germany,67137.195
2020,Quantitative Analyst,Mid,Large,Finland,47471.133
2020,Quantitative Analyst,Mid,Enterprise,United States,106932.484
2020,Quantitative Analyst,Mid,Enterprise,Australia,71669.75
2020,Quantitative Analyst,Mid,Enterprise,Netherlands,63135.984
2020,Quantitative Analyst,Mid,Enterprise,United Kingdom,64955.03
2020,Quantitative Analyst,Mid,Enterprise,Canada,73278.7
2020,Quantitative Analyst,Mid,Enterprise,Italy,56888.215
2020,Quantitative Analyst,Mid,Enterprise,Singapore,79645.06
2020,Quantitative Analyst,Mid,Enterprise,Germany,61350.52
2020,Quantitative Analyst,Mid,Enterprise,Finland,41684.473
2020,Quantitative Analyst,Senior,Small,United States,119420.305
2020,Quantitative Analyst,Senior,Small,Australia,83651.19
2020,Quantitative Analyst,Senior,Small,Netherlands,73978.74
2020,Quantitative Analyst,Senior,Small,United Kingdom,81800.01
2020,Quantitative Analyst,Senior,Small,Canada,86658.94
2020,Quantitative Analyst,Senior,Small,Italy,63564.99
2020,Quantitative Analyst,Senior,Small,Singapore,96494.5
2020,Quantitative Analyst,Senior,Small,Germany,72020.58
2020,Quantitative Analyst,Senior,Small,Finland,50323.203
2020,Quantitative Analyst,Senior,Medium,United States,122502.84
2020,Quantitative Analyst,Senior,Medium,Australia,84221.875
2020,Quantitative Analyst,Senior,Medium,Netherlands,74243.9
2020,Quantitative Analyst,Senior,Medium,United Kingdom,82154.195
2020,Quantitative Analyst,Senior,Medium,Canada,88556.0
2020,Quantitative Analyst,Senior,Medium,Italy,63919.176
2020,Quantitative Analyst,Senior,Medium,Singapore,97065.266
2020,Quantitative Analyst,Senior,Medium,Germany,73076.67
2020,Quantitative Analyst,Senior,Medium,Finland,50677.387
2020,Quantitative Analyst,Senior,Large,United States,122299.97
2020,Quantitative Analyst,Senior,Large,Australia,83477.25
2020,Quantitative Analyst,Senior,Large,Netherlands,73978.74
2020,Quantitative Analyst,Senior,Large,United Kingdom,81800.01
2020,Quantitative Analyst,Senior,Large,Canada,86658.94
2020,Quantitative Analyst,Senior,Large,Italy,64471.77
2020,Quantitative Analyst,Senior,Large,Singapore,96494.5
2020,Quantitative Analyst,Senior,Large,Germany,72020.58
2020,Quantitative Analyst,Senior,Large,Finland,50323.203
2020,Quantitative Analyst,Senior,Enterprise,United States,119420.305
2020,Quantitative Analyst,Senior,Enterprise,Australia,83651.19
2020,Quantitative Analyst,Senior,Enterprise,Netherlands,73978.74
2020,Quantitative Analyst,Senior,Enterprise,United Kingdom,81800.01
2020,Quantitative Analyst,Senior,Enterprise,Canada,86658.94
2020,Quantitative Analyst,Senior,Enterprise,Italy,63564.99
2020,Quantitative Analyst,Senior,Enterprise,Singapore,96494.5
2020,Quantitative Analyst,Senior,Enterprise,Germany,72020.58
2020,Quantitative Analyst,Senior,Enterprise,Finland,50323.203
2020,Quantitative Analyst,Lead,Small,United States,174428.12
2020,Quantitative Analyst,Lead,Small,Australia,142578.64
2020,Quantitative Analyst,Lead,Small,Netherlands,128894.74
2020,Quantitative Analyst,Lead,Small,United Kingdom,133486.36
2020,Quantitative Analyst,Lead,Small,Canada,138669.02
2020,Quantitative Analyst,Lead,Small,Italy,121219.65
2020,Quantitative Analyst,Lead,Small,Singapore,156265.55
2020,Quantitative Analyst,Lead,Small,Germany,127354.95
2020,Quantitative Analyst,Lead,Small,Finland,106227.664
2020,Quantitative Analyst,Lead,Medium,United States,174792.8
2020,Quantitative Analyst,Lead,Medium,Australia,143330.03
2020,Quantitative Analyst,Lead,Medium,Netherlands,129034.195
2020,Quantitative Analyst,Lead,Medium,United Kingdom,133714.78
2020,Quantitative Analyst,Lead,Medium,Canada,139275.66
2020,Quantitative Analyst,Lead,Medium,Italy,121448.14
2020,Quantitative Analyst,Lead,Medium,Singapore,156710.61
2020,Quantitative Analyst,Lead,Medium,Germany,128053.33
2020,Quantitative Analyst,Lead,Medium,Finland,106456.195
2020,Quantitative Analyst,Lead,Large,United States,180531.52
2020,Quantitative Analyst,Lead,Large,Australia,144651.48
2020,Quantitative Analyst,Lead,Large,Netherlands,131141.4
2020,Quantitative Analyst,Lead,Large,United Kingdom,135733.1
2020,Quantitative Analyst,Lead,Large,Canada,140915.8
2020,Quantitative Analyst,Lead,Large,Italy,124373.23
2020,Quantitative Analyst,Lead,Large,Singapore,158512.33
2020,Quantitative Analyst,Lead,Large,Germany,129601.734
2020,Quantitative Analyst,Lead,Large,Finland,108474.45
2020,Quantitative Analyst,Lead,Enterprise,United States,173913.58
2020,Quantitative Analyst,Lead,Enterprise,Australia,142578.64
2020,Quantitative Analyst,Lead,Enterprise,Netherlands,128894.74
2020,Quantitative Analyst,Lead,Enterprise,United Kingdom,133486.36
2020,Quantitative Analyst,Lead,Enterprise,Canada,138669.02
2020,Quantitative Analyst,Lead,Enterprise,Italy,121219.65
2020,Quantitative Analyst,Lead,Enterprise,Singapore,156265.55
2020,Quantitative Analyst,Lead,Enterprise,Germany,127354.95
2020,Quantitative Analyst,Lead,Enterprise,Finland,106227.664
2020,Data Visualization,Entry,Small,United States,79918.54
2020,Data Visualization,Entry,Small,Australia,69489.805
2020,Data Visualization,Entry,Small,Netherlands,62278.85
2020,Data Visualization,Entry,Small,United Kingdom,64453.562
2020,Data Visualization,Entry,Small,Canada,67796.03
2020,Data Visualization,Entry,Small,Italy,51059.81
2020,Data Visualization,Entry,Small,Singapore,73088.52
2020,Data Visualization,Entry,Small,Germany,60279.293
2020,Data Visualization,Entry,Small,Finland,41534.2
2020,Data Visualization,Entry,Medium,United States,81076.24
2020,Data Visualization,Entry,Medium,Australia,69987.24
2020,Data Visualization,Entry,Medium,Netherlands,62364.01
2020,Data Visualization,Entry,Medium,United Kingdom,64627.812
2020,Data Visualization,Entry,Medium,Canada,69934.42
2020,Data Visualization,Entry,Medium,Italy,51234.008
2020,Data Visualization,Entry,Medium,Singapore,72129.164
2020,Data Visualization,Entry,Medium,Germany,60799.246
2020,Data Visualization,Entry,Medium,Finland,41708.39
2020,Data Visualization,Entry,Large,United States,80197.23
2020,Data Visualization,Entry,Large,Australia,69489.805
2020,Data Visualization,Entry,Large,Netherlands,62278.85
2020,Data Visualization,Entry,Large,United Kingdom,64453.562
2020,Data Visualization,Entry,Large,Canada,67796.03
2020,Data Visualization,Entry,Large,Italy,51966.594
2020,Data Visualization,Entry,Large,Singapore,73088.52
2020,Data Visualization,Entry,Large,Germany,60279.293
2020,Data Visualization,Entry,Large,Finland,41534.2
2020,Data Visualization,Entry,Enterprise,United States,79918.54
2020,Data Visualization,Entry,Enterprise,Australia,69489.805
2020,Data Visualization,Entry,Enterprise,Netherlands,62278.85
2020,Data Visualization,Entry,Enterprise,United Kingdom,64453.562
2020,Data Visualization,Entry,Enterprise,Canada,67796.03
2020,Data Visualization,Entry,Enterprise,Italy,51059.81
2020,Data Visualization,Entry,Enterprise,Singapore,73088.52
2020,Data Visualization,Entry,Enterprise,Germany,60279.293
2020,Data Visualization,Entry,Enterprise,Finland,41534.2
2020,Data Visualization,Mid,Small,United States,82523.09
2020,Data Visualization,Mid,Small,Australia,64743.65
2020,Data Visualization,Mid,Small,Netherlands,56816.883
2020,Data Visualization,Mid,Small,United Kingdom,58382.65
2020,Data Visualization,Mid,Small,Canada,64763.9
2020,Data Visualization,Mid,Small,Italy,49854.54
2020,Data Visualization,Mid,Small,Singapore,70064.195
2020,Data Visualization,Mid,Small,Germany,55048.598
2020,Data Visualization,Mid,Small,Finland,34980.05
2020,Data Visualization,Mid,Medium,United States,85930.336
2020,Data Visualization,Mid,Medium,Australia,66597.97
2020,Data Visualization,Mid,Medium,Netherlands,57422.652
2020,Data Visualization,Mid,Medium,United Kingdom,59077.45
2020,Data Visualization,Mid,Medium,Canada,67458.68
2020,Data Visualization,Mid,Medium,Italy,50549.34
2020,Data Visualization,Mid,Medium,Singapore,70252.9
2020,Data Visualization,Mid,Medium,Germany,56089.152
2020,Data Visualization,Mid,Medium,Finland,35674.85
2020,Data Visualization,Mid,Large,United States,82801.77
2020,Data Visualization,Mid,Large,Australia,64743.65
2020,Data Visualization,Mid,Large,Netherlands,56816.883
2020,Data Visualization,Mid,Large,United Kingdom,58382.65
2020,Data Visualization,Mid,Large,Canada,64763.9
2020,Data Visualization,Mid,Large,Italy,49854.54
2020,Data Visualization,Mid,Large,Singapore,70064.195
2020,Data Visualization,Mid,Large,Germany,55048.598
2020,Data Visualization,Mid,Large,Finland,34980.05
2020,Data Visualization,Mid,Enterprise,United States,82523.09
2020,Data Visualization,Mid,Enterprise,Australia,64743.65
2020,Data Visualization,Mid,Enterprise,Netherlands,56816.883
2020,Data Visualization,Mid,Enterprise,United Kingdom,58382.65
2020,Data Visualization,Mid,Enterprise,Canada,64763.9
2020,Data Visualization,Mid,Enterprise,Italy,49854.54
2020,Data Visualization,Mid,Enterprise,Singapore,70064.195
2020,Data Visualization,Mid,Enterprise,Germany,55048.598
2020,Data Visualization,Mid,Enterprise,Finland,34980.05
2020,Data Visualization,Senior,Small,United States,104409.91
2020,Data Visualization,Senior,Small,Australia,72308.19
2020,Data Visualization,Senior,Small,Netherlands,63359.08
2020,Data Visualization,Senior,Small,United Kingdom,66017.91
2020,Data Visualization,Senior,Small,Canada,73287.305
2020,Data Visualization,Senior,Small,Italy,49173.223
2020,Data Visualization,Senior,Small,Singapore,78679.41
2020,Data Visualization,Senior,Small,Germany,61356.99
2020,Data Visualization,Senior,Small,Finland,39201.816
2020,Data Visualization,Senior,Medium,United States,107492.51
2020,Data Visualization,Senior,Medium,Australia,72878.87
2020,Data Visualization,Senior,Medium,Netherlands,63624.234
2020,Data Visualization,Senior,Medium,United Kingdom,66372.09
2020,Data Visualization,Senior,Medium,Canada,75184.37
2020,Data Visualization,Senior,Medium,Italy,49527.406
2020,Data Visualization,Senior,Medium,Singapore,79250.18
2020,Data Visualization,Senior,Medium,Germany,62413.066
2020,Data Visualization,Senior,Medium,Finland,39556.0
2020,Data Visualization,Senior,Large,United States,104861.82
2020,Data Visualization,Senior,Large,Australia,72134.25
2020,Data Visualization,Senior,Large,Netherlands,63359.08
2020,Data Visualization,Senior,Large,United Kingdom,66017.91
2020,Data Visualization,Senior,Large,Canada,73287.305
2020,Data Visualization,Senior,Large,Italy,50080.008
2020,Data Visualization,Senior,Large,Singapore,78679.41
2020,Data Visualization,Senior,Large,Germany,61356.99
2020,Data Visualization,Senior,Large,Finland,39201.816
2020,Data Visualization,Senior,Enterprise,United States,104409.91
2020,Data Visualization,Senior,Enterprise,Australia,72308.19
2020,Data Visualization,Senior,Enterprise,Netherlands,63359.08
2020,Data Visualization,Senior,Enterprise,United Kingdom,66017.91
2020,Data Visualization,Senior,Enterprise,Canada,73287.305
2020,Data Visualization,Senior,Enterprise,Italy,49173.223
2020,Data Visualization,Senior,Enterprise,Singapore,78679.41
2020,Data Visualization,Senior,Enterprise,Germany,61356.99
2020,Data Visualization,Senior,Enterprise,Finland,39201.816
2020,Data Visualization,Lead,Small,United States,143817.75
2020,Data Visualization,Lead,Small,Australia,120269.11
2020,Data Visualization,Lead,Small,Netherlands,107255.15
2020,Data Visualization,Lead,Small,United Kingdom,109929.99
2020,Data Visualization,Lead,Small,Canada,111291.484
2020,Data Visualization,Lead,Small,Italy,98160.23
2020,Data Visualization,Lead,Small,Singapore,128899.45
2020,Data Visualization,Lead,Small,Germany,105724.72
2020,Data Visualization,Lead,Small,Finland,84139.625
2020,Data Visualization,Lead,Medium,United States,144182.42
2020,Data Visualization,Lead,Medium,Australia,121020.49
2020,Data Visualization,Lead,Medium,Netherlands,107394.6
2020,Data Visualization,Lead,Medium,United Kingdom,110158.49
2020,Data Visualization,Lead,Medium,Canada,111898.16
2020,Data Visualization,Lead,Medium,Italy,98388.71
2020,Data Visualization,Lead,Medium,Singapore,129344.49
2020,Data Visualization,Lead,Medium,Germany,106423.09
2020,Data Visualization,Lead,Medium,Finland,84368.11
2020,Data Visualization,Lead,Large,United States,142943.2
2020,Data Visualization,Lead,Large,Australia,120095.17
2020,Data Visualization,Lead,Large,Netherlands,107255.15
2020,Data Visualization,Lead,Large,United Kingdom,109929.99
2020,Data Visualization,Lead,Large,Canada,111291.484
2020,Data Visualization,Lead,Large,Italy,99067.01
2020,Data Visualization,Lead,Large,Singapore,128899.45
2020,Data Visualization,Lead,Large,Germany,105724.72
2020,Data Visualization,Lead,Large,Finland,84139.625
2020,Data Visualization,Lead,Enterprise,United States,143303.2
2020,Data Visualization,Lead,Enterprise,Australia,120269.11
2020,Data Visualization,Lead,Enterprise,Netherlands,107255.15
2020,Data Visualization,Lead,Enterprise,United Kingdom,109929.99
2020,Data Visualization,Lead,Enterprise,Canada,111291.484
2020,Data Visualization,Lead,Enterprise,Italy,98160.23
2020,Data Visualization,Lead,Enterprise,Singapore,128899.45
2020,Data Visualization,Lead,Enterprise,Germany,105724.72
2020,Data Visualization,Lead,Enterprise,Finland,84139.625
2021,Computer Vision Engineer,Entry,Small,United States,90810.01
2021,Computer Vision Engineer,Entry,Small,Australia,74819.29
2021,Computer Vision Engineer,Entry,Small,Netherlands,67609.04
2021,Computer Vision Engineer,Entry,Small,United Kingdom,69545.42
2021,Computer Vision Engineer,Entry,Small,Canada,73083.336
2021,Computer Vision Engineer,Entry,Small,Italy,55874.215
2021,Computer Vision Engineer,Entry,Small,Singapore,79273.58
2021,Computer Vision Engineer,Entry,Small,Germany,65987.336
2021,Computer Vision Engineer,Entry,Small,Finland,46225.035
2021,Computer Vision Engineer,Entry,Medium,United States,91901.2
2021,Computer Vision Engineer,Entry,Medium,Australia,75287.02
2021,Computer Vision Engineer,Entry,Medium,Netherlands,67627.73
2021,Computer Vision Engineer,Entry,Medium,United Kingdom,69653.12
2021,Computer Vision Engineer,Entry,Medium,Canada,75155.22
2021,Computer Vision Engineer,Entry,Medium,Italy,55981.906
2021,Computer Vision Engineer,Entry,Medium,Singapore,78029.52
2021,Computer Vision Engineer,Entry,Medium,Germany,65855.13
2021,Computer Vision Engineer,Entry,Medium,Finland,46332.727
2021,Computer Vision Engineer,Entry,Large,United States,91346.875
2021,Computer Vision Engineer,Entry,Large,Australia,74819.29
2021,Computer Vision Engineer,Entry,Large,Netherlands,67609.04
2021,Computer Vision Engineer,Entry,Large,United Kingdom,69545.42
2021,Computer Vision Engineer,Entry,Large,Canada,73083.336
2021,Computer Vision Engineer,Entry,Large,Italy,56781.0
2021,Computer Vision Engineer,Entry,Large,Singapore,78963.3
2021,Computer Vision Engineer,Entry,Large,Germany,65760.91
2021,Computer Vision Engineer,Entry,Large,Finland,46225.035
2021,Computer Vision Engineer,Entry,Enterprise,United States,90810.01
2021,Computer Vision Engineer,Entry,Enterprise,Australia,74819.29
2021,Computer Vision Engineer,Entry,Enterprise,Netherlands,67609.04
2021,Computer Vision Engineer,Entry,Enterprise,United Kingdom,69545.42
2021,Computer Vision Engineer,Entry,Enterprise,Canada,73083.336
2021,Computer Vision Engineer,Entry,Enterprise,Italy,55874.215
2021,Computer Vision Engineer,Entry,Enterprise,Singapore,79273.58
2021,Computer Vision Engineer,Entry,Enterprise,Germany,65760.91
2021,Computer Vision Engineer,Entry,Enterprise,Finland,46225.035
2021,Computer Vision Engineer,Mid,Small,United States,118498.96
2021,Computer Vision Engineer,Mid,Small,Australia,92878.93
2021,Computer Vision Engineer,Mid,Small,Netherlands,84603.01
2021,Computer Vision Engineer,Mid,Small,United Kingdom,87104.12
2021,Computer Vision Engineer,Mid,Small,Canada,91450.61
2021,Computer Vision Engineer,Mid,Small,Italy,77371.49
2021,Computer Vision Engineer,Mid,Small,Singapore,98994.484
2021,Computer Vision Engineer,Mid,Small,Germany,83511.09
2021,Computer Vision Engineer,Mid,Small,Finland,62319.453
2021,Computer Vision Engineer,Mid,Medium,United States,121839.695
2021,Computer Vision Engineer,Mid,Medium,Australia,94533.48
2021,Computer Vision Engineer,Mid,Medium,Netherlands,85142.28
2021,Computer Vision Engineer,Mid,Medium,United Kingdom,87732.42
2021,Computer Vision Engineer,Mid,Medium,Canada,94078.836
2021,Computer Vision Engineer,Mid,Medium,Italy,77999.8
2021,Computer Vision Engineer,Mid,Medium,Singapore,98898.49
2021,Computer Vision Engineer,Mid,Medium,Germany,83899.5
2021,Computer Vision Engineer,Mid,Medium,Finland,62947.73
2021,Computer Vision Engineer,Mid,Large,United States,119035.836
2021,Computer Vision Engineer,Mid,Large,Australia,92878.93
2021,Computer Vision Engineer,Mid,Large,Netherlands,84603.01
2021,Computer Vision Engineer,Mid,Large,United Kingdom,87104.12
2021,Computer Vision Engineer,Mid,Large,Canada,91450.61
2021,Computer Vision Engineer,Mid,Large,Italy,77371.49
2021,Computer Vision Engineer,Mid,Large,Singapore,98684.2
2021,Computer Vision Engineer,Mid,Large,Germany,83284.67
2021,Computer Vision Engineer,Mid,Large,Finland,62319.453
2021,Computer Vision Engineer,Mid,Enterprise,United States,118498.96
2021,Computer Vision Engineer,Mid,Enterprise,Australia,92878.93
2021,Computer Vision Engineer,Mid,Enterprise,Netherlands,84603.01
2021,Computer Vision Engineer,Mid,Enterprise,United Kingdom,87104.12
2021,Computer Vision Engineer,Mid,Enterprise,Canada,91450.61
2021,Computer Vision Engineer,Mid,Enterprise,Italy,77371.49
2021,Computer Vision Engineer,Mid,Enterprise,Singapore,98994.484
2021,Computer Vision Engineer,Mid,Enterprise,Germany,83284.67
2021,Computer Vision Engineer,Mid,Enterprise,Finland,62319.453
2021,Computer Vision Engineer,Senior,Small,United States,158515.6
2021,Computer Vision Engineer,Senior,Small,Australia,122812.375
2021,Computer Vision Engineer,Senior,Small,Netherlands,113792.77
2021,Computer Vision Engineer,Senior,Small,United Kingdom,116541.82
2021,Computer Vision Engineer,Senior,Small,Canada,125386.05
2021,Computer Vision Engineer,Senior,Small,Italy,98844.59
2021,Computer Vision Engineer,Senior,Small,Singapore,131092.47
2021,Computer Vision Engineer,Senior,Small,Germany,111649.6
2021,Computer Vision Engineer,Senior,Small,Finland,88749.63
2021,Computer Vision Engineer,Senior,Medium,United States,162144.9
2021,Computer Vision Engineer,Senior,Medium,Australia,124099.836
2021,Computer Vision Engineer,Senior,Medium,Netherlands,114604.66
2021,Computer Vision Engineer,Senior,Medium,United Kingdom,117442.734
2021,Computer Vision Engineer,Senior,Medium,Canada,127829.836
2021,Computer Vision Engineer,Senior,Medium,Italy,99745.51
2021,Computer Vision Engineer,Senior,Medium,Singapore,131991.7
2021,Computer Vision Engineer,Senior,Medium,Germany,113072.164
2021,Computer Vision Engineer,Senior,Medium,Finland,89650.55
2021,Computer Vision Engineer,Senior,Large,United States,158967.52
2021,Computer Vision Engineer,Senior,Large,Australia,122638.44
2021,Computer Vision Engineer,Senior,Large,Netherlands,113792.77
2021,Computer Vision Engineer,Senior,Large,United Kingdom,116541.82
2021,Computer Vision Engineer,Senior,Large,Canada,125386.05
2021,Computer Vision Engineer,Senior,Large,Italy,99751.375
2021,Computer Vision Engineer,Senior,Large,Singapore,130782.17
2021,Computer Vision Engineer,Senior,Large,Germany,111649.6
2021,Computer Vision Engineer,Senior,Large,Finland,88749.63
2021,Computer Vision Engineer,Senior,Enterprise,United States,158515.6
2021,Computer Vision Engineer,Senior,Enterprise,Australia,122812.375
2021,Computer Vision Engineer,Senior,Enterprise,Netherlands,113792.77
2021,Computer Vision Engineer,Senior,Enterprise,United Kingdom,116541.82
2021,Computer Vision Engineer,Senior,Enterprise,Canada,125386.05
2021,Computer Vision Engineer,Senior,Enterprise,Italy,98844.59
2021,Computer Vision Engineer,Senior,Enterprise,Singapore,130781.56
2021,Computer Vision Engineer,Senior,Enterprise,Germany,111649.6
2021,Computer Vision Engineer,Senior,Enterprise,Finland,88749.63
2021,Computer Vision Engineer,Lead,Small,United States,198067.44
2021,Computer Vision Engineer,Lead,Small,Australia,168664.92
2021,Computer Vision Engineer,Lead,Small,Netherlands,155212.6
2021,Computer Vision Engineer,Lead,Small,United Kingdom,158216.97
2021,Computer Vision Engineer,Lead,Small,Canada,161846.22
2021,Computer Vision Engineer,Lead,Small,Italy,145984.02
2021,Computer Vision Engineer,Lead,Small,Singapore,180214.39
2021,Computer Vision Engineer,Lead,Small,Germany,153805.77
2021,Computer Vision Engineer,Lead,Small,Finland,131839.88
2021,Computer Vision Engineer,Lead,Medium,United States,198591.0
2021,Computer Vision Engineer,Lead,Medium,Australia,169742.66
2021,Computer Vision Engineer,Lead,Medium,Netherlands,155811.64
2021,Computer Vision Engineer,Lead,Medium,United Kingdom,158905.05
2021,Computer Vision Engineer,Lead,Medium,Canada,162912.45
2021,Computer Vision Engineer,Lead,Medium,Italy,146672.1
2021,Computer Vision Engineer,Lead,Medium,Singapore,179754.14
2021,Computer Vision Engineer,Lead,Medium,Germany,154783.47
2021,Computer Vision Engineer,Lead,Medium,Finland,132527.95
2021,Computer Vision Engineer,Lead,Large,United States,197192.89
2021,Computer Vision Engineer,Lead,Large,Australia,168490.98
2021,Computer Vision Engineer,Lead,Large,Netherlands,155212.6
2021,Computer Vision Engineer,Lead,Large,United Kingdom,158216.97
2021,Computer Vision Engineer,Lead,Large,Canada,161846.22
2021,Computer Vision Engineer,Lead,Large,Italy,146890.81
2021,Computer Vision Engineer,Lead,Large,Singapore,179904.11
2021,Computer Vision Engineer,Lead,Large,Germany,153805.77
2021,Computer Vision Engineer,Lead,Large,Finland,131839.88
2021,Computer Vision Engineer,Lead,Enterprise,United States,197333.0
2021,Computer Vision Engineer,Lead,Enterprise,Australia,168445.03
2021,Computer Vision Engineer,Lead,Enterprise,Netherlands,154992.7
2021,Computer Vision Engineer,Lead,Enterprise,United Kingdom,157997.08
2021,Computer Vision Engineer,Lead,Enterprise,Canada,161626.33
2021,Computer Vision Engineer,Lead,Enterprise,Italy,145764.12
2021,Computer Vision Engineer,Lead,Enterprise,Singapore,179683.61
2021,Computer Vision Engineer,Lead,Enterprise,Germany,153585.88
2021,Computer Vision Engineer,Lead,Enterprise,Finland,131619.98
2021,Machine Learning Engineer,Entry,Small,United States,92706.1
2021,Machine Learning Engineer,Entry,Small,Australia,75333.23
2021,Machine Learning Engineer,Entry,Small,Netherlands,68311.984
2021,Machine Learning Engineer,Entry,Small,United Kingdom,70439.695
2021,Machine Learning Engineer,Entry,Small,Canada,74341.08
2021,Machine Learning Engineer,Entry,Small,Italy,56970.637
2021,Machine Learning Engineer,Entry,Small,Singapore,80528.914
2021,Machine Learning Engineer,Entry,Small,Germany,66543.85
2021,Machine Learning Engineer,Entry,Small,Finland,44851.535
2021,Machine Learning Engineer,Entry,Medium,United States,96532.95
2021,Machine Learning Engineer,Entry,Medium,Australia,79350.66
2021,Machine Learning Engineer,Entry,Medium,Netherlands,68769.85
2021,Machine Learning Engineer,Entry,Medium,United Kingdom,70758.15
2021,Machine Learning Engineer,Entry,Medium,Canada,77369.086
2021,Machine Learning Engineer,Entry,Medium,Italy,58034.453
2021,Machine Learning Engineer,Entry,Medium,Singapore,80635.2
2021,Machine Learning Engineer,Entry,Medium,Germany,67953.42
2021,Machine Learning Engineer,Entry,Medium,Finland,45915.344
2021,Machine Learning Engineer,Entry,Large,United States,93737.125
2021,Machine Learning Engineer,Entry,Large,Australia,75333.23
2021,Machine Learning Engineer,Entry,Large,Netherlands,68311.984
2021,Machine Learning Engineer,Entry,Large,United Kingdom,70439.695
2021,Machine Learning Engineer,Entry,Large,Canada,74579.32
2021,Machine Learning Engineer,Entry,Large,Italy,57877.42
2021,Machine Learning Engineer,Entry,Large,Singapore,80369.91
2021,Machine Learning Engineer,Entry,Large,Germany,66543.85
2021,Machine Learning Engineer,Entry,Large,Finland,44851.535
2021,Machine Learning Engineer,Entry,Enterprise,United States,92590.63
2021,Machine Learning Engineer,Entry,Enterprise,Australia,75217.76
2021,Machine Learning Engineer,Entry,Enterprise,Netherlands,68196.516
2021,Machine Learning Engineer,Entry,Enterprise,United Kingdom,70642.164
2021,Machine Learning Engineer,Entry,Enterprise,Canada,74225.61
2021,Machine Learning Engineer,Entry,Enterprise,Italy,56855.164
2021,Machine Learning Engineer,Entry,Enterprise,Singapore,80413.445
2021,Machine Learning Engineer,Entry,Enterprise,Germany,66604.516
2021,Machine Learning Engineer,Entry,Enterprise,Finland,44736.062
2021,Machine Learning Engineer,Mid,Small,United States,123987.39
2021,Machine Learning Engineer,Mid,Small,Australia,93927.71
2021,Machine Learning Engineer,Mid,Small,Netherlands,85878.83
2021,Machine Learning Engineer,Mid,Small,United Kingdom,88768.08
2021,Machine Learning Engineer,Mid,Small,Canada,93088.69
2021,Machine Learning Engineer,Mid,Small,Italy,78794.21
2021,Machine Learning Engineer,Mid,Small,Singapore,100149.41
2021,Machine Learning Engineer,Mid,Small,Germany,84657.51
2021,Machine Learning Engineer,Mid,Small,Finland,60991.082
2021,Machine Learning Engineer,Mid,Medium,United States,132217.62
2021,Machine Learning Engineer,Mid,Medium,Australia,99493.28
2021,Machine Learning Engineer,Mid,Medium,Netherlands,87048.58
2021,Machine Learning Engineer,Mid,Medium,United Kingdom,90578.21
2021,Machine Learning Engineer,Mid,Medium,Canada,96864.31
2021,Machine Learning Engineer,Mid,Medium,Italy,80569.914
2021,Machine Learning Engineer,Mid,Medium,Singapore,101595.03
2021,Machine Learning Engineer,Mid,Medium,Germany,86778.96
2021,Machine Learning Engineer,Mid,Medium,Finland,62766.785
2021,Machine Learning Engineer,Mid,Large,United States,126231.21
2021,Machine Learning Engineer,Mid,Large,Australia,93927.71
2021,Machine Learning Engineer,Mid,Large,Netherlands,85878.83
2021,Machine Learning Engineer,Mid,Large,United Kingdom,88768.08
2021,Machine Learning Engineer,Mid,Large,Canada,93326.93
2021,Machine Learning Engineer,Mid,Large,Italy,78794.21
2021,Machine Learning Engineer,Mid,Large,Singapore,99990.4
2021,Machine Learning Engineer,Mid,Large,Germany,84657.51
2021,Machine Learning Engineer,Mid,Large,Finland,60991.082
2021,Machine Learning Engineer,Mid,Enterprise,United States,123871.92
2021,Machine Learning Engineer,Mid,Enterprise,Australia,93812.24
2021,Machine Learning Engineer,Mid,Enterprise,Netherlands,85763.36
2021,Machine Learning Engineer,Mid,Enterprise,United Kingdom,88970.55
2021,Machine Learning Engineer,Mid,Enterprise,Canada,92973.22
2021,Machine Learning Engineer,Mid,Enterprise,Italy,78678.74
2021,Machine Learning Engineer,Mid,Enterprise,Singapore,100033.94
2021,Machine Learning Engineer,Mid,Enterprise,Germany,84718.17
2021,Machine Learning Engineer,Mid,Enterprise,Finland,60875.61
2021,Machine Learning Engineer,Senior,Small,United States,160108.5
2021,Machine Learning Engineer,Senior,Small,Australia,124691.18
2021,Machine Learning Engineer,Senior,Small,Netherlands,115667.195
2021,Machine Learning Engineer,Senior,Small,United Kingdom,118793.734
2021,Machine Learning Engineer,Senior,Small,Canada,131097.52
2021,Machine Learning Engineer,Senior,Small,Italy,101311.92
2021,Machine Learning Engineer,Senior,Small,Singapore,133351.3
2021,Machine Learning Engineer,Senior,Small,Germany,113794.07
2021,Machine Learning Engineer,Senior,Small,Finland,88411.875
2021,Machine Learning Engineer,Senior,Medium,United States,169545.94
2021,Machine Learning Engineer,Senior,Medium,Australia,129427.15
2021,Machine Learning Engineer,Senior,Medium,Netherlands,116950.34
2021,Machine Learning Engineer,Senior,Medium,United Kingdom,121235.54
2021,Machine Learning Engineer,Senior,Medium,Canada,135129.8
2021,Machine Learning Engineer,Senior,Medium,Italy,103201.02
2021,Machine Learning Engineer,Senior,Medium,Singapore,134251.9
2021,Machine Learning Engineer,Senior,Medium,Germany,116385.08
2021,Machine Learning Engineer,Senior,Medium,Finland,90300.98
2021,Machine Learning Engineer,Senior,Large,United States,160821.6
2021,Machine Learning Engineer,Senior,Large,Australia,124284.25
2021,Machine Learning Engineer,Senior,Large,Netherlands,115434.2
2021,Machine Learning Engineer,Senior,Large,United Kingdom,118560.74
2021,Machine Learning Engineer,Senior,Large,Canada,130864.59
2021,Machine Learning Engineer,Senior,Large,Italy,101985.71
2021,Machine Learning Engineer,Senior,Large,Singapore,131578.12
2021,Machine Learning Engineer,Senior,Large,Germany,113561.08
2021,Machine Learning Engineer,Senior,Large,Finland,88178.88
2021,Machine Learning Engineer,Senior,Enterprise,United States,159760.05
2021,Machine Learning Engineer,Senior,Enterprise,Australia,124342.72
2021,Machine Learning Engineer,Senior,Enterprise,Netherlands,115318.734
2021,Machine Learning Engineer,Senior,Enterprise,United Kingdom,118763.21
2021,Machine Learning Engineer,Senior,Enterprise,Canada,130749.125
2021,Machine Learning Engineer,Senior,Enterprise,Italy,100963.46
2021,Machine Learning Engineer,Senior,Enterprise,Singapore,131996.67
2021,Machine Learning Engineer,Senior,Enterprise,Germany,113621.74
2021,Machine Learning Engineer,Senior,Enterprise,Finland,88063.414
2021,Machine Learning Engineer,Lead,Small,United States,203047.69
2021,Machine Learning Engineer,Lead,Small,Australia,171229.6
2021,Machine Learning Engineer,Lead,Small,Netherlands,157566.19
2021,Machine Learning Engineer,Lead,Small,United Kingdom,160440.3
2021,Machine Learning Engineer,Lead,Small,Canada,165083.88
2021,Machine Learning Engineer,Lead,Small,Italy,148412.17
2021,Machine Learning Engineer,Lead,Small,Singapore,181564.61
2021,Machine Learning Engineer,Lead,Small,Germany,156275.06
2021,Machine Learning Engineer,Lead,Small,Finland,131462.9
2021,Machine Learning Engineer,Lead,Medium,United States,206994.81
2021,Machine Learning Engineer,Lead,Medium,Australia,175311.03
2021,Machine Learning Engineer,Lead,Medium,Netherlands,157888.38
2021,Machine Learning Engineer,Lead,Medium,United Kingdom,160623.08
2021,Machine Learning Engineer,Lead,Medium,Canada,166990.48
2021,Machine Learning Engineer,Lead,Medium,Italy,149340.31
2021,Machine Learning Engineer,Lead,Medium,Singapore,182885.36
2021,Machine Learning Engineer,Lead,Medium,Germany,157673.08
2021,Machine Learning Engineer,Lead,Medium,Finland,132391.05
2021,Machine Learning Engineer,Lead,Large,United States,202667.3
2021,Machine Learning Engineer,Lead,Large,Australia,171055.66
2021,Machine Learning Engineer,Lead,Large,Netherlands,157566.19
2021,Machine Learning Engineer,Lead,Large,United Kingdom,160440.3
2021,Machine Learning Engineer,Lead,Large,Canada,165083.88
2021,Machine Learning Engineer,Lead,Large,Italy,149318.97
2021,Machine Learning Engineer,Lead,Large,Singapore,181405.61
2021,Machine Learning Engineer,Lead,Large,Germany,156275.06
2021,Machine Learning Engineer,Lead,Large,Finland,131462.9
2021,Machine Learning Engineer,Lead,Enterprise,United States,202417.67
2021,Machine Learning Engineer,Lead,Enterprise,Australia,171114.12
2021,Machine Learning Engineer,Lead,Enterprise,Netherlands,157450.72
2021,Machine Learning Engineer,Lead,Enterprise,United Kingdom,160642.77
2021,Machine Learning Engineer,Lead,Enterprise,Canada,164968.4
2021,Machine Learning Engineer,Lead,Enterprise,Italy,148296.7
2021,Machine Learning Engineer,Lead,Enterprise,Singapore,181449.14
2021,Machine Learning Engineer,Lead,Enterprise,Germany,156335.72
2021,Machine Learning Engineer,Lead,Enterprise,Finland,131347.44
2021,Research Engineer,Entry,Small,United States,128227.36
2021,Research Engineer,Entry,Small,Australia,38965.324
2021,Research Engineer,Entry,Small,Netherlands,43728.258
2021,Research Engineer,Entry,Small,United Kingdom,115251.3
2021,Research Engineer,Entry,Small,Canada,50524.516
2021,Research Engineer,Entry,Small,Italy,45297.91
2021,Research Engineer,Entry,Small,Singapore,54854.008
2021,Research Engineer,Entry,Small,Germany,62023.156
2021,Research Engineer,Entry,Small,Finland,25037.215
2021,Research Engineer,Entry,Medium,United States,138325.86
2021,Research Engineer,Entry,Medium,Australia,43535.25
2021,Research Engineer,Entry,Medium,Netherlands,50922.227
2021,Research Engineer,Entry,Medium,United Kingdom,126272.67
2021,Research Engineer,Entry,Medium,Canada,59771.695
2021,Research Engineer,Entry,Medium,Italy,52580.906
2021,Research Engineer,Entry,Medium,Singapore,61128.902
2021,Research Engineer,Entry,Medium,Germany,76756.45
2021,Research Engineer,Entry,Medium,Finland,32320.219
2021,Research Engineer,Entry,Large,United States,129621.375
2021,Research Engineer,Entry,Large,Australia,35833.508
2021,Research Engineer,Entry,Large,Netherlands,40948.28
2021,Research Engineer,Entry,Large,United Kingdom,73195.98
2021,Research Engineer,Entry,Large,Canada,47744.54
2021,Research Engineer,Entry,Large,Italy,43424.723
2021,Research Engineer,Entry,Large,Singapore,52074.023
2021,Research Engineer,Entry,Large,Germany,62290.51
2021,Research Engineer,Entry,Large,Finland,22257.244
2021,Research Engineer,Entry,Enterprise,United States,133252.64
2021,Research Engineer,Entry,Enterprise,Australia,38965.324
2021,Research Engineer,Entry,Enterprise,Netherlands,45670.73
2021,Research Engineer,Entry,Enterprise,United Kingdom,115251.3
2021,Research Engineer,Entry,Enterprise,Canada,52466.99
2021,Research Engineer,Entry,Enterprise,Italy,47240.383
2021,Research Engineer,Entry,Enterprise,Singapore,56796.48
2021,Research Engineer,Entry,Enterprise,Germany,65422.332
2021,Research Engineer,Entry,Enterprise,Finland,26979.686
2021,Research Engineer,Mid,Small,United States,162867.02
2021,Research Engineer,Mid,Small,Australia,63472.914
2021,Research Engineer,Mid,Small,Netherlands,71097.91
2021,Research Engineer,Mid,Small,United Kingdom,139012.58
2021,Research Engineer,Mid,Small,Canada,79896.92
2021,Research Engineer,Mid,Small,Italy,73630.08
2021,Research Engineer,Mid,Small,Singapore,84574.83
2021,Research Engineer,Mid,Small,Germany,87837.34
2021,Research Engineer,Mid,Small,Finland,52868.65
2021,Research Engineer,Mid,Medium,United States,177995.77
2021,Research Engineer,Mid,Medium,Australia,73129.734
2021,Research Engineer,Mid,Medium,Netherlands,84701.86
2021,Research Engineer,Mid,Medium,United Kingdom,158514.27
2021,Research Engineer,Mid,Medium,Canada,95589.83
2021,Research Engineer,Mid,Medium,Italy,87323.06
2021,Research Engineer,Mid,Medium,Singapore,97761.7
2021,Research Engineer,Mid,Medium,Germany,108980.56
2021,Research Engineer,Mid,Medium,Finland,66561.66
2021,Research Engineer,Mid,Large,United States,164151.5
2021,Research Engineer,Mid,Large,Australia,59471.105
2021,Research Engineer,Mid,Large,Netherlands,66489.54
2021,Research Engineer,Mid,Large,United Kingdom,95311.99
2021,Research Engineer,Mid,Large,Canada,75288.555
2021,Research Engineer,Mid,Large,Italy,69021.71
2021,Research Engineer,Mid,Large,Singapore,79966.46
2021,Research Engineer,Mid,Large,Germany,86276.305
2021,Research Engineer,Mid,Large,Finland,48260.273
2021,Research Engineer,Mid,Enterprise,United States,168338.64
2021,Research Engineer,Mid,Enterprise,Australia,63472.914
2021,Research Engineer,Mid,Enterprise,Netherlands,72081.98
2021,Research Engineer,Mid,Enterprise,United Kingdom,139012.58
2021,Research Engineer,Mid,Enterprise,Canada,80880.99
2021,Research Engineer,Mid,Enterprise,Italy,74614.15
2021,Research Engineer,Mid,Enterprise,Singapore,85558.9
2021,Research Engineer,Mid,Enterprise,Germany,90278.12
2021,Research Engineer,Mid,Enterprise,Finland,53852.72
2021,Research Engineer,Senior,Small,United States,180273.77
2021,Research Engineer,Senior,Small,Australia,117099.71
2021,Research Engineer,Senior,Small,Netherlands,132455.75
2021,Research Engineer,Senior,Small,United Kingdom,278448.3
2021,Research Engineer,Senior,Small,Canada,130975.49
2021,Research Engineer,Senior,Small,Italy,122111.06
2021,Research Engineer,Senior,Small,Singapore,146167.97
2021,Research Engineer,Senior,Small,Germany,152385.62
2021,Research Engineer,Senior,Small,Finland,111859.09
2021,Research Engineer,Senior,Medium,United States,197873.33
2021,Research Engineer,Senior,Medium,Australia,127210.29
2021,Research Engineer,Senior,Medium,Netherlands,148415.0
2021,Research Engineer,Senior,Medium,United Kingdom,295657.16
2021,Research Engineer,Senior,Medium,Canada,148566.64
2021,Research Engineer,Senior,Medium,Italy,138159.31
2021,Research Engineer,Senior,Medium,Singapore,162432.83
2021,Research Engineer,Senior,Medium,Germany,176240.28
2021,Research Engineer,Senior,Medium,Finland,127907.336
2021,Research Engineer,Senior,Large,United States,189140.44
2021,Research Engineer,Senior,Large,Australia,117321.32
2021,Research Engineer,Senior,Large,Netherlands,133029.19
2021,Research Engineer,Senior,Large,United Kingdom,250829.69
2021,Research Engineer,Senior,Large,Canada,131548.95
2021,Research Engineer,Senior,Large,Italy,123591.3
2021,Research Engineer,Senior,Large,Singapore,146741.42
2021,Research Engineer,Senior,Large,Germany,156006.39
2021,Research Engineer,Senior,Large,Finland,112432.53
2021,Research Engineer,Senior,Enterprise,United States,189281.6
2021,Research Engineer,Senior,Enterprise,Australia,119677.42
2021,Research Engineer,Senior,Enterprise,Netherlands,136976.02
2021,Research Engineer,Senior,Enterprise,United Kingdom,278448.3
2021,Research Engineer,Senior,Enterprise,Canada,135495.78
2021,Research Engineer,Senior,Enterprise,Italy,126631.3
2021,Research Engineer,Senior,Enterprise,Singapore,150688.25
2021,Research Engineer,Senior,Enterprise,Germany,158362.58
2021,Research Engineer,Senior,Enterprise,Finland,116379.4
2021,Research Engineer,Lead,Small,United States,211899.42
2021,Research Engineer,Lead,Small,Australia,141001.47
2021,Research Engineer,Lead,Small,Netherlands,148306.11
2021,Research Engineer,Lead,Small,United Kingdom,237650.12
2021,Research Engineer,Lead,Small,Canada,152203.27
2021,Research Engineer,Lead,Small,Italy,147791.5
2021,Research Engineer,Lead,Small,Singapore,169344.2
2021,Research Engineer,Lead,Small,Germany,170418.06
2021,Research Engineer,Lead,Small,Finland,128861.41
2021,Research Engineer,Lead,Medium,United States,225256.62
2021,Research Engineer,Lead,Medium,Australia,149386.0
2021,Research Engineer,Lead,Medium,Netherlands,162232.78
2021,Research Engineer,Lead,Medium,United Kingdom,252826.4
2021,Research Engineer,Lead,Medium,Canada,166597.12
2021,Research Engineer,Lead,Medium,Italy,161807.22
2021,Research Engineer,Lead,Medium,Singapore,183576.48
2021,Research Engineer,Lead,Medium,Germany,192008.12
2021,Research Engineer,Lead,Medium,Finland,142877.1
2021,Research Engineer,Lead,Large,United States,217892.25
2021,Research Engineer,Lead,Large,Australia,140752.06
2021,Research Engineer,Lead,Large,Netherlands,148408.53
2021,Research Engineer,Lead,Large,United Kingdom,206937.39
2021,Research Engineer,Lead,Large,Canada,152305.69
2021,Research Engineer,Lead,Large,Italy,148800.73
2021,Research Engineer,Lead,Large,Singapore,169446.62
2021,Research Engineer,Lead,Large,Germany,173567.83
2021,Research Engineer,Lead,Large,Finland,128963.83
2021,Research Engineer,Lead,Enterprise,United States,220392.72
2021,Research Engineer,Lead,Enterprise,Australia,143579.28
2021,Research Engineer,Lead,Enterprise,Netherlands,152826.39
2021,Research Engineer,Lead,Enterprise,United Kingdom,237650.12
2021,Research Engineer,Lead,Enterprise,Canada,156723.55
2021,Research Engineer,Lead,Enterprise,Italy,152311.78
2021,Research Engineer,Lead,Enterprise,Singapore,173864.48
2021,Research Engineer,Lead,Enterprise,Germany,176395.05
2021,Research Engineer,Lead,Enterprise,Finland,133381.67
2021,Software Engineer,Entry,Small,United States,75183.62
2021,Software Engineer,Entry,Small,Australia,89256.65
2021,Software Engineer,Entry,Small,Netherlands,59140.344
2021,Software Engineer,Entry,Small,United Kingdom,59981.938
2021,Software Engineer,Entry,Small,Canada,65631.64
2021,Software Engineer,Entry,Small,Italy,47942.58
2021,Software Engineer,Entry,Small,Singapore,64573.895
2021,Software Engineer,Entry,Small,Germany,57284.137
2021,Software Engineer,Entry,Small,Finland,38604.207
2021,Software Engineer,Entry,Medium,United States,65393.41
2021,Software Engineer,Entry,Medium,Australia,65101.918
2021,Software Engineer,Entry,Medium,Netherlands,47576.773
2021,Software Engineer,Entry,Medium,United Kingdom,45519.375
2021,Software Engineer,Entry,Medium,Canada,56934.89
2021,Software Engineer,Entry,Medium,Italy,36468.03
2021,Software Engineer,Entry,Medium,Singapore,51965.77
2021,Software Engineer,Entry,Medium,Germany,46155.344
2021,Software Engineer,Entry,Medium,Finland,27129.633
2021,Software Engineer,Entry,Large,United States,67955.95
2021,Software Engineer,Entry,Large,Australia,76321.69
2021,Software Engineer,Entry,Large,Netherlands,50675.0
2021,Software Engineer,Entry,Large,United Kingdom,54151.13
2021,Software Engineer,Entry,Large,Canada,57166.297
2021,Software Engineer,Entry,Large,Italy,40384.02
2021,Software Engineer,Entry,Large,Singapore,56108.535
2021,Software Engineer,Entry,Large,Germany,48818.793
2021,Software Engineer,Entry,Large,Finland,30138.836
2021,Software Engineer,Entry,Enterprise,United States,67419.09
2021,Software Engineer,Entry,Enterprise,Australia,76321.69
2021,Software Engineer,Entry,Enterprise,Netherlands,50675.0
2021,Software Engineer,Entry,Enterprise,United Kingdom,51516.594
2021,Software Engineer,Entry,Enterprise,Canada,57166.297
2021,Software Engineer,Entry,Enterprise,Italy,39477.234
2021,Software Engineer,Entry,Enterprise,Singapore,56108.535
2021,Software Engineer,Entry,Enterprise,Germany,48818.793
2021,Software Engineer,Entry,Enterprise,Finland,30138.836
2021,Software Engineer,Mid,Small,United States,96146.82
2021,Software Engineer,Mid,Small,Australia,96427.62
2021,Software Engineer,Mid,Small,Netherlands,83038.125
2021,Software Engineer,Mid,Small,United Kingdom,79092.68
2021,Software Engineer,Mid,Small,Canada,78517.19
2021,Software Engineer,Mid,Small,Italy,63482.22
2021,Software Engineer,Mid,Small,Singapore,75660.44
2021,Software Engineer,Mid,Small,Germany,69405.04
2021,Software Engineer,Mid,Small,Finland,49427.54
2021,Software Engineer,Mid,Medium,United States,93200.266
2021,Software Engineer,Mid,Medium,Australia,81098.19
2021,Software Engineer,Mid,Medium,Netherlands,80844.34
2021,Software Engineer,Mid,Medium,United Kingdom,72732.88
2021,Software Engineer,Mid,Medium,Canada,75264.24
2021,Software Engineer,Mid,Medium,Italy,57122.387
2021,Software Engineer,Mid,Medium,Singapore,68794.52
2021,Software Engineer,Mid,Medium,Germany,63390.957
2021,Software Engineer,Mid,Medium,Finland,43067.746
2021,Software Engineer,Mid,Large,United States,90982.57
2021,Software Engineer,Mid,Large,Australia,85945.61
2021,Software Engineer,Mid,Large,Netherlands,76636.18
2021,Software Engineer,Mid,Large,United Kingdom,72690.74
2021,Software Engineer,Mid,Large,Canada,73222.18
2021,Software Engineer,Mid,Large,Italy,57080.246
2021,Software Engineer,Mid,Large,Singapore,69258.49
2021,Software Engineer,Mid,Large,Germany,63003.08
2021,Software Engineer,Mid,Large,Finland,43025.625
2021,Software Engineer,Mid,Enterprise,United States,90445.695
2021,Software Engineer,Mid,Enterprise,Australia,85945.61
2021,Software Engineer,Mid,Enterprise,Netherlands,76636.18
2021,Software Engineer,Mid,Enterprise,United Kingdom,72690.74
2021,Software Engineer,Mid,Enterprise,Canada,73222.18
2021,Software Engineer,Mid,Enterprise,Italy,57080.246
2021,Software Engineer,Mid,Enterprise,Singapore,69258.49
2021,Software Engineer,Mid,Enterprise,Germany,63003.08
2021,Software Engineer,Mid,Enterprise,Finland,43025.625
2021,Software Engineer,Senior,Small,United States,125477.99
2021,Software Engineer,Senior,Small,Australia,121081.266
2021,Software Engineer,Senior,Small,Netherlands,99265.375
2021,Software Engineer,Senior,Small,United Kingdom,104548.92
2021,Software Engineer,Senior,Small,Canada,110499.26
2021,Software Engineer,Senior,Small,Italy,83735.29
2021,Software Engineer,Senior,Small,Singapore,108959.055
2021,Software Engineer,Senior,Small,Germany,95919.03
2021,Software Engineer,Senior,Small,Finland,74583.72
2021,Software Engineer,Senior,Medium,United States,118411.84
2021,Software Engineer,Senior,Medium,Australia,102599.27
2021,Software Engineer,Senior,Medium,Netherlands,89068.85
2021,Software Engineer,Senior,Medium,United Kingdom,94754.36
2021,Software Engineer,Senior,Medium,Canada,104369.72
2021,Software Engineer,Senior,Medium,Italy,73940.72
2021,Software Engineer,Senior,Medium,Singapore,99381.07
2021,Software Engineer,Senior,Medium,Germany,86826.37
2021,Software Engineer,Senior,Medium,Finland,64789.152
2021,Software Engineer,Senior,Large,United States,115652.805
2021,Software Engineer,Senior,Large,Australia,106160.58
2021,Software Engineer,Senior,Large,Netherlands,88988.25
2021,Software Engineer,Senior,Large,United Kingdom,94271.8
2021,Software Engineer,Senior,Large,Canada,101329.06
2021,Software Engineer,Senior,Large,Italy,74364.94
2021,Software Engineer,Senior,Large,Singapore,98681.92
2021,Software Engineer,Senior,Large,Germany,85641.9
2021,Software Engineer,Senior,Large,Finland,64306.59
2021,Software Engineer,Senior,Enterprise,United States,115200.89
2021,Software Engineer,Senior,Enterprise,Australia,106334.516
2021,Software Engineer,Senior,Enterprise,Netherlands,88988.25
2021,Software Engineer,Senior,Enterprise,United Kingdom,94271.8
2021,Software Engineer,Senior,Enterprise,Canada,101329.06
2021,Software Engineer,Senior,Enterprise,Italy,73458.16
2021,Software Engineer,Senior,Enterprise,Singapore,98681.92
2021,Software Engineer,Senior,Enterprise,Germany,85641.9
2021,Software Engineer,Senior,Enterprise,Finland,64306.59
2021,Software Engineer,Lead,Small,United States,157684.83
2021,Software Engineer,Lead,Small,Australia,165210.22
2021,Software Engineer,Lead,Small,Netherlands,139305.73
2021,Software Engineer,Lead,Small,United Kingdom,144771.6
2021,Software Engineer,Lead,Small,Canada,144725.77
2021,Software Engineer,Lead,Small,Italy,128976.92
2021,Software Engineer,Lead,Small,Singapore,154916.44
2021,Software Engineer,Lead,Small,Germany,136541.4
2021,Software Engineer,Lead,Small,Finland,115776.18
2021,Software Engineer,Lead,Medium,United States,148976.92
2021,Software Engineer,Lead,Medium,Australia,147284.28
2021,Software Engineer,Lead,Medium,Netherlands,129358.86
2021,Software Engineer,Lead,Medium,United Kingdom,135226.69
2021,Software Engineer,Lead,Medium,Canada,137681.17
2021,Software Engineer,Lead,Medium,Italy,119432.01
2021,Software Engineer,Lead,Medium,Singapore,145588.11
2021,Software Engineer,Lead,Medium,Germany,127466.39
2021,Software Engineer,Lead,Medium,Finland,106231.2
2021,Software Engineer,Lead,Large,United States,147609.3
2021,Software Engineer,Lead,Large,Australia,150664.88
2021,Software Engineer,Lead,Large,Netherlands,129403.97
2021,Software Engineer,Lead,Large,United Kingdom,134869.81
2021,Software Engineer,Lead,Large,Canada,135930.92
2021,Software Engineer,Lead,Large,Italy,119981.92
2021,Software Engineer,Lead,Large,Singapore,145014.66
2021,Software Engineer,Lead,Large,Germany,126639.625
2021,Software Engineer,Lead,Large,Finland,105874.34
2021,Software Engineer,Lead,Enterprise,United States,147969.3
2021,Software Engineer,Lead,Enterprise,Australia,150838.81
2021,Software Engineer,Lead,Enterprise,Netherlands,129403.97
2021,Software Engineer,Lead,Enterprise,United Kingdom,134869.81
2021,Software Engineer,Lead,Enterprise,Canada,135930.92
2021,Software Engineer,Lead,Enterprise,Italy,119075.14
2021,Software Engineer,Lead,Enterprise,Singapore,145014.66
2021,Software Engineer,Lead,Enterprise,Germany,126639.625
2021,Software Engineer,Lead,Enterprise,Finland,105874.34
2021,Research Scientist,Entry,Small,United States,98214.84
2021,Research Scientist,Entry,Small,Australia,81309.74
2021,Research Scientist,Entry,Small,Netherlands,73941.09
2021,Research Scientist,Entry,Small,United Kingdom,74916.36
2021,Research Scientist,Entry,Small,Canada,80954.03
2021,Research Scientist,Entry,Small,Italy,61354.645
2021,Research Scientist,Entry,Small,Singapore,87815.04
2021,Research Scientist,Entry,Small,Germany,71327.875
2021,Research Scientist,Entry,Small,Finland,46926.863
2021,Research Scientist,Entry,Medium,United States,114306.51
2021,Research Scientist,Entry,Medium,Australia,83994.73
2021,Research Scientist,Entry,Medium,Netherlands,78025.63
2021,Research Scientist,Entry,Medium,United Kingdom,80325.17
2021,Research Scientist,Entry,Medium,Canada,84827.55
2021,Research Scientist,Entry,Medium,Italy,63716.402
2021,Research Scientist,Entry,Medium,Singapore,89468.29
2021,Research Scientist,Entry,Medium,Germany,74035.36
2021,Research Scientist,Entry,Medium,Finland,49288.613
2021,Research Scientist,Entry,Large,United States,101471.945
2021,Research Scientist,Entry,Large,Australia,81309.74
2021,Research Scientist,Entry,Large,Netherlands,74098.2
2021,Research Scientist,Entry,Large,United Kingdom,74916.36
2021,Research Scientist,Entry,Large,Canada,81186.33
2021,Research Scientist,Entry,Large,Italy,62261.43
2021,Research Scientist,Entry,Large,Singapore,87843.49
2021,Research Scientist,Entry,Large,Germany,71327.875
2021,Research Scientist,Entry,Large,Finland,46926.863
2021,Research Scientist,Entry,Enterprise,United States,99270.17
2021,Research Scientist,Entry,Enterprise,Australia,81309.74
2021,Research Scientist,Entry,Enterprise,Netherlands,73941.09
2021,Research Scientist,Entry,Enterprise,United Kingdom,75260.61
2021,Research Scientist,Entry,Enterprise,Canada,80954.03
2021,Research Scientist,Entry,Enterprise,Italy,61354.645
2021,Research Scientist,Entry,Enterprise,Singapore,87568.71
2021,Research Scientist,Entry,Enterprise,Germany,71327.875
2021,Research Scientist,Entry,Enterprise,Finland,46926.863
2021,Research Scientist,Mid,Small,United States,129564.234
2021,Research Scientist,Mid,Small,Australia,100813.63
2021,Research Scientist,Mid,Small,Netherlands,93112.49
2021,Research Scientist,Mid,Small,United Kingdom,94759.71
2021,Research Scientist,Mid,Small,Canada,102894.484
2021,Research Scientist,Mid,Small,Italy,83342.29
2021,Research Scientist,Mid,Small,Singapore,108577.08
2021,Research Scientist,Mid,Small,Germany,90347.16
2021,Research Scientist,Mid,Small,Finland,64197.95
2021,Research Scientist,Mid,Medium,United States,139865.97
2021,Research Scientist,Mid,Medium,Australia,103505.305
2021,Research Scientist,Mid,Medium,Netherlands,96367.48
2021,Research Scientist,Mid,Medium,United Kingdom,99338.95
2021,Research Scientist,Mid,Medium,Canada,105758.48
2021,Research Scientist,Mid,Medium,Italy,84874.47
2021,Research Scientist,Mid,Medium,Singapore,110028.21
2021,Research Scientist,Mid,Medium,Germany,92225.086
2021,Research Scientist,Mid,Medium,Finland,65730.15
2021,Research Scientist,Mid,Large,United States,131156.42
2021,Research Scientist,Mid,Large,Australia,100813.63
2021,Research Scientist,Mid,Large,Netherlands,93269.6
2021,Research Scientist,Mid,Large,United Kingdom,94759.71
2021,Research Scientist,Mid,Large,Canada,103126.77
2021,Research Scientist,Mid,Large,Italy,83342.29
2021,Research Scientist,Mid,Large,Singapore,108605.53
2021,Research Scientist,Mid,Large,Germany,90347.16
2021,Research Scientist,Mid,Large,Finland,64197.95
2021,Research Scientist,Mid,Enterprise,United States,130619.555
2021,Research Scientist,Mid,Enterprise,Australia,100813.63
2021,Research Scientist,Mid,Enterprise,Netherlands,93112.49
2021,Research Scientist,Mid,Enterprise,United Kingdom,95103.96
2021,Research Scientist,Mid,Enterprise,Canada,102894.484
2021,Research Scientist,Mid,Enterprise,Italy,83342.29
2021,Research Scientist,Mid,Enterprise,Singapore,108330.74
2021,Research Scientist,Mid,Enterprise,Germany,90347.16
2021,Research Scientist,Mid,Enterprise,Finland,64197.95
2021,Research Scientist,Senior,Small,United States,167730.02
2021,Research Scientist,Senior,Small,Australia,131791.75
2021,Research Scientist,Senior,Small,Netherlands,122436.42
2021,Research Scientist,Senior,Small,United Kingdom,124669.34
2021,Research Scientist,Senior,Small,Canada,134555.14
2021,Research Scientist,Senior,Small,Italy,107526.62
2021,Research Scientist,Senior,Small,Singapore,143715.19
2021,Research Scientist,Senior,Small,Germany,119710.36
2021,Research Scientist,Senior,Small,Finland,91954.65
2021,Research Scientist,Senior,Medium,United States,175756.22
2021,Research Scientist,Senior,Medium,Australia,134464.8
2021,Research Scientist,Senior,Medium,Netherlands,126615.77
2021,Research Scientist,Senior,Medium,United Kingdom,133329.14
2021,Research Scientist,Senior,Medium,Canada,138554.55
2021,Research Scientist,Senior,Medium,Italy,109983.164
2021,Research Scientist,Senior,Medium,Singapore,144908.69
2021,Research Scientist,Senior,Medium,Germany,122868.81
2021,Research Scientist,Senior,Medium,Finland,94411.195
2021,Research Scientist,Senior,Large,United States,169237.28
2021,Research Scientist,Senior,Large,Australia,131617.81
2021,Research Scientist,Senior,Large,Netherlands,122593.53
2021,Research Scientist,Senior,Large,United Kingdom,124669.34
2021,Research Scientist,Senior,Large,Canada,134787.42
2021,Research Scientist,Senior,Large,Italy,108433.4
2021,Research Scientist,Senior,Large,Singapore,143743.64
2021,Research Scientist,Senior,Large,Germany,119710.36
2021,Research Scientist,Senior,Large,Finland,91954.65
2021,Research Scientist,Senior,Enterprise,United States,168785.36
2021,Research Scientist,Senior,Enterprise,Australia,131791.75
2021,Research Scientist,Senior,Enterprise,Netherlands,122436.42
2021,Research Scientist,Senior,Enterprise,United Kingdom,124669.34
2021,Research Scientist,Senior,Enterprise,Canada,134555.14
2021,Research Scientist,Senior,Enterprise,Italy,107526.62
2021,Research Scientist,Senior,Enterprise,Singapore,143468.84
2021,Research Scientist,Senior,Enterprise,Germany,119710.36
2021,Research Scientist,Senior,Enterprise,Finland,91954.65
2021,Research Scientist,Lead,Small,United States,209577.94
2021,Research Scientist,Lead,Small,Australia,182745.33
2021,Research Scientist,Lead,Small,Netherlands,169178.28
2021,Research Scientist,Lead,Small,United Kingdom,171154.19
2021,Research Scientist,Lead,Small,Canada,177492.06
2021,Research Scientist,Lead,Small,Italy,159031.39
2021,Research Scientist,Lead,Small,Singapore,196288.64
2021,Research Scientist,Lead,Small,Germany,167294.3
2021,Research Scientist,Lead,Small,Finland,140108.64
2021,Research Scientist,Lead,Medium,United States,220063.67
2021,Research Scientist,Lead,Medium,Australia,185010.42
2021,Research Scientist,Lead,Medium,Netherlands,172643.25
2021,Research Scientist,Lead,Medium,United Kingdom,179099.75
2021,Research Scientist,Lead,Medium,Canada,179612.4
2021,Research Scientist,Lead,Medium,Italy,160773.58
2021,Research Scientist,Lead,Medium,Singapore,197170.45
2021,Research Scientist,Lead,Medium,Germany,169506.36
2021,Research Scientist,Lead,Medium,Finland,141850.84
2021,Research Scientist,Lead,Large,United States,215884.81
2021,Research Scientist,Lead,Large,Australia,182571.39
2021,Research Scientist,Lead,Large,Netherlands,169335.39
2021,Research Scientist,Lead,Large,United Kingdom,171154.19
2021,Research Scientist,Lead,Large,Canada,177724.34
2021,Research Scientist,Lead,Large,Italy,159938.19
2021,Research Scientist,Lead,Large,Singapore,196317.1
2021,Research Scientist,Lead,Large,Germany,167294.3
2021,Research Scientist,Lead,Large,Finland,140108.64
2021,Research Scientist,Lead,Enterprise,United States,215884.81
2021,Research Scientist,Lead,Enterprise,Australia,182745.33
2021,Research Scientist,Lead,Enterprise,Netherlands,169178.28
2021,Research Scientist,Lead,Enterprise,United Kingdom,171154.19
2021,Research Scientist,Lead,Enterprise,Canada,177492.06
2021,Research Scientist,Lead,Enterprise,Italy,159031.39
2021,Research Scientist,Lead,Enterprise,Singapore,196042.3
2021,Research Scientist,Lead,Enterprise,Germany,167294.3
2021,Research Scientist,Lead,Enterprise,Finland,140108.64
2021,Solution Architect,Entry,Small,United States,85894.805
2021,Solution Architect,Entry,Small,Australia,71180.11
2021,Solution Architect,Entry,Small,Netherlands,63220.55
2021,Solution Architect,Entry,Small,United Kingdom,82116.484
2021,Solution Architect,Entry,Small,Canada,68654.09
2021,Solution Architect,Entry,Small,Italy,51858.703
2021,Solution Architect,Entry,Small,Singapore,74015.16
2021,Solution Architect,Entry,Small,Germany,61133.47
2021,Solution Architect,Entry,Small,Finland,41709.02
2021,Solution Architect,Entry,Medium,United States,85177.68
2021,Solution Architect,Entry,Medium,Australia,69802.7
2021,Solution Architect,Entry,Medium,Netherlands,61430.9
2021,Solution Architect,Entry,Medium,United Kingdom,80415.84
2021,Solution Architect,Entry,Medium,Canada,68917.64
2021,Solution Architect,Entry,Medium,Italy,50158.06
2021,Solution Architect,Entry,Medium,Singapore,71180.95
2021,Solution Architect,Entry,Medium,Germany,59778.58
2021,Solution Architect,Entry,Medium,Finland,40008.383
2021,Solution Architect,Entry,Large,United States,86106.016
2021,Solution Architect,Entry,Large,Australia,71017.555
2021,Solution Architect,Entry,Large,Netherlands,63057.996
2021,Solution Architect,Entry,Large,United Kingdom,81953.93
2021,Solution Architect,Entry,Large,Canada,68491.53
2021,Solution Architect,Entry,Large,Italy,52602.934
2021,Solution Architect,Entry,Large,Singapore,73852.6
2021,Solution Architect,Entry,Large,Germany,60970.914
2021,Solution Architect,Entry,Large,Finland,41546.465
2021,Solution Architect,Entry,Enterprise,United States,85894.805
2021,Solution Architect,Entry,Enterprise,Australia,71180.11
2021,Solution Architect,Entry,Enterprise,Netherlands,63220.55
2021,Solution Architect,Entry,Enterprise,United Kingdom,82116.484
2021,Solution Architect,Entry,Enterprise,Canada,68654.09
2021,Solution Architect,Entry,Enterprise,Italy,51858.703
2021,Solution Architect,Entry,Enterprise,Singapore,74015.16
2021,Solution Architect,Entry,Enterprise,Germany,61133.47
2021,Solution Architect,Entry,Enterprise,Finland,41709.02
2021,Solution Architect,Mid,Small,United States,117923.72
2021,Solution Architect,Mid,Small,Australia,89560.37
2021,Solution Architect,Mid,Small,Netherlands,80885.055
2021,Solution Architect,Mid,Small,United Kingdom,98767.0
2021,Solution Architect,Mid,Small,Canada,91450.32
2021,Solution Architect,Mid,Small,Italy,73779.84
2021,Solution Architect,Mid,Small,Singapore,94117.234
2021,Solution Architect,Mid,Small,Germany,79029.21
2021,Solution Architect,Mid,Small,Finland,58281.305
2021,Solution Architect,Mid,Medium,United States,121330.96
2021,Solution Architect,Mid,Medium,Australia,91414.67
2021,Solution Architect,Mid,Medium,Netherlands,81490.836
2021,Solution Architect,Mid,Medium,United Kingdom,99461.81
2021,Solution Architect,Mid,Medium,Canada,94145.055
2021,Solution Architect,Mid,Medium,Italy,74474.66
2021,Solution Architect,Mid,Medium,Singapore,94305.94
2021,Solution Architect,Mid,Medium,Germany,80069.77
2021,Solution Architect,Mid,Medium,Finland,58976.1
2021,Solution Architect,Mid,Large,United States,113761.44
2021,Solution Architect,Mid,Large,Australia,85412.98
2021,Solution Architect,Mid,Large,Netherlands,76737.664
2021,Solution Architect,Mid,Large,United Kingdom,95867.99
2021,Solution Architect,Mid,Large,Canada,87302.93
2021,Solution Architect,Mid,Large,Italy,69632.45
2021,Solution Architect,Mid,Large,Singapore,89969.84
2021,Solution Architect,Mid,Large,Germany,74881.82
2021,Solution Architect,Mid,Large,Finland,54133.887
2021,Solution Architect,Mid,Enterprise,United States,117923.72
2021,Solution Architect,Mid,Enterprise,Australia,89560.37
2021,Solution Architect,Mid,Enterprise,Netherlands,80885.055
2021,Solution Architect,Mid,Enterprise,United Kingdom,98767.0
2021,Solution Architect,Mid,Enterprise,Canada,91450.32
2021,Solution Architect,Mid,Enterprise,Italy,73779.84
2021,Solution Architect,Mid,Enterprise,Singapore,94117.234
2021,Solution Architect,Mid,Enterprise,Germany,79029.21
2021,Solution Architect,Mid,Enterprise,Finland,58281.305
2021,Solution Architect,Senior,Small,United States,164204.7
2021,Solution Architect,Senior,Small,Australia,128805.74
2021,Solution Architect,Senior,Small,Netherlands,119155.31
2021,Solution Architect,Senior,Small,United Kingdom,138512.08
2021,Solution Architect,Senior,Small,Canada,128703.45
2021,Solution Architect,Senior,Small,Italy,104779.445
2021,Solution Architect,Senior,Small,Singapore,134138.47
2021,Solution Architect,Senior,Small,Germany,115231.85
2021,Solution Architect,Senior,Small,Finland,94183.984
2021,Solution Architect,Senior,Medium,United States,167287.28
2021,Solution Architect,Senior,Medium,Australia,129376.42
2021,Solution Architect,Senior,Medium,Netherlands,119420.47
2021,Solution Architect,Senior,Medium,United Kingdom,138866.27
2021,Solution Architect,Senior,Medium,Canada,130600.4
2021,Solution Architect,Senior,Medium,Italy,105133.63
2021,Solution Architect,Senior,Medium,Singapore,134709.2
2021,Solution Architect,Senior,Medium,Germany,116287.945
2021,Solution Architect,Senior,Medium,Finland,94538.17
2021,Solution Architect,Senior,Large,United States,165774.16
2021,Solution Architect,Senior,Large,Australia,129912.445
2021,Solution Architect,Senior,Large,Netherlands,120435.95
2021,Solution Architect,Senior,Large,United Kingdom,139792.7
2021,Solution Architect,Senior,Large,Canada,129984.03
2021,Solution Architect,Senior,Large,Italy,106966.87
2021,Solution Architect,Senior,Large,Singapore,135419.03
2021,Solution Architect,Senior,Large,Germany,116512.49
2021,Solution Architect,Senior,Large,Finland,95464.625
2021,Solution Architect,Senior,Enterprise,United States,164204.7
2021,Solution Architect,Senior,Enterprise,Australia,128805.74
2021,Solution Architect,Senior,Enterprise,Netherlands,119155.31
2021,Solution Architect,Senior,Enterprise,United Kingdom,138512.08
2021,Solution Architect,Senior,Enterprise,Canada,128703.45
2021,Solution Architect,Senior,Enterprise,Italy,104779.445
2021,Solution Architect,Senior,Enterprise,Singapore,134138.47
2021,Solution Architect,Senior,Enterprise,Germany,115231.85
2021,Solution Architect,Senior,Enterprise,Finland,94183.984
2021,Solution Architect,Lead,Small,United States,190103.77
2021,Solution Architect,Lead,Small,Australia,163505.48
2021,Solution Architect,Lead,Small,Netherlands,149679.9
2021,Solution Architect,Lead,Small,United Kingdom,169133.72
2021,Solution Architect,Lead,Small,Canada,155953.78
2021,Solution Architect,Lead,Small,Italy,140505.31
2021,Solution Architect,Lead,Small,Singapore,171097.45
2021,Solution Architect,Lead,Small,Germany,148069.8
2021,Solution Architect,Lead,Small,Finland,125860.76
2021,Solution Architect,Lead,Medium,United States,190468.44
2021,Solution Architect,Lead,Medium,Australia,164256.88
2021,Solution Architect,Lead,Medium,Netherlands,149819.36
2021,Solution Architect,Lead,Medium,United Kingdom,169362.2
2021,Solution Architect,Lead,Medium,Canada,156560.42
2021,Solution Architect,Lead,Medium,Italy,140733.8
2021,Solution Architect,Lead,Medium,Singapore,171542.52
2021,Solution Architect,Lead,Medium,Germany,148768.16
2021,Solution Architect,Lead,Medium,Finland,126089.23
2021,Solution Architect,Lead,Large,United States,188903.55
2021,Solution Architect,Lead,Large,Australia,163168.98
2021,Solution Architect,Lead,Large,Netherlands,149517.34
2021,Solution Architect,Lead,Large,United Kingdom,168971.16
2021,Solution Architect,Lead,Large,Canada,155791.22
2021,Solution Architect,Lead,Large,Italy,141249.55
2021,Solution Architect,Lead,Large,Singapore,170934.89
2021,Solution Architect,Lead,Large,Germany,147907.23
2021,Solution Architect,Lead,Large,Finland,125698.2
2021,Solution Architect,Lead,Enterprise,United States,189589.22
2021,Solution Architect,Lead,Enterprise,Australia,163505.48
2021,Solution Architect,Lead,Enterprise,Netherlands,149679.9
2021,Solution Architect,Lead,Enterprise,United Kingdom,169133.72
2021,Solution Architect,Lead,Enterprise,Canada,155953.78
2021,Solution Architect,Lead,Enterprise,Italy,140505.31
2021,Solution Architect,Lead,Enterprise,Singapore,171097.45
2021,Solution Architect,Lead,Enterprise,Germany,148069.8
2021,Solution Architect,Lead,Enterprise,Finland,125860.76
2021,Software Architect,Entry,Small,United States,122357.81
2021,Software Architect,Entry,Small,Australia,103424.8
2021,Software Architect,Entry,Small,Netherlands,97802.88
2021,Software Architect,Entry,Small,United Kingdom,99166.46
2021,Software Architect,Entry,Small,Canada,102607.4
2021,Software Architect,Entry,Small,Italy,86440.95
2021,Software Architect,Entry,Small,Singapore,108489.87
2021,Software Architect,Entry,Small,Germany,95715.75
2021,Software Architect,Entry,Small,Finland,76291.29
2021,Software Architect,Entry,Medium,United States,128691.62
2021,Software Architect,Entry,Medium,Australia,108711.78
2021,Software Architect,Entry,Medium,Netherlands,103064.14
2021,Software Architect,Entry,Medium,United Kingdom,104516.75
2021,Software Architect,Entry,Medium,Canada,109921.875
2021,Software Architect,Entry,Medium,Italy,91791.26
2021,Software Architect,Entry,Medium,Singapore,112706.59
2021,Software Architect,Entry,Medium,Germany,101411.8
2021,Software Architect,Entry,Medium,Finland,81641.58
2021,Software Architect,Entry,Large,United States,111503.14
2021,Software Architect,Entry,Large,Australia,92033.25
2021,Software Architect,Entry,Large,Netherlands,86411.33
2021,Software Architect,Entry,Large,United Kingdom,87774.91
2021,Software Architect,Entry,Large,Canada,91443.85
2021,Software Architect,Entry,Large,Italy,75956.18
2021,Software Architect,Entry,Large,Singapore,97098.33
2021,Software Architect,Entry,Large,Germany,84324.2
2021,Software Architect,Entry,Large,Finland,64899.703
2021,Software Architect,Entry,Enterprise,United States,122357.81
2021,Software Architect,Entry,Enterprise,Australia,103424.8
2021,Software Architect,Entry,Enterprise,Netherlands,97802.88
2021,Software Architect,Entry,Enterprise,United Kingdom,99166.46
2021,Software Architect,Entry,Enterprise,Canada,102607.4
2021,Software Architect,Entry,Enterprise,Italy,86440.95
2021,Software Architect,Entry,Enterprise,Singapore,108489.87
2021,Software Architect,Entry,Enterprise,Germany,95715.75
2021,Software Architect,Entry,Enterprise,Finland,76291.29
2021,Software Architect,Mid,Small,United States,150387.44
2021,Software Architect,Mid,Small,Australia,121066.836
2021,Software Architect,Mid,Small,Netherlands,114927.836
2021,Software Architect,Mid,Small,United Kingdom,117052.945
2021,Software Architect,Mid,Small,Canada,120913.08
2021,Software Architect,Mid,Small,Italy,107822.625
2021,Software Architect,Mid,Small,Singapore,128052.53
2021,Software Architect,Mid,Small,Germany,112942.234
2021,Software Architect,Mid,Small,Finland,92324.086
2021,Software Architect,Mid,Medium,United States,158970.75
2021,Software Architect,Mid,Medium,Australia,127909.46
2021,Software Architect,Mid,Medium,Netherlands,120709.7
2021,Software Architect,Mid,Medium,United Kingdom,122923.84
2021,Software Architect,Mid,Medium,Canada,128783.9
2021,Software Architect,Mid,Medium,Italy,113693.52
2021,Software Architect,Mid,Medium,Singapore,133417.27
2021,Software Architect,Mid,Medium,Germany,119158.875
2021,Software Architect,Mid,Medium,Finland,98194.984
2021,Software Architect,Mid,Large,United States,139532.75
2021,Software Architect,Mid,Large,Australia,109675.29
2021,Software Architect,Mid,Large,Netherlands,103536.29
2021,Software Architect,Mid,Large,United Kingdom,105661.38
2021,Software Architect,Mid,Large,Canada,109749.55
2021,Software Architect,Mid,Large,Italy,96431.07
2021,Software Architect,Mid,Large,Singapore,116660.97
2021,Software Architect,Mid,Large,Germany,101550.68
2021,Software Architect,Mid,Large,Finland,80932.52
2021,Software Architect,Mid,Enterprise,United States,150387.44
2021,Software Architect,Mid,Enterprise,Australia,121066.836
2021,Software Architect,Mid,Enterprise,Netherlands,114927.836
2021,Software Architect,Mid,Enterprise,United Kingdom,117052.945
2021,Software Architect,Mid,Enterprise,Canada,120913.08
2021,Software Architect,Mid,Enterprise,Italy,107822.625
2021,Software Architect,Mid,Enterprise,Singapore,128052.53
2021,Software Architect,Mid,Enterprise,Germany,112942.234
2021,Software Architect,Mid,Enterprise,Finland,92324.086
2021,Software Architect,Senior,Small,United States,190879.22
2021,Software Architect,Senior,Small,Australia,150637.48
2021,Software Architect,Senior,Small,Netherlands,143462.6
2021,Software Architect,Senior,Small,United Kingdom,145263.11
2021,Software Architect,Senior,Small,Canada,154889.11
2021,Software Architect,Senior,Small,Italy,129086.84
2021,Software Architect,Senior,Small,Singapore,158613.17
2021,Software Architect,Senior,Small,Germany,141270.52
2021,Software Architect,Senior,Small,Finland,118491.48
2021,Software Architect,Senior,Medium,United States,199137.88
2021,Software Architect,Senior,Medium,Australia,155997.72
2021,Software Architect,Senior,Medium,Netherlands,148903.84
2021,Software Architect,Senior,Medium,United Kingdom,150793.39
2021,Software Architect,Senior,Medium,Canada,161962.27
2021,Software Architect,Senior,Medium,Italy,134617.03
2021,Software Architect,Senior,Medium,Singapore,164360.03
2021,Software Architect,Senior,Medium,Germany,147502.69
2021,Software Architect,Senior,Medium,Finland,124021.75
2021,Software Architect,Senior,Large,United States,179939.6
2021,Software Architect,Senior,Large,Australia,139071.98
2021,Software Architect,Senior,Large,Netherlands,132071.25
2021,Software Architect,Senior,Large,United Kingdom,133871.6
2021,Software Architect,Senior,Large,Canada,143725.58
2021,Software Architect,Senior,Large,Italy,118602.17
2021,Software Architect,Senior,Large,Singapore,147221.64
2021,Software Architect,Senior,Large,Germany,129879.125
2021,Software Architect,Senior,Large,Finland,107099.93
2021,Software Architect,Senior,Enterprise,United States,190879.22
2021,Software Architect,Senior,Enterprise,Australia,150637.48
2021,Software Architect,Senior,Enterprise,Netherlands,143462.6
2021,Software Architect,Senior,Enterprise,United Kingdom,145263.11
2021,Software Architect,Senior,Enterprise,Canada,154889.11
2021,Software Architect,Senior,Enterprise,Italy,129086.84
2021,Software Architect,Senior,Enterprise,Singapore,158613.17
2021,Software Architect,Senior,Enterprise,Germany,141270.52
2021,Software Architect,Senior,Enterprise,Finland,118491.48
2021,Software Architect,Lead,Small,United States,224978.39
2021,Software Architect,Lead,Small,Australia,194429.72
2021,Software Architect,Lead,Small,Netherlands,183140.45
2021,Software Architect,Lead,Small,United Kingdom,185067.28
2021,Software Architect,Lead,Small,Canada,188785.42
2021,Software Architect,Lead,Small,Italy,173965.86
2021,Software Architect,Lead,Small,Singapore,204725.23
2021,Software Architect,Lead,Small,Germany,181530.34
2021,Software Architect,Lead,Small,Finland,159321.2
2021,Software Architect,Lead,Medium,United States,230519.14
2021,Software Architect,Lead,Medium,Australia,200169.44
2021,Software Architect,Lead,Medium,Netherlands,188455.98
2021,Software Architect,Lead,Medium,United Kingdom,190471.84
2021,Software Architect,Lead,Medium,Canada,194568.14
2021,Software Architect,Lead,Medium,Italy,179370.42
2021,Software Architect,Lead,Medium,Singapore,210346.38
2021,Software Architect,Lead,Medium,Germany,187404.78
2021,Software Architect,Lead,Medium,Finland,164725.77
2021,Software Architect,Lead,Large,United States,212712.3
2021,Software Architect,Lead,Large,Australia,182864.23
2021,Software Architect,Lead,Large,Netherlands,171748.9
2021,Software Architect,Lead,Large,United Kingdom,173675.73
2021,Software Architect,Lead,Large,Canada,177621.89
2021,Software Architect,Lead,Large,Italy,163481.11
2021,Software Architect,Lead,Large,Singapore,193333.69
2021,Software Architect,Lead,Large,Germany,170138.8
2021,Software Architect,Lead,Large,Finland,147929.66
2021,Software Architect,Lead,Enterprise,United States,224463.84
2021,Software Architect,Lead,Enterprise,Australia,194429.72
2021,Software Architect,Lead,Enterprise,Netherlands,183140.45
2021,Software Architect,Lead,Enterprise,United Kingdom,185067.28
2021,Software Architect,Lead,Enterprise,Canada,188785.42
2021,Software Architect,Lead,Enterprise,Italy,173965.86
2021,Software Architect,Lead,Enterprise,Singapore,204725.23
2021,Software Architect,Lead,Enterprise,Germany,181530.34
2021,Software Architect,Lead,Enterprise,Finland,159321.2
2021,Database Engineer,Entry,Small,United States,81705.52
2021,Database Engineer,Entry,Small,Australia,64817.645
2021,Database Engineer,Entry,Small,Netherlands,57879.047
2021,Database Engineer,Entry,Small,United Kingdom,58841.906
2021,Database Engineer,Entry,Small,Canada,66828.8
2021,Database Engineer,Entry,Small,Italy,46517.2
2021,Database Engineer,Entry,Small,Singapore,68621.04
2021,Database Engineer,Entry,Small,Germany,55791.965
2021,Database Engineer,Entry,Small,Finland,36991.594
2021,Database Engineer,Entry,Medium,United States,83270.6
2021,Database Engineer,Entry,Medium,Australia,65722.47
2021,Database Engineer,Entry,Medium,Netherlands,58371.582
2021,Database Engineer,Entry,Medium,United Kingdom,59423.46
2021,Database Engineer,Entry,Medium,Canada,69374.55
2021,Database Engineer,Entry,Medium,Italy,47098.766
2021,Database Engineer,Entry,Medium,Singapore,68069.04
2021,Database Engineer,Entry,Medium,Germany,56719.285
2021,Database Engineer,Entry,Medium,Finland,37573.156
2021,Database Engineer,Entry,Large,United States,82242.39
2021,Database Engineer,Entry,Large,Australia,64817.645
2021,Database Engineer,Entry,Large,Netherlands,57879.047
2021,Database Engineer,Entry,Large,United Kingdom,58841.906
2021,Database Engineer,Entry,Large,Canada,66828.8
2021,Database Engineer,Entry,Large,Italy,47423.984
2021,Database Engineer,Entry,Large,Singapore,68621.04
2021,Database Engineer,Entry,Large,Germany,55791.965
2021,Database Engineer,Entry,Large,Finland,36991.594
2021,Database Engineer,Entry,Enterprise,United States,81705.52
2021,Database Engineer,Entry,Enterprise,Australia,64817.645
2021,Database Engineer,Entry,Enterprise,Netherlands,57879.047
2021,Database Engineer,Entry,Enterprise,United Kingdom,58841.906
2021,Database Engineer,Entry,Enterprise,Canada,66828.8
2021,Database Engineer,Entry,Enterprise,Italy,46517.2
2021,Database Engineer,Entry,Enterprise,Singapore,68621.04
2021,Database Engineer,Entry,Enterprise,Germany,55791.965
2021,Database Engineer,Entry,Enterprise,Finland,36991.594
2021,Database Engineer,Mid,Small,United States,103974.65
2021,Database Engineer,Mid,Small,Australia,78799.22
2021,Database Engineer,Mid,Small,Netherlands,71144.836
2021,Database Engineer,Mid,Small,United Kingdom,73897.49
2021,Database Engineer,Mid,Small,Canada,81275.21
2021,Database Engineer,Mid,Small,Italy,64039.637
2021,Database Engineer,Mid,Small,Singapore,84324.41
2021,Database Engineer,Mid,Small,Germany,69288.99
2021,Database Engineer,Mid,Small,Finland,49165.11
2021,Database Engineer,Mid,Medium,United States,107789.25
2021,Database Engineer,Mid,Medium,Australia,81060.88
2021,Database Engineer,Mid,Medium,Netherlands,72157.98
2021,Database Engineer,Mid,Medium,United Kingdom,74999.664
2021,Database Engineer,Mid,Medium,Canada,84377.305
2021,Database Engineer,Mid,Medium,Italy,65141.805
2021,Database Engineer,Mid,Medium,Singapore,84920.47
2021,Database Engineer,Mid,Medium,Germany,70736.914
2021,Database Engineer,Mid,Medium,Finland,50267.277
2021,Database Engineer,Mid,Large,United States,104511.516
2021,Database Engineer,Mid,Large,Australia,78799.22
2021,Database Engineer,Mid,Large,Netherlands,71144.836
2021,Database Engineer,Mid,Large,United Kingdom,73897.49
2021,Database Engineer,Mid,Large,Canada,81275.21
2021,Database Engineer,Mid,Large,Italy,64039.637
2021,Database Engineer,Mid,Large,Singapore,84324.41
2021,Database Engineer,Mid,Large,Germany,69288.99
2021,Database Engineer,Mid,Large,Finland,49165.11
2021,Database Engineer,Mid,Enterprise,United States,103974.65
2021,Database Engineer,Mid,Enterprise,Australia,78799.22
2021,Database Engineer,Mid,Enterprise,Netherlands,71144.836
2021,Database Engineer,Mid,Enterprise,United Kingdom,73897.49
2021,Database Engineer,Mid,Enterprise,Canada,81275.21
2021,Database Engineer,Mid,Enterprise,Italy,64039.637
2021,Database Engineer,Mid,Enterprise,Singapore,84324.41
2021,Database Engineer,Mid,Enterprise,Germany,69288.99
2021,Database Engineer,Mid,Enterprise,Finland,49165.11
2021,Database Engineer,Senior,Small,United States,149927.11
2021,Database Engineer,Senior,Small,Australia,111631.71
2021,Database Engineer,Senior,Small,Netherlands,103002.21
2021,Database Engineer,Senior,Small,United Kingdom,104401.92
2021,Database Engineer,Senior,Small,Canada,118573.805
2021,Database Engineer,Senior,Small,Italy,88626.34
2021,Database Engineer,Senior,Small,Singapore,117932.875
2021,Database Engineer,Senior,Small,Germany,100810.086
2021,Database Engineer,Senior,Small,Finland,78654.95
2021,Database Engineer,Senior,Medium,United States,153417.05
2021,Database Engineer,Senior,Medium,Australia,112609.75
2021,Database Engineer,Senior,Medium,Netherlands,103674.73
2021,Database Engineer,Senior,Medium,United Kingdom,105163.47
2021,Database Engineer,Senior,Medium,Canada,120878.23
2021,Database Engineer,Senior,Medium,Italy,89387.89
2021,Database Engineer,Senior,Medium,Singapore,118911.01
2021,Database Engineer,Senior,Medium,Germany,102273.54
2021,Database Engineer,Senior,Medium,Finland,79416.5
2021,Database Engineer,Senior,Large,United States,150379.03
2021,Database Engineer,Senior,Large,Australia,111457.77
2021,Database Engineer,Senior,Large,Netherlands,103002.21
2021,Database Engineer,Senior,Large,United Kingdom,104401.92
2021,Database Engineer,Senior,Large,Canada,118573.805
2021,Database Engineer,Senior,Large,Italy,89533.125
2021,Database Engineer,Senior,Large,Singapore,117932.875
2021,Database Engineer,Senior,Large,Germany,100810.086
2021,Database Engineer,Senior,Large,Finland,78654.95
2021,Database Engineer,Senior,Enterprise,United States,149927.11
2021,Database Engineer,Senior,Enterprise,Australia,111631.71
2021,Database Engineer,Senior,Enterprise,Netherlands,103002.21
2021,Database Engineer,Senior,Enterprise,United Kingdom,104401.92
2021,Database Engineer,Senior,Enterprise,Canada,118573.805
2021,Database Engineer,Senior,Enterprise,Italy,88626.34
2021,Database Engineer,Senior,Enterprise,Singapore,117932.875
2021,Database Engineer,Senior,Enterprise,Germany,100810.086
2021,Database Engineer,Senior,Enterprise,Finland,78654.95
2021,Database Engineer,Lead,Small,United States,183142.94
2021,Database Engineer,Lead,Small,Australia,154838.22
2021,Database Engineer,Lead,Small,Netherlands,142033.58
2021,Database Engineer,Lead,Small,United Kingdom,143559.66
2021,Database Engineer,Lead,Small,Canada,151823.67
2021,Database Engineer,Lead,Small,Italy,132858.98
2021,Database Engineer,Lead,Small,Singapore,163398.53
2021,Database Engineer,Lead,Small,Germany,140423.47
2021,Database Engineer,Lead,Small,Finland,118838.375
2021,Database Engineer,Lead,Medium,United States,183914.97
2021,Database Engineer,Lead,Medium,Australia,155996.97
2021,Database Engineer,Lead,Medium,Netherlands,142580.39
2021,Database Engineer,Lead,Medium,United Kingdom,144195.5
2021,Database Engineer,Lead,Medium,Canada,152837.67
2021,Database Engineer,Lead,Medium,Italy,133494.83
2021,Database Engineer,Lead,Medium,Singapore,164250.95
2021,Database Engineer,Lead,Medium,Germany,141529.19
2021,Database Engineer,Lead,Medium,Finland,119474.22
2021,Database Engineer,Lead,Large,United States,182268.39
2021,Database Engineer,Lead,Large,Australia,154664.28
2021,Database Engineer,Lead,Large,Netherlands,142033.58
2021,Database Engineer,Lead,Large,United Kingdom,143559.66
2021,Database Engineer,Lead,Large,Canada,151823.67
2021,Database Engineer,Lead,Large,Italy,133765.78
2021,Database Engineer,Lead,Large,Singapore,163398.53
2021,Database Engineer,Lead,Large,Germany,140423.47
2021,Database Engineer,Lead,Large,Finland,118838.375
2021,Database Engineer,Lead,Enterprise,United States,182628.39
2021,Database Engineer,Lead,Enterprise,Australia,154838.22
2021,Database Engineer,Lead,Enterprise,Netherlands,142033.58
2021,Database Engineer,Lead,Enterprise,United Kingdom,143559.66
2021,Database Engineer,Lead,Enterprise,Canada,151823.67
2021,Database Engineer,Lead,Enterprise,Italy,132858.98
2021,Database Engineer,Lead,Enterprise,Singapore,163398.53
2021,Database Engineer,Lead,Enterprise,Germany,140423.47
2021,Database Engineer,Lead,Enterprise,Finland,118838.375
2021,Data Scientist,Entry,Small,United States,88564.03
2021,Data Scientist,Entry,Small,Australia,69928.9
2021,Data Scientist,Entry,Small,Netherlands,62710.816
2021,Data Scientist,Entry,Small,United Kingdom,63317.0
2021,Data Scientist,Entry,Small,Canada,68770.234
2021,Data Scientist,Entry,Small,Italy,55500.98
2021,Data Scientist,Entry,Small,Singapore,72390.76
2021,Data Scientist,Entry,Small,Germany,61078.73
2021,Data Scientist,Entry,Small,Finland,41059.04
2021,Data Scientist,Entry,Medium,United States,89815.09
2021,Data Scientist,Entry,Medium,Australia,70519.68
2021,Data Scientist,Entry,Medium,Netherlands,62889.34
2021,Data Scientist,Entry,Medium,United Kingdom,63584.58
2021,Data Scientist,Entry,Medium,Canada,73166.875
2021,Data Scientist,Entry,Medium,Italy,55768.52
2021,Data Scientist,Entry,Medium,Singapore,71615.58
2021,Data Scientist,Entry,Medium,Germany,61692.023
2021,Data Scientist,Entry,Medium,Finland,41326.58
2021,Data Scientist,Entry,Large,United States,89749.44
2021,Data Scientist,Entry,Large,Australia,69950.65
2021,Data Scientist,Entry,Large,Netherlands,62710.816
2021,Data Scientist,Entry,Large,United Kingdom,63338.75
2021,Data Scientist,Entry,Large,Canada,68791.984
2021,Data Scientist,Entry,Large,Italy,55522.73
2021,Data Scientist,Entry,Large,Singapore,72390.76
2021,Data Scientist,Entry,Large,Germany,61100.48
2021,Data Scientist,Entry,Large,Finland,41080.79
2021,Data Scientist,Entry,Enterprise,United States,88564.03
2021,Data Scientist,Entry,Enterprise,Australia,69928.9
2021,Data Scientist,Entry,Enterprise,Netherlands,62710.816
2021,Data Scientist,Entry,Enterprise,United Kingdom,63317.0
2021,Data Scientist,Entry,Enterprise,Canada,68770.234
2021,Data Scientist,Entry,Enterprise,Italy,55500.98
2021,Data Scientist,Entry,Enterprise,Singapore,72390.76
2021,Data Scientist,Entry,Enterprise,Germany,61078.73
2021,Data Scientist,Entry,Enterprise,Finland,41059.04
2021,Data Scientist,Mid,Small,United States,116381.81
2021,Data Scientist,Mid,Small,Australia,87515.58
2021,Data Scientist,Mid,Small,Netherlands,79938.695
2021,Data Scientist,Mid,Small,United Kingdom,80678.2
2021,Data Scientist,Mid,Small,Canada,86593.63
2021,Data Scientist,Mid,Small,Italy,74921.0
2021,Data Scientist,Mid,Small,Singapore,90939.02
2021,Data Scientist,Mid,Small,Germany,78180.914
2021,Data Scientist,Mid,Small,Finland,54527.48
2021,Data Scientist,Mid,Medium,United States,119882.4
2021,Data Scientist,Mid,Medium,Australia,89463.23
2021,Data Scientist,Mid,Medium,Netherlands,80637.82
2021,Data Scientist,Mid,Medium,United Kingdom,81466.36
2021,Data Scientist,Mid,Medium,Canada,89381.71
2021,Data Scientist,Mid,Medium,Italy,75709.16
2021,Data Scientist,Mid,Medium,Singapore,91311.91
2021,Data Scientist,Mid,Medium,Germany,79314.82
2021,Data Scientist,Mid,Medium,Finland,55315.637
2021,Data Scientist,Mid,Large,United States,117567.22
2021,Data Scientist,Mid,Large,Australia,87537.33
2021,Data Scientist,Mid,Large,Netherlands,79938.695
2021,Data Scientist,Mid,Large,United Kingdom,80699.95
2021,Data Scientist,Mid,Large,Canada,86615.38
2021,Data Scientist,Mid,Large,Italy,73094.8
2021,Data Scientist,Mid,Large,Singapore,90939.02
2021,Data Scientist,Mid,Large,Germany,78202.664
2021,Data Scientist,Mid,Large,Finland,54549.23
2021,Data Scientist,Mid,Enterprise,United States,116381.81
2021,Data Scientist,Mid,Enterprise,Australia,87515.58
2021,Data Scientist,Mid,Enterprise,Netherlands,79938.695
2021,Data Scientist,Mid,Enterprise,United Kingdom,80678.2
2021,Data Scientist,Mid,Enterprise,Canada,86593.63
2021,Data Scientist,Mid,Enterprise,Italy,74921.0
2021,Data Scientist,Mid,Enterprise,Singapore,90939.02
2021,Data Scientist,Mid,Enterprise,Germany,78180.914
2021,Data Scientist,Mid,Enterprise,Finland,54527.48
2021,Data Scientist,Senior,Small,United States,157191.36
2021,Data Scientist,Senior,Small,Australia,118003.56
2021,Data Scientist,Senior,Small,Netherlands,108965.3
2021,Data Scientist,Senior,Small,United Kingdom,110137.65
2021,Data Scientist,Senior,Small,Canada,121775.875
2021,Data Scientist,Senior,Small,Italy,103158.44
2021,Data Scientist,Senior,Small,Singapore,123110.91
2021,Data Scientist,Senior,Small,Germany,107197.586
2021,Data Scientist,Senior,Small,Finland,83983.04
2021,Data Scientist,Senior,Medium,United States,160273.94
2021,Data Scientist,Senior,Medium,Australia,118574.24
2021,Data Scientist,Senior,Medium,Netherlands,109230.45
2021,Data Scientist,Senior,Medium,United Kingdom,110491.836
2021,Data Scientist,Senior,Medium,Canada,123672.94
2021,Data Scientist,Senior,Medium,Italy,103512.625
2021,Data Scientist,Senior,Medium,Singapore,123772.516
2021,Data Scientist,Senior,Medium,Germany,108253.68
2021,Data Scientist,Senior,Medium,Finland,84337.23
2021,Data Scientist,Senior,Large,United States,159050.58
2021,Data Scientist,Senior,Large,Australia,117851.375
2021,Data Scientist,Senior,Large,Netherlands,108965.3
2021,Data Scientist,Senior,Large,United Kingdom,110159.4
2021,Data Scientist,Senior,Large,Canada,121797.625
2021,Data Scientist,Senior,Large,Italy,101332.234
2021,Data Scientist,Senior,Large,Singapore,123110.91
2021,Data Scientist,Senior,Large,Germany,107219.336
2021,Data Scientist,Senior,Large,Finland,84004.79
2021,Data Scientist,Senior,Enterprise,United States,157191.36
2021,Data Scientist,Senior,Enterprise,Australia,118003.56
2021,Data Scientist,Senior,Enterprise,Netherlands,108965.3
2021,Data Scientist,Senior,Enterprise,United Kingdom,110137.65
2021,Data Scientist,Senior,Enterprise,Canada,121775.875
2021,Data Scientist,Senior,Enterprise,Italy,103158.44
2021,Data Scientist,Senior,Enterprise,Singapore,123110.91
2021,Data Scientist,Senior,Enterprise,Germany,107197.586
2021,Data Scientist,Senior,Enterprise,Finland,83983.04
2021,Data Scientist,Lead,Small,United States,190304.78
2021,Data Scientist,Lead,Small,Australia,160242.62
2021,Data Scientist,Lead,Small,Netherlands,147359.84
2021,Data Scientist,Lead,Small,United Kingdom,148387.3
2021,Data Scientist,Lead,Small,Canada,153663.31
2021,Data Scientist,Lead,Small,Italy,142770.14
2021,Data Scientist,Lead,Small,Singapore,167179.67
2021,Data Scientist,Lead,Small,Germany,146050.27
2021,Data Scientist,Lead,Small,Finland,123605.58
2021,Data Scientist,Lead,Medium,United States,190762.81
2021,Data Scientist,Lead,Medium,Australia,161087.38
2021,Data Scientist,Lead,Medium,Netherlands,147592.66
2021,Data Scientist,Lead,Medium,United Kingdom,148709.14
2021,Data Scientist,Lead,Medium,Canada,154363.31
2021,Data Scientist,Lead,Medium,Italy,143091.98
2021,Data Scientist,Lead,Medium,Singapore,167808.94
2021,Data Scientist,Lead,Medium,Germany,146841.98
2021,Data Scientist,Lead,Medium,Finland,123927.39
2021,Data Scientist,Lead,Large,United States,190078.78
2021,Data Scientist,Lead,Large,Australia,160090.44
2021,Data Scientist,Lead,Large,Netherlands,147359.84
2021,Data Scientist,Lead,Large,United Kingdom,148409.05
2021,Data Scientist,Lead,Large,Canada,153685.06
2021,Data Scientist,Lead,Large,Italy,140943.94
2021,Data Scientist,Lead,Large,Singapore,167179.67
2021,Data Scientist,Lead,Large,Germany,146072.02
2021,Data Scientist,Lead,Large,Finland,123627.33
2021,Data Scientist,Lead,Enterprise,United States,189790.23
2021,Data Scientist,Lead,Enterprise,Australia,160242.62
2021,Data Scientist,Lead,Enterprise,Netherlands,147359.84
2021,Data Scientist,Lead,Enterprise,United Kingdom,148387.3
2021,Data Scientist,Lead,Enterprise,Canada,153663.31
2021,Data Scientist,Lead,Enterprise,Italy,142770.14
2021,Data Scientist,Lead,Enterprise,Singapore,167179.67
2021,Data Scientist,Lead,Enterprise,Germany,146050.27
2021,Data Scientist,Lead,Enterprise,Finland,123605.58
2021,Data Engineer,Entry,Small,United States,79487.3
2021,Data Engineer,Entry,Small,Australia,66461.27
2021,Data Engineer,Entry,Small,Netherlands,51531.81
2021,Data Engineer,Entry,Small,United Kingdom,55371.027
2021,Data Engineer,Entry,Small,Canada,59802.266
2021,Data Engineer,Entry,Small,Italy,39977.8
2021,Data Engineer,Entry,Small,Singapore,56462.96
2021,Data Engineer,Entry,Small,Germany,51723.3
2021,Data Engineer,Entry,Small,Finland,36434.957
2021,Data Engineer,Entry,Medium,United States,87903.71
2021,Data Engineer,Entry,Medium,Australia,72955.89
2021,Data Engineer,Entry,Medium,Netherlands,57320.527
2021,Data Engineer,Entry,Medium,United Kingdom,57955.434
2021,Data Engineer,Entry,Medium,Canada,79213.83
2021,Data Engineer,Entry,Medium,Italy,44413.11
2021,Data Engineer,Entry,Medium,Singapore,61207.152
2021,Data Engineer,Entry,Medium,Germany,57946.805
2021,Data Engineer,Entry,Medium,Finland,42312.707
2021,Data Engineer,Entry,Large,United States,85154.87
2021,Data Engineer,Entry,Large,Australia,68010.41
2021,Data Engineer,Entry,Large,Netherlands,53763.105
2021,Data Engineer,Entry,Large,United Kingdom,55550.16
2021,Data Engineer,Entry,Large,Canada,67453.586
2021,Data Engineer,Entry,Large,Italy,43115.883
2021,Data Engineer,Entry,Large,Singapore,58694.273
2021,Data Engineer,Entry,Large,Germany,53954.598
2021,Data Engineer,Entry,Large,Finland,38666.26
2021,Data Engineer,Entry,Enterprise,United States,81879.414
2021,Data Engineer,Entry,Enterprise,Australia,68171.23
2021,Data Engineer,Entry,Enterprise,Netherlands,53923.93
2021,Data Engineer,Entry,Enterprise,United Kingdom,55710.977
2021,Data Engineer,Entry,Enterprise,Canada,67614.414
2021,Data Engineer,Entry,Enterprise,Italy,42369.92
2021,Data Engineer,Entry,Enterprise,Singapore,58855.098
2021,Data Engineer,Entry,Enterprise,Germany,54115.42
2021,Data Engineer,Entry,Enterprise,Finland,38827.08
2021,Data Engineer,Mid,Small,United States,99922.25
2021,Data Engineer,Mid,Small,Australia,76659.195
2021,Data Engineer,Mid,Small,Netherlands,62456.15
2021,Data Engineer,Mid,Small,United Kingdom,69448.74
2021,Data Engineer,Mid,Small,Canada,74980.1
2021,Data Engineer,Mid,Small,Italy,55158.82
2021,Data Engineer,Mid,Small,Singapore,69824.99
2021,Data Engineer,Mid,Small,Germany,64817.973
2021,Data Engineer,Mid,Small,Finland,43776.68
2021,Data Engineer,Mid,Medium,United States,116423.91
2021,Data Engineer,Mid,Medium,Australia,90894.37
2021,Data Engineer,Mid,Medium,Netherlands,75149.195
2021,Data Engineer,Mid,Medium,United Kingdom,76548.73
2021,Data Engineer,Mid,Medium,Canada,103270.32
2021,Data Engineer,Mid,Medium,Italy,66498.43
2021,Data Engineer,Mid,Medium,Singapore,82100.92
2021,Data Engineer,Mid,Medium,Germany,76006.71
2021,Data Engineer,Mid,Medium,Finland,56558.707
2021,Data Engineer,Mid,Large,United States,111155.15
2021,Data Engineer,Mid,Large,Australia,83435.75
2021,Data Engineer,Mid,Large,Netherlands,70252.81
2021,Data Engineer,Mid,Large,United Kingdom,73233.33
2021,Data Engineer,Mid,Large,Canada,88196.69
2021,Data Engineer,Mid,Large,Italy,62955.406
2021,Data Engineer,Mid,Large,Singapore,77621.62
2021,Data Engineer,Mid,Large,Germany,70675.54
2021,Data Engineer,Mid,Large,Finland,51573.29
2021,Data Engineer,Mid,Enterprise,United States,107856.62
2021,Data Engineer,Mid,Enterprise,Australia,83911.4
2021,Data Engineer,Mid,Enterprise,Netherlands,70390.555
2021,Data Engineer,Mid,Enterprise,United Kingdom,73371.08
2021,Data Engineer,Mid,Enterprise,Canada,88334.44
2021,Data Engineer,Mid,Enterprise,Italy,63093.156
2021,Data Engineer,Mid,Enterprise,Singapore,77759.36
2021,Data Engineer,Mid,Enterprise,Germany,70813.29
2021,Data Engineer,Mid,Enterprise,Finland,51711.035
2021,Data Engineer,Senior,Small,United States,141738.94
2021,Data Engineer,Senior,Small,Australia,109474.19
2021,Data Engineer,Senior,Small,Netherlands,90321.22
2021,Data Engineer,Senior,Small,United Kingdom,96763.15
2021,Data Engineer,Senior,Small,Canada,107786.25
2021,Data Engineer,Senior,Small,Italy,76397.305
2021,Data Engineer,Senior,Small,Singapore,94472.625
2021,Data Engineer,Senior,Small,Germany,92346.76
2021,Data Engineer,Senior,Small,Finland,68311.5
2021,Data Engineer,Senior,Medium,United States,155343.78
2021,Data Engineer,Senior,Medium,Australia,121674.305
2021,Data Engineer,Senior,Medium,Netherlands,101922.17
2021,Data Engineer,Senior,Medium,United Kingdom,102453.07
2021,Data Engineer,Senior,Medium,Canada,132588.48
2021,Data Engineer,Senior,Medium,Italy,86644.85
2021,Data Engineer,Senior,Medium,Singapore,106379.195
2021,Data Engineer,Senior,Medium,Germany,102799.56
2021,Data Engineer,Senior,Medium,Finland,80001.484
2021,Data Engineer,Senior,Large,United States,154289.11
2021,Data Engineer,Senior,Large,Australia,117816.914
2021,Data Engineer,Senior,Large,Netherlands,99520.05
2021,Data Engineer,Senior,Large,United Kingdom,101631.945
2021,Data Engineer,Senior,Large,Canada,122405.04
2021,Data Engineer,Senior,Large,Italy,86502.914
2021,Data Engineer,Senior,Large,Singapore,103671.45
2021,Data Engineer,Senior,Large,Germany,99606.51
2021,Data Engineer,Senior,Large,Finland,77510.33
2021,Data Engineer,Senior,Enterprise,United States,151075.5
2021,Data Engineer,Senior,Enterprise,Australia,118128.6
2021,Data Engineer,Senior,Enterprise,Netherlands,99657.8
2021,Data Engineer,Senior,Enterprise,United Kingdom,101769.69
2021,Data Engineer,Senior,Enterprise,Canada,122542.79
2021,Data Engineer,Senior,Enterprise,Italy,85733.88
2021,Data Engineer,Senior,Enterprise,Singapore,103809.2
2021,Data Engineer,Senior,Enterprise,Germany,99744.25
2021,Data Engineer,Senior,Enterprise,Finland,77648.08
2021,Data Engineer,Lead,Small,United States,170873.58
2021,Data Engineer,Lead,Small,Australia,149877.02
2021,Data Engineer,Lead,Small,Netherlands,127881.875
2021,Data Engineer,Lead,Small,United Kingdom,134994.1
2021,Data Engineer,Lead,Small,Canada,137490.08
2021,Data Engineer,Lead,Small,Italy,118515.11
2021,Data Engineer,Lead,Small,Singapore,142187.5
2021,Data Engineer,Lead,Small,Germany,130489.42
2021,Data Engineer,Lead,Small,Finland,107986.93
2021,Data Engineer,Lead,Medium,United States,182511.98
2021,Data Engineer,Lead,Medium,Australia,163009.31
2021,Data Engineer,Lead,Medium,Netherlands,140108.56
2021,Data Engineer,Lead,Medium,United Kingdom,141309.78
2021,Data Engineer,Lead,Medium,Canada,161753.52
2021,Data Engineer,Lead,Medium,Italy,129388.39
2021,Data Engineer,Lead,Medium,Singapore,154719.83
2021,Data Engineer,Lead,Medium,Germany,141335.92
2021,Data Engineer,Lead,Medium,Finland,120302.67
2021,Data Engineer,Lead,Large,United States,180695.1
2021,Data Engineer,Lead,Large,Australia,156817.55
2021,Data Engineer,Lead,Large,Netherlands,135678.47
2021,Data Engineer,Lead,Large,United Kingdom,138460.67
2021,Data Engineer,Lead,Large,Canada,150706.64
2021,Data Engineer,Lead,Large,Italy,127218.54
2021,Data Engineer,Lead,Large,Singapore,149984.12
2021,Data Engineer,Lead,Large,Germany,136346.92
2021,Data Engineer,Lead,Large,Finland,115783.586
2021,Data Engineer,Lead,Enterprise,United States,178293.4
2021,Data Engineer,Lead,Enterprise,Australia,157129.23
2021,Data Engineer,Lead,Enterprise,Netherlands,135816.22
2021,Data Engineer,Lead,Enterprise,United Kingdom,138598.42
2021,Data Engineer,Lead,Enterprise,Canada,150844.39
2021,Data Engineer,Lead,Enterprise,Italy,126449.51
2021,Data Engineer,Lead,Enterprise,Singapore,150121.88
2021,Data Engineer,Lead,Enterprise,Germany,136484.67
2021,Data Engineer,Lead,Enterprise,Finland,115921.33
2021,Data Analyst,Entry,Small,United States,61370.43
2021,Data Analyst,Entry,Small,Australia,51352.402
2021,Data Analyst,Entry,Small,Netherlands,47255.04
2021,Data Analyst,Entry,Small,United Kingdom,48421.777
2021,Data Analyst,Entry,Small,Canada,51150.1
2021,Data Analyst,Entry,Small,Italy,36162.523
2021,Data Analyst,Entry,Small,Singapore,53813.07
2021,Data Analyst,Entry,Small,Germany,46400.207
2021,Data Analyst,Entry,Small,Finland,33757.297
2021,Data Analyst,Entry,Medium,United States,64216.15
2021,Data Analyst,Entry,Medium,Australia,53954.652
2021,Data Analyst,Entry,Medium,Netherlands,47663.168
2021,Data Analyst,Entry,Medium,United Kingdom,50899.246
2021,Data Analyst,Entry,Medium,Canada,54019.074
2021,Data Analyst,Entry,Medium,Italy,37195.098
2021,Data Analyst,Entry,Medium,Singapore,54975.734
2021,Data Analyst,Entry,Medium,Germany,47778.535
2021,Data Analyst,Entry,Medium,Finland,34789.87
2021,Data Analyst,Entry,Large,United States,64691.99
2021,Data Analyst,Entry,Large,Australia,51352.402
2021,Data Analyst,Entry,Large,Netherlands,47089.797
2021,Data Analyst,Entry,Large,United Kingdom,48674.312
2021,Data Analyst,Entry,Large,Canada,50878.35
2021,Data Analyst,Entry,Large,Italy,37069.31
2021,Data Analyst,Entry,Large,Singapore,54824.76
2021,Data Analyst,Entry,Large,Germany,46400.207
2021,Data Analyst,Entry,Large,Finland,33757.297
2021,Data Analyst,Entry,Enterprise,United States,63939.098
2021,Data Analyst,Entry,Enterprise,Australia,50710.668
2021,Data Analyst,Entry,Enterprise,Netherlands,47089.797
2021,Data Analyst,Entry,Enterprise,United Kingdom,48674.312
2021,Data Analyst,Entry,Enterprise,Canada,50878.35
2021,Data Analyst,Entry,Enterprise,Italy,36162.523
2021,Data Analyst,Entry,Enterprise,Singapore,54911.71
2021,Data Analyst,Entry,Enterprise,Germany,46400.207
2021,Data Analyst,Entry,Enterprise,Finland,33757.297
2021,Data Analyst,Mid,Small,United States,76209.9
2021,Data Analyst,Mid,Small,Australia,64132.797
2021,Data Analyst,Mid,Small,Netherlands,58686.37
2021,Data Analyst,Mid,Small,United Kingdom,61399.816
2021,Data Analyst,Mid,Small,Canada,63772.535
2021,Data Analyst,Mid,Small,Italy,53184.258
2021,Data Analyst,Mid,Small,Singapore,66363.03
2021,Data Analyst,Mid,Small,Germany,58502.62
2021,Data Analyst,Mid,Small,Finland,51741.703
2021,Data Analyst,Mid,Medium,United States,85779.586
2021,Data Analyst,Mid,Medium,Australia,67315.375
2021,Data Analyst,Mid,Medium,Netherlands,58838.465
2021,Data Analyst,Mid,Medium,United Kingdom,62176.344
2021,Data Analyst,Mid,Medium,Canada,66031.555
2021,Data Analyst,Mid,Medium,Italy,53960.8
2021,Data Analyst,Mid,Medium,Singapore,67566.57
2021,Data Analyst,Mid,Medium,Germany,59624.918
2021,Data Analyst,Mid,Medium,Finland,52518.246
2021,Data Analyst,Mid,Large,United States,80100.625
2021,Data Analyst,Mid,Large,Australia,64132.797
2021,Data Analyst,Mid,Large,Netherlands,58521.13
2021,Data Analyst,Mid,Large,United Kingdom,61399.816
2021,Data Analyst,Mid,Large,Canada,63500.793
2021,Data Analyst,Mid,Large,Italy,53184.258
2021,Data Analyst,Mid,Large,Singapore,68810.27
2021,Data Analyst,Mid,Large,Germany,58502.62
2021,Data Analyst,Mid,Large,Finland,51741.703
2021,Data Analyst,Mid,Enterprise,United States,78927.62
2021,Data Analyst,Mid,Enterprise,Australia,63491.066
2021,Data Analyst,Mid,Enterprise,Netherlands,58521.13
2021,Data Analyst,Mid,Enterprise,United Kingdom,61399.816
2021,Data Analyst,Mid,Enterprise,Canada,63500.793
2021,Data Analyst,Mid,Enterprise,Italy,53184.258
2021,Data Analyst,Mid,Enterprise,Singapore,67312.06
2021,Data Analyst,Mid,Enterprise,Germany,58502.62
2021,Data Analyst,Mid,Enterprise,Finland,51741.703
2021,Data Analyst,Senior,Small,United States,101460.664
2021,Data Analyst,Senior,Small,Australia,87434.695
2021,Data Analyst,Senior,Small,Netherlands,80548.84
2021,Data Analyst,Senior,Small,United Kingdom,82472.66
2021,Data Analyst,Senior,Small,Canada,89641.375
2021,Data Analyst,Senior,Small,Italy,67228.86
2021,Data Analyst,Senior,Small,Singapore,91162.11
2021,Data Analyst,Senior,Small,Germany,79412.6
2021,Data Analyst,Senior,Small,Finland,70790.86
2021,Data Analyst,Senior,Medium,United States,109092.08
2021,Data Analyst,Senior,Medium,Australia,89778.5
2021,Data Analyst,Senior,Medium,Netherlands,80970.48
2021,Data Analyst,Senior,Medium,United Kingdom,82407.266
2021,Data Analyst,Senior,Medium,Canada,92053.51
2021,Data Analyst,Senior,Medium,Italy,68109.71
2021,Data Analyst,Senior,Medium,Singapore,93351.13
2021,Data Analyst,Senior,Medium,Germany,80995.36
2021,Data Analyst,Senior,Medium,Finland,71671.71
2021,Data Analyst,Senior,Large,United States,106140.96
2021,Data Analyst,Senior,Large,Australia,87260.76
2021,Data Analyst,Senior,Large,Netherlands,80548.84
2021,Data Analyst,Senior,Large,United Kingdom,82472.66
2021,Data Analyst,Senior,Large,Canada,89369.625
2021,Data Analyst,Senior,Large,Italy,68135.64
2021,Data Analyst,Senior,Large,Singapore,92133.03
2021,Data Analyst,Senior,Large,Germany,79412.6
2021,Data Analyst,Senior,Large,Finland,70790.86
2021,Data Analyst,Senior,Enterprise,United States,104396.05
2021,Data Analyst,Senior,Enterprise,Australia,86792.96
2021,Data Analyst,Senior,Enterprise,Netherlands,80548.84
2021,Data Analyst,Senior,Enterprise,United Kingdom,82472.66
2021,Data Analyst,Senior,Enterprise,Canada,89369.625
2021,Data Analyst,Senior,Enterprise,Italy,67228.86
2021,Data Analyst,Senior,Enterprise,Singapore,92260.76
2021,Data Analyst,Senior,Enterprise,Germany,79412.6
2021,Data Analyst,Senior,Enterprise,Finland,70790.86
2021,Data Analyst,Lead,Small,United States,139621.17
2021,Data Analyst,Lead,Small,Australia,118490.805
2021,Data Analyst,Lead,Small,Netherlands,108834.95
2021,Data Analyst,Lead,Small,United Kingdom,110726.91
2021,Data Analyst,Lead,Small,Canada,115768.2
2021,Data Analyst,Lead,Small,Italy,100227.55
2021,Data Analyst,Lead,Small,Singapore,124691.09
2021,Data Analyst,Lead,Small,Germany,107792.04
2021,Data Analyst,Lead,Small,Finland,99445.96
2021,Data Analyst,Lead,Medium,United States,143127.6
2021,Data Analyst,Lead,Medium,Australia,120041.18
2021,Data Analyst,Lead,Medium,Netherlands,107991.49
2021,Data Analyst,Lead,Medium,United Kingdom,109561.67
2021,Data Analyst,Lead,Medium,Canada,115056.13
2021,Data Analyst,Lead,Medium,Italy,100008.555
2021,Data Analyst,Lead,Medium,Singapore,126107.06
2021,Data Analyst,Lead,Medium,Germany,108042.94
2021,Data Analyst,Lead,Medium,Finland,99226.97
2021,Data Analyst,Lead,Large,United States,146595.4
2021,Data Analyst,Lead,Large,Australia,117842.555
2021,Data Analyst,Lead,Large,Netherlands,108669.7
2021,Data Analyst,Lead,Large,United Kingdom,110726.91
2021,Data Analyst,Lead,Large,Canada,115142.71
2021,Data Analyst,Lead,Large,Italy,101134.33
2021,Data Analyst,Lead,Large,Singapore,127232.82
2021,Data Analyst,Lead,Large,Germany,107792.04
2021,Data Analyst,Lead,Large,Finland,99445.96
2021,Data Analyst,Lead,Enterprise,United States,150751.66
2021,Data Analyst,Lead,Enterprise,Australia,117849.07
2021,Data Analyst,Lead,Enterprise,Netherlands,108669.7
2021,Data Analyst,Lead,Enterprise,United Kingdom,110726.91
2021,Data Analyst,Lead,Enterprise,Canada,115142.71
2021,Data Analyst,Lead,Enterprise,Italy,100227.55
2021,Data Analyst,Lead,Enterprise,Singapore,126116.53
2021,Data Analyst,Lead,Enterprise,Germany,107792.04
2021,Data Analyst,Lead,Enterprise,Finland,99445.96
2021,AI Engineer,Entry,Small,United States,87728.555
2021,AI Engineer,Entry,Small,Australia,72047.85
2021,AI Engineer,Entry,Small,Netherlands,65114.3
2021,AI Engineer,Entry,Small,United Kingdom,66478.01
2021,AI Engineer,Entry,Small,Canada,70966.71
2021,AI Engineer,Entry,Small,Italy,53752.453
2021,AI Engineer,Entry,Small,Singapore,74776.68
2021,AI Engineer,Entry,Small,Germany,63027.22
2021,AI Engineer,Entry,Small,Finland,46308.113
2021,AI Engineer,Entry,Medium,United States,88792.91
2021,AI Engineer,Entry,Medium,Australia,72545.29
2021,AI Engineer,Entry,Medium,Netherlands,65199.49
2021,AI Engineer,Entry,Medium,United Kingdom,66652.21
2021,AI Engineer,Entry,Medium,Canada,73105.1
2021,AI Engineer,Entry,Medium,Italy,53926.652
2021,AI Engineer,Entry,Medium,Singapore,74151.13
2021,AI Engineer,Entry,Medium,Germany,63142.324
2021,AI Engineer,Entry,Medium,Finland,46482.316
2021,AI Engineer,Entry,Large,United States,87728.555
2021,AI Engineer,Entry,Large,Australia,72047.85
2021,AI Engineer,Entry,Large,Netherlands,65114.3
2021,AI Engineer,Entry,Large,United Kingdom,66478.01
2021,AI Engineer,Entry,Large,Canada,70966.71
2021,AI Engineer,Entry,Large,Italy,54659.24
2021,AI Engineer,Entry,Large,Singapore,75110.49
2021,AI Engineer,Entry,Large,Germany,63027.22
2021,AI Engineer,Entry,Large,Finland,45793.33
2021,AI Engineer,Entry,Enterprise,United States,87728.555
2021,AI Engineer,Entry,Enterprise,Australia,72047.85
2021,AI Engineer,Entry,Enterprise,Netherlands,65114.3
2021,AI Engineer,Entry,Enterprise,United Kingdom,66478.01
2021,AI Engineer,Entry,Enterprise,Canada,70966.71
2021,AI Engineer,Entry,Enterprise,Italy,53752.453
2021,AI Engineer,Entry,Enterprise,Singapore,75110.49
2021,AI Engineer,Entry,Enterprise,Germany,63027.22
2021,AI Engineer,Entry,Enterprise,Finland,46308.113
2021,AI Engineer,Mid,Small,United States,116032.66
2021,AI Engineer,Mid,Small,Australia,89833.32
2021,AI Engineer,Mid,Small,Netherlands,82184.02
2021,AI Engineer,Mid,Small,United Kingdom,84309.13
2021,AI Engineer,Mid,Small,Canada,89217.05
2021,AI Engineer,Mid,Small,Italy,75078.81
2021,AI Engineer,Mid,Small,Singapore,94283.97
2021,AI Engineer,Mid,Small,Germany,80328.18
2021,AI Engineer,Mid,Small,Finland,64707.836
2021,AI Engineer,Mid,Medium,United States,120141.23
2021,AI Engineer,Mid,Medium,Australia,91687.625
2021,AI Engineer,Mid,Medium,Netherlands,82789.805
2021,AI Engineer,Mid,Medium,United Kingdom,85003.945
2021,AI Engineer,Mid,Medium,Canada,91911.78
2021,AI Engineer,Mid,Medium,Italy,75773.625
2021,AI Engineer,Mid,Medium,Singapore,94806.484
2021,AI Engineer,Mid,Medium,Germany,80963.89
2021,AI Engineer,Mid,Medium,Finland,65402.652
2021,AI Engineer,Mid,Large,United States,116032.66
2021,AI Engineer,Mid,Large,Australia,89833.32
2021,AI Engineer,Mid,Large,Netherlands,82184.02
2021,AI Engineer,Mid,Large,United Kingdom,84309.13
2021,AI Engineer,Mid,Large,Canada,89217.05
2021,AI Engineer,Mid,Large,Italy,75078.81
2021,AI Engineer,Mid,Large,Singapore,94617.78
2021,AI Engineer,Mid,Large,Germany,80328.18
2021,AI Engineer,Mid,Large,Finland,64193.047
2021,AI Engineer,Mid,Enterprise,United States,116032.66
2021,AI Engineer,Mid,Enterprise,Australia,89833.32
2021,AI Engineer,Mid,Enterprise,Netherlands,82184.02
2021,AI Engineer,Mid,Enterprise,United Kingdom,84309.13
2021,AI Engineer,Mid,Enterprise,Canada,89217.05
2021,AI Engineer,Mid,Enterprise,Italy,75078.81
2021,AI Engineer,Mid,Enterprise,Singapore,94617.78
2021,AI Engineer,Mid,Enterprise,Germany,80328.18
2021,AI Engineer,Mid,Enterprise,Finland,64707.836
2021,AI Engineer,Senior,Small,United States,157720.36
2021,AI Engineer,Senior,Small,Australia,119314.89
2021,AI Engineer,Senior,Small,Netherlands,110690.48
2021,AI Engineer,Senior,Small,United Kingdom,112490.93
2021,AI Engineer,Senior,Small,Canada,123164.72
2021,AI Engineer,Senior,Small,Italy,96314.61
2021,AI Engineer,Senior,Small,Singapore,124640.78
2021,AI Engineer,Senior,Small,Germany,108498.35
2021,AI Engineer,Senior,Small,Finland,89157.63
2021,AI Engineer,Senior,Medium,United States,161504.28
2021,AI Engineer,Senior,Medium,Australia,119885.57
2021,AI Engineer,Senior,Medium,Netherlands,110955.63
2021,AI Engineer,Senior,Medium,United Kingdom,112845.12
2021,AI Engineer,Senior,Medium,Canada,125061.78
2021,AI Engineer,Senior,Medium,Italy,96668.8
2021,AI Engineer,Senior,Medium,Singapore,125545.37
2021,AI Engineer,Senior,Medium,Germany,108917.58
2021,AI Engineer,Senior,Medium,Finland,89511.82
2021,AI Engineer,Senior,Large,United States,158172.28
2021,AI Engineer,Senior,Large,Australia,119140.95
2021,AI Engineer,Senior,Large,Netherlands,110690.48
2021,AI Engineer,Senior,Large,United Kingdom,112490.93
2021,AI Engineer,Senior,Large,Canada,123164.72
2021,AI Engineer,Senior,Large,Italy,97221.39
2021,AI Engineer,Senior,Large,Singapore,124974.59
2021,AI Engineer,Senior,Large,Germany,108498.35
2021,AI Engineer,Senior,Large,Finland,88642.85
2021,AI Engineer,Senior,Enterprise,United States,157720.36
2021,AI Engineer,Senior,Enterprise,Australia,119314.89
2021,AI Engineer,Senior,Enterprise,Netherlands,110690.48
2021,AI Engineer,Senior,Enterprise,United Kingdom,112490.93
2021,AI Engineer,Senior,Enterprise,Canada,123164.72
2021,AI Engineer,Senior,Enterprise,Italy,96314.61
2021,AI Engineer,Senior,Enterprise,Singapore,124974.59
2021,AI Engineer,Senior,Enterprise,Germany,108498.35
2021,AI Engineer,Senior,Enterprise,Finland,89157.63
2021,AI Engineer,Lead,Small,United States,192560.3
2021,AI Engineer,Lead,Small,Australia,163251.6
2021,AI Engineer,Lead,Small,Netherlands,150452.03
2021,AI Engineer,Lead,Small,United Kingdom,152378.86
2021,AI Engineer,Lead,Small,Canada,157144.77
2021,AI Engineer,Lead,Small,Italy,141277.44
2021,AI Engineer,Lead,Small,Singapore,171012.03
2021,AI Engineer,Lead,Small,Germany,148841.92
2021,AI Engineer,Lead,Small,Finland,130071.32
2021,AI Engineer,Lead,Medium,United States,193626.31
2021,AI Engineer,Lead,Medium,Australia,164002.98
2021,AI Engineer,Lead,Medium,Netherlands,150591.48
2021,AI Engineer,Lead,Medium,United Kingdom,152607.34
2021,AI Engineer,Lead,Medium,Canada,157751.4
2021,AI Engineer,Lead,Medium,Italy,141505.92
2021,AI Engineer,Lead,Medium,Singapore,171790.92
2021,AI Engineer,Lead,Medium,Germany,149135.44
2021,AI Engineer,Lead,Medium,Finland,130299.805
2021,AI Engineer,Lead,Large,United States,191685.75
2021,AI Engineer,Lead,Large,Australia,163077.66
2021,AI Engineer,Lead,Large,Netherlands,150452.03
2021,AI Engineer,Lead,Large,United Kingdom,152378.86
2021,AI Engineer,Lead,Large,Canada,157144.77
2021,AI Engineer,Lead,Large,Italy,142184.23
2021,AI Engineer,Lead,Large,Singapore,171345.86
2021,AI Engineer,Lead,Large,Germany,148841.92
2021,AI Engineer,Lead,Large,Finland,129556.54
2021,AI Engineer,Lead,Enterprise,United States,192045.75
2021,AI Engineer,Lead,Enterprise,Australia,163251.6
2021,AI Engineer,Lead,Enterprise,Netherlands,150452.03
2021,AI Engineer,Lead,Enterprise,United Kingdom,152378.86
2021,AI Engineer,Lead,Enterprise,Canada,157144.77
2021,AI Engineer,Lead,Enterprise,Italy,141277.44
2021,AI Engineer,Lead,Enterprise,Singapore,171345.86
2021,AI Engineer,Lead,Enterprise,Germany,148841.92
2021,AI Engineer,Lead,Enterprise,Finland,130071.32
2021,Quantitative Analyst,Entry,Small,United States,82217.55
2021,Quantitative Analyst,Entry,Small,Australia,131459.75
2021,Quantitative Analyst,Entry,Small,Netherlands,124373.39
2021,Quantitative Analyst,Entry,Small,United Kingdom,128105.875
2021,Quantitative Analyst,Entry,Small,Canada,87288.01
2021,Quantitative Analyst,Entry,Small,Italy,114032.46
2021,Quantitative Analyst,Entry,Small,Singapore,135685.34
2021,Quantitative Analyst,Entry,Small,Germany,122520.19
2021,Quantitative Analyst,Entry,Small,Finland,104177.62
2021,Quantitative Analyst,Entry,Medium,United States,83375.266
2021,Quantitative Analyst,Entry,Medium,Australia,131957.2
2021,Quantitative Analyst,Entry,Medium,Netherlands,124458.61
2021,Quantitative Analyst,Entry,Medium,United Kingdom,128280.06
2021,Quantitative Analyst,Entry,Medium,Canada,89426.4
2021,Quantitative Analyst,Entry,Medium,Italy,114206.68
2021,Quantitative Analyst,Entry,Medium,Singapore,134725.97
2021,Quantitative Analyst,Entry,Medium,Germany,123040.16
2021,Quantitative Analyst,Entry,Medium,Finland,104351.82
2021,Quantitative Analyst,Entry,Large,United States,87304.6
2021,Quantitative Analyst,Entry,Large,Australia,133706.52
2021,Quantitative Analyst,Entry,Large,Netherlands,126620.18
2021,Quantitative Analyst,Entry,Large,United Kingdom,130352.664
2021,Quantitative Analyst,Entry,Large,Canada,89534.8
2021,Quantitative Analyst,Entry,Large,Italy,117186.03
2021,Quantitative Analyst,Entry,Large,Singapore,137932.1
2021,Quantitative Analyst,Entry,Large,Germany,124766.98
2021,Quantitative Analyst,Entry,Large,Finland,106424.41
2021,Quantitative Analyst,Entry,Enterprise,United States,82217.55
2021,Quantitative Analyst,Entry,Enterprise,Australia,131459.75
2021,Quantitative Analyst,Entry,Enterprise,Netherlands,124373.39
2021,Quantitative Analyst,Entry,Enterprise,United Kingdom,128105.875
2021,Quantitative Analyst,Entry,Enterprise,Canada,87288.01
2021,Quantitative Analyst,Entry,Enterprise,Italy,114032.46
2021,Quantitative Analyst,Entry,Enterprise,Singapore,135685.34
2021,Quantitative Analyst,Entry,Enterprise,Germany,122520.19
2021,Quantitative Analyst,Entry,Enterprise,Finland,104177.62
2021,Quantitative Analyst,Mid,Small,United States,107236.19
2021,Quantitative Analyst,Mid,Small,Australia,71669.75
2021,Quantitative Analyst,Mid,Small,Netherlands,63135.984
2021,Quantitative Analyst,Mid,Small,United Kingdom,64955.03
2021,Quantitative Analyst,Mid,Small,Canada,73278.7
2021,Quantitative Analyst,Mid,Small,Italy,56888.215
2021,Quantitative Analyst,Mid,Small,Singapore,79645.06
2021,Quantitative Analyst,Mid,Small,Germany,61350.52
2021,Quantitative Analyst,Mid,Small,Finland,41684.473
2021,Quantitative Analyst,Mid,Medium,United States,108499.64
2021,Quantitative Analyst,Mid,Medium,Australia,71380.27
2021,Quantitative Analyst,Mid,Medium,Netherlands,61597.957
2021,Quantitative Analyst,Mid,Medium,United Kingdom,63506.055
2021,Quantitative Analyst,Mid,Medium,Canada,73829.66
2021,Quantitative Analyst,Mid,Medium,Italy,55439.21
2021,Quantitative Analyst,Mid,Medium,Singapore,77689.984
2021,Quantitative Analyst,Mid,Medium,Germany,60247.246
2021,Quantitative Analyst,Mid,Medium,Finland,40235.508
2021,Quantitative Analyst,Mid,Large,United States,117581.52
2021,Quantitative Analyst,Mid,Large,Australia,77456.414
2021,Quantitative Analyst,Mid,Large,Netherlands,68922.664
2021,Quantitative Analyst,Mid,Large,United Kingdom,70741.72
2021,Quantitative Analyst,Mid,Large,Canada,79065.37
2021,Quantitative Analyst,Mid,Large,Italy,62674.88
2021,Quantitative Analyst,Mid,Large,Singapore,85431.72
2021,Quantitative Analyst,Mid,Large,Germany,67137.195
2021,Quantitative Analyst,Mid,Large,Finland,47471.133
2021,Quantitative Analyst,Mid,Enterprise,United States,107236.19
2021,Quantitative Analyst,Mid,Enterprise,Australia,71669.75
2021,Quantitative Analyst,Mid,Enterprise,Netherlands,63135.984
2021,Quantitative Analyst,Mid,Enterprise,United Kingdom,64955.03
2021,Quantitative Analyst,Mid,Enterprise,Canada,73278.7
2021,Quantitative Analyst,Mid,Enterprise,Italy,56888.215
2021,Quantitative Analyst,Mid,Enterprise,Singapore,79645.06
2021,Quantitative Analyst,Mid,Enterprise,Germany,61350.52
2021,Quantitative Analyst,Mid,Enterprise,Finland,41684.473
2021,Quantitative Analyst,Senior,Small,United States,119884.76
2021,Quantitative Analyst,Senior,Small,Australia,83651.19
2021,Quantitative Analyst,Senior,Small,Netherlands,73978.74
2021,Quantitative Analyst,Senior,Small,United Kingdom,81800.01
2021,Quantitative Analyst,Senior,Small,Canada,86658.94
2021,Quantitative Analyst,Senior,Small,Italy,63564.99
2021,Quantitative Analyst,Senior,Small,Singapore,96494.5
2021,Quantitative Analyst,Senior,Small,Germany,72020.58
2021,Quantitative Analyst,Senior,Small,Finland,50323.203
2021,Quantitative Analyst,Senior,Medium,United States,122967.3
2021,Quantitative Analyst,Senior,Medium,Australia,84221.875
2021,Quantitative Analyst,Senior,Medium,Netherlands,74243.9
2021,Quantitative Analyst,Senior,Medium,United Kingdom,82154.195
2021,Quantitative Analyst,Senior,Medium,Canada,88556.0
2021,Quantitative Analyst,Senior,Medium,Italy,63919.176
2021,Quantitative Analyst,Senior,Medium,Singapore,97065.266
2021,Quantitative Analyst,Senior,Medium,Germany,73076.67
2021,Quantitative Analyst,Senior,Medium,Finland,50677.387
2021,Quantitative Analyst,Senior,Large,United States,122764.42
2021,Quantitative Analyst,Senior,Large,Australia,83477.25
2021,Quantitative Analyst,Senior,Large,Netherlands,73978.74
2021,Quantitative Analyst,Senior,Large,United Kingdom,81800.01
2021,Quantitative Analyst,Senior,Large,Canada,86658.94
2021,Quantitative Analyst,Senior,Large,Italy,64471.77
2021,Quantitative Analyst,Senior,Large,Singapore,96494.5
2021,Quantitative Analyst,Senior,Large,Germany,72020.58
2021,Quantitative Analyst,Senior,Large,Finland,50323.203
2021,Quantitative Analyst,Senior,Enterprise,United States,119884.76
2021,Quantitative Analyst,Senior,Enterprise,Australia,83651.19
2021,Quantitative Analyst,Senior,Enterprise,Netherlands,73978.74
2021,Quantitative Analyst,Senior,Enterprise,United Kingdom,81800.01
2021,Quantitative Analyst,Senior,Enterprise,Canada,86658.94
2021,Quantitative Analyst,Senior,Enterprise,Italy,63564.99
2021,Quantitative Analyst,Senior,Enterprise,Singapore,96494.5
2021,Quantitative Analyst,Senior,Enterprise,Germany,72020.58
2021,Quantitative Analyst,Senior,Enterprise,Finland,50323.203
2021,Quantitative Analyst,Lead,Small,United States,174428.12
2021,Quantitative Analyst,Lead,Small,Australia,142578.64
2021,Quantitative Analyst,Lead,Small,Netherlands,128894.74
2021,Quantitative Analyst,Lead,Small,United Kingdom,133486.36
2021,Quantitative Analyst,Lead,Small,Canada,138669.02
2021,Quantitative Analyst,Lead,Small,Italy,121219.65
2021,Quantitative Analyst,Lead,Small,Singapore,156265.55
2021,Quantitative Analyst,Lead,Small,Germany,127354.95
2021,Quantitative Analyst,Lead,Small,Finland,106227.664
2021,Quantitative Analyst,Lead,Medium,United States,174792.8
2021,Quantitative Analyst,Lead,Medium,Australia,143330.03
2021,Quantitative Analyst,Lead,Medium,Netherlands,129034.195
2021,Quantitative Analyst,Lead,Medium,United Kingdom,133714.78
2021,Quantitative Analyst,Lead,Medium,Canada,139275.66
2021,Quantitative Analyst,Lead,Medium,Italy,121448.14
2021,Quantitative Analyst,Lead,Medium,Singapore,156710.61
2021,Quantitative Analyst,Lead,Medium,Germany,128053.33
2021,Quantitative Analyst,Lead,Medium,Finland,106456.195
2021,Quantitative Analyst,Lead,Large,United States,180531.52
2021,Quantitative Analyst,Lead,Large,Australia,144651.48
2021,Quantitative Analyst,Lead,Large,Netherlands,131141.4
2021,Quantitative Analyst,Lead,Large,United Kingdom,135733.1
2021,Quantitative Analyst,Lead,Large,Canada,140915.8
2021,Quantitative Analyst,Lead,Large,Italy,124373.23
2021,Quantitative Analyst,Lead,Large,Singapore,158512.33
2021,Quantitative Analyst,Lead,Large,Germany,129601.734
2021,Quantitative Analyst,Lead,Large,Finland,108474.45
2021,Quantitative Analyst,Lead,Enterprise,United States,173913.58
2021,Quantitative Analyst,Lead,Enterprise,Australia,142578.64
2021,Quantitative Analyst,Lead,Enterprise,Netherlands,128894.74
2021,Quantitative Analyst,Lead,Enterprise,United Kingdom,133486.36
2021,Quantitative Analyst,Lead,Enterprise,Canada,138669.02
2021,Quantitative Analyst,Lead,Enterprise,Italy,121219.65
2021,Quantitative Analyst,Lead,Enterprise,Singapore,156265.55
2021,Quantitative Analyst,Lead,Enterprise,Germany,127354.95
2021,Quantitative Analyst,Lead,Enterprise,Finland,106227.664
2021,Data Visualization,Entry,Small,United States,79904.96
2021,Data Visualization,Entry,Small,Australia,69489.805
2021,Data Visualization,Entry,Small,Netherlands,62278.85
2021,Data Visualization,Entry,Small,United Kingdom,64453.562
2021,Data Visualization,Entry,Small,Canada,67796.03
2021,Data Visualization,Entry,Small,Italy,51059.81
2021,Data Visualization,Entry,Small,Singapore,73088.52
2021,Data Visualization,Entry,Small,Germany,60279.293
2021,Data Visualization,Entry,Small,Finland,41534.2
2021,Data Visualization,Entry,Medium,United States,81062.68
2021,Data Visualization,Entry,Medium,Australia,69987.24
2021,Data Visualization,Entry,Medium,Netherlands,62364.01
2021,Data Visualization,Entry,Medium,United Kingdom,64627.812
2021,Data Visualization,Entry,Medium,Canada,69934.42
2021,Data Visualization,Entry,Medium,Italy,51234.008
2021,Data Visualization,Entry,Medium,Singapore,72129.164
2021,Data Visualization,Entry,Medium,Germany,60799.246
2021,Data Visualization,Entry,Medium,Finland,41708.39
2021,Data Visualization,Entry,Large,United States,80441.836
2021,Data Visualization,Entry,Large,Australia,69489.805
2021,Data Visualization,Entry,Large,Netherlands,62278.85
2021,Data Visualization,Entry,Large,United Kingdom,64453.562
2021,Data Visualization,Entry,Large,Canada,67796.03
2021,Data Visualization,Entry,Large,Italy,51966.594
2021,Data Visualization,Entry,Large,Singapore,73088.52
2021,Data Visualization,Entry,Large,Germany,60279.293
2021,Data Visualization,Entry,Large,Finland,41534.2
2021,Data Visualization,Entry,Enterprise,United States,79904.96
2021,Data Visualization,Entry,Enterprise,Australia,69489.805
2021,Data Visualization,Entry,Enterprise,Netherlands,62278.85
2021,Data Visualization,Entry,Enterprise,United Kingdom,64453.562
2021,Data Visualization,Entry,Enterprise,Canada,67796.03
2021,Data Visualization,Entry,Enterprise,Italy,51059.81
2021,Data Visualization,Entry,Enterprise,Singapore,73088.52
2021,Data Visualization,Entry,Enterprise,Germany,60279.293
2021,Data Visualization,Entry,Enterprise,Finland,41534.2
2021,Data Visualization,Mid,Small,United States,82826.8
2021,Data Visualization,Mid,Small,Australia,64743.65
2021,Data Visualization,Mid,Small,Netherlands,56816.883
2021,Data Visualization,Mid,Small,United Kingdom,58382.65
2021,Data Visualization,Mid,Small,Canada,64763.9
2021,Data Visualization,Mid,Small,Italy,49854.54
2021,Data Visualization,Mid,Small,Singapore,70064.195
2021,Data Visualization,Mid,Small,Germany,55048.598
2021,Data Visualization,Mid,Small,Finland,34980.05
2021,Data Visualization,Mid,Medium,United States,86234.04
2021,Data Visualization,Mid,Medium,Australia,66597.97
2021,Data Visualization,Mid,Medium,Netherlands,57422.652
2021,Data Visualization,Mid,Medium,United Kingdom,59077.45
2021,Data Visualization,Mid,Medium,Canada,67458.68
2021,Data Visualization,Mid,Medium,Italy,50549.34
2021,Data Visualization,Mid,Medium,Singapore,70252.9
2021,Data Visualization,Mid,Medium,Germany,56089.152
2021,Data Visualization,Mid,Medium,Finland,35674.85
2021,Data Visualization,Mid,Large,United States,83363.664
2021,Data Visualization,Mid,Large,Australia,64743.65
2021,Data Visualization,Mid,Large,Netherlands,56816.883
2021,Data Visualization,Mid,Large,United Kingdom,58382.65
2021,Data Visualization,Mid,Large,Canada,64763.9
2021,Data Visualization,Mid,Large,Italy,49854.54
2021,Data Visualization,Mid,Large,Singapore,70064.195
2021,Data Visualization,Mid,Large,Germany,55048.598
2021,Data Visualization,Mid,Large,Finland,34980.05
2021,Data Visualization,Mid,Enterprise,United States,82826.8
2021,Data Visualization,Mid,Enterprise,Australia,64743.65
2021,Data Visualization,Mid,Enterprise,Netherlands,56816.883
2021,Data Visualization,Mid,Enterprise,United Kingdom,58382.65
2021,Data Visualization,Mid,Enterprise,Canada,64763.9
2021,Data Visualization,Mid,Enterprise,Italy,49854.54
2021,Data Visualization,Mid,Enterprise,Singapore,70064.195
2021,Data Visualization,Mid,Enterprise,Germany,55048.598
2021,Data Visualization,Mid,Enterprise,Finland,34980.05
2021,Data Visualization,Senior,Small,United States,104874.36
2021,Data Visualization,Senior,Small,Australia,72308.19
2021,Data Visualization,Senior,Small,Netherlands,63359.08
2021,Data Visualization,Senior,Small,United Kingdom,66017.91
2021,Data Visualization,Senior,Small,Canada,73287.305
2021,Data Visualization,Senior,Small,Italy,49173.223
2021,Data Visualization,Senior,Small,Singapore,78679.41
2021,Data Visualization,Senior,Small,Germany,61356.99
2021,Data Visualization,Senior,Small,Finland,39201.816
2021,Data Visualization,Senior,Medium,United States,107956.96
2021,Data Visualization,Senior,Medium,Australia,72878.87
2021,Data Visualization,Senior,Medium,Netherlands,63624.234
2021,Data Visualization,Senior,Medium,United Kingdom,66372.09
2021,Data Visualization,Senior,Medium,Canada,75184.37
2021,Data Visualization,Senior,Medium,Italy,49527.406
2021,Data Visualization,Senior,Medium,Singapore,79250.18
2021,Data Visualization,Senior,Medium,Germany,62413.066
2021,Data Visualization,Senior,Medium,Finland,39556.0
2021,Data Visualization,Senior,Large,United States,105326.27
2021,Data Visualization,Senior,Large,Australia,72134.25
2021,Data Visualization,Senior,Large,Netherlands,63359.08
2021,Data Visualization,Senior,Large,United Kingdom,66017.91
2021,Data Visualization,Senior,Large,Canada,73287.305
2021,Data Visualization,Senior,Large,Italy,50080.008
2021,Data Visualization,Senior,Large,Singapore,78679.41
2021,Data Visualization,Senior,Large,Germany,61356.99
2021,Data Visualization,Senior,Large,Finland,39201.816
2021,Data Visualization,Senior,Enterprise,United States,104874.36
2021,Data Visualization,Senior,Enterprise,Australia,72308.19
2021,Data Visualization,Senior,Enterprise,Netherlands,63359.08
2021,Data Visualization,Senior,Enterprise,United Kingdom,66017.91
2021,Data Visualization,Senior,Enterprise,Canada,73287.305
2021,Data Visualization,Senior,Enterprise,Italy,49173.223
2021,Data Visualization,Senior,Enterprise,Singapore,78679.41
2021,Data Visualization,Senior,Enterprise,Germany,61356.99
2021,Data Visualization,Senior,Enterprise,Finland,39201.816
2021,Data Visualization,Lead,Small,United States,143817.75
2021,Data Visualization,Lead,Small,Australia,120269.11
2021,Data Visualization,Lead,Small,Netherlands,107255.15
2021,Data Visualization,Lead,Small,United Kingdom,109929.99
2021,Data Visualization,Lead,Small,Canada,111291.484
2021,Data Visualization,Lead,Small,Italy,98160.23
2021,Data Visualization,Lead,Small,Singapore,128899.45
2021,Data Visualization,Lead,Small,Germany,105724.72
2021,Data Visualization,Lead,Small,Finland,84139.625
2021,Data Visualization,Lead,Medium,United States,144182.42
2021,Data Visualization,Lead,Medium,Australia,121020.49
2021,Data Visualization,Lead,Medium,Netherlands,107394.6
2021,Data Visualization,Lead,Medium,United Kingdom,110158.49
2021,Data Visualization,Lead,Medium,Canada,111898.16
2021,Data Visualization,Lead,Medium,Italy,98388.71
2021,Data Visualization,Lead,Medium,Singapore,129344.49
2021,Data Visualization,Lead,Medium,Germany,106423.09
2021,Data Visualization,Lead,Medium,Finland,84368.11
2021,Data Visualization,Lead,Large,United States,142943.2
2021,Data Visualization,Lead,Large,Australia,120095.17
2021,Data Visualization,Lead,Large,Netherlands,107255.15
2021,Data Visualization,Lead,Large,United Kingdom,109929.99
2021,Data Visualization,Lead,Large,Canada,111291.484
2021,Data Visualization,Lead,Large,Italy,99067.01
2021,Data Visualization,Lead,Large,Singapore,128899.45
2021,Data Visualization,Lead,Large,Germany,105724.72
2021,Data Visualization,Lead,Large,Finland,84139.625
2021,Data Visualization,Lead,Enterprise,United States,143303.2
2021,Data Visualization,Lead,Enterprise,Australia,120269.11
2021,Data Visualization,Lead,Enterprise,Netherlands,107255.15
2021,Data Visualization,Lead,Enterprise,United Kingdom,109929.99
2021,Data Visualization,Lead,Enterprise,Canada,111291.484
2021,Data Visualization,Lead,Enterprise,Italy,98160.23
2021,Data Visualization,Lead,Enterprise,Singapore,128899.45
2021,Data Visualization,Lead,Enterprise,Germany,105724.72
2021,Data Visualization,Lead,Enterprise,Finland,84139.625
2022,Computer Vision Engineer,Entry,Small,United States,91320.04
2022,Computer Vision Engineer,Entry,Small,Australia,74724.586
2022,Computer Vision Engineer,Entry,Small,Netherlands,67628.01
2022,Computer Vision Engineer,Entry,Small,United Kingdom,69564.39
2022,Computer Vision Engineer,Entry,Small,Canada,73102.305
2022,Computer Vision Engineer,Entry,Small,Italy,55893.18
2022,Computer Vision Engineer,Entry,Small,Singapore,79292.55
2022,Computer Vision Engineer,Entry,Small,Germany,66006.305
2022,Computer Vision Engineer,Entry,Small,Finland,46244.0
2022,Computer Vision Engineer,Entry,Medium,United States,93133.44
2022,Computer Vision Engineer,Entry,Medium,Australia,75211.28
2022,Computer Vision Engineer,Entry,Medium,Netherlands,67639.15
2022,Computer Vision Engineer,Entry,Medium,United Kingdom,69664.54
2022,Computer Vision Engineer,Entry,Medium,Canada,75166.64
2022,Computer Vision Engineer,Entry,Medium,Italy,55993.332
2022,Computer Vision Engineer,Entry,Medium,Singapore,78040.945
2022,Computer Vision Engineer,Entry,Medium,Germany,65866.555
2022,Computer Vision Engineer,Entry,Medium,Finland,46344.152
2022,Computer Vision Engineer,Entry,Large,United States,91856.91
2022,Computer Vision Engineer,Entry,Large,Australia,74724.586
2022,Computer Vision Engineer,Entry,Large,Netherlands,67628.01
2022,Computer Vision Engineer,Entry,Large,United Kingdom,69564.39
2022,Computer Vision Engineer,Entry,Large,Canada,73102.305
2022,Computer Vision Engineer,Entry,Large,Italy,56799.965
2022,Computer Vision Engineer,Entry,Large,Singapore,78982.266
2022,Computer Vision Engineer,Entry,Large,Germany,65779.875
2022,Computer Vision Engineer,Entry,Large,Finland,46244.0
2022,Computer Vision Engineer,Entry,Enterprise,United States,91320.04
2022,Computer Vision Engineer,Entry,Enterprise,Australia,74724.586
2022,Computer Vision Engineer,Entry,Enterprise,Netherlands,67628.01
2022,Computer Vision Engineer,Entry,Enterprise,United Kingdom,69564.39
2022,Computer Vision Engineer,Entry,Enterprise,Canada,73102.305
2022,Computer Vision Engineer,Entry,Enterprise,Italy,55893.18
2022,Computer Vision Engineer,Entry,Enterprise,Singapore,79292.55
2022,Computer Vision Engineer,Entry,Enterprise,Germany,65779.875
2022,Computer Vision Engineer,Entry,Enterprise,Finland,46244.0
2022,Computer Vision Engineer,Mid,Small,United States,118887.48
2022,Computer Vision Engineer,Mid,Small,Australia,92784.23
2022,Computer Vision Engineer,Mid,Small,Netherlands,84621.98
2022,Computer Vision Engineer,Mid,Small,United Kingdom,87123.086
2022,Computer Vision Engineer,Mid,Small,Canada,91469.58
2022,Computer Vision Engineer,Mid,Small,Italy,77390.46
2022,Computer Vision Engineer,Mid,Small,Singapore,99013.45
2022,Computer Vision Engineer,Mid,Small,Germany,83530.06
2022,Computer Vision Engineer,Mid,Small,Finland,62338.418
2022,Computer Vision Engineer,Mid,Medium,United States,122950.414
2022,Computer Vision Engineer,Mid,Medium,Australia,94457.734
2022,Computer Vision Engineer,Mid,Medium,Netherlands,85153.7
2022,Computer Vision Engineer,Mid,Medium,United Kingdom,87743.84
2022,Computer Vision Engineer,Mid,Medium,Canada,94090.26
2022,Computer Vision Engineer,Mid,Medium,Italy,78011.22
2022,Computer Vision Engineer,Mid,Medium,Singapore,98909.914
2022,Computer Vision Engineer,Mid,Medium,Germany,83910.92
2022,Computer Vision Engineer,Mid,Medium,Finland,62959.156
2022,Computer Vision Engineer,Mid,Large,United States,119424.35
2022,Computer Vision Engineer,Mid,Large,Australia,92784.23
2022,Computer Vision Engineer,Mid,Large,Netherlands,84621.98
2022,Computer Vision Engineer,Mid,Large,United Kingdom,87123.086
2022,Computer Vision Engineer,Mid,Large,Canada,91469.58
2022,Computer Vision Engineer,Mid,Large,Italy,77390.46
2022,Computer Vision Engineer,Mid,Large,Singapore,98703.17
2022,Computer Vision Engineer,Mid,Large,Germany,83303.64
2022,Computer Vision Engineer,Mid,Large,Finland,62338.418
2022,Computer Vision Engineer,Mid,Enterprise,United States,118887.48
2022,Computer Vision Engineer,Mid,Enterprise,Australia,92784.23
2022,Computer Vision Engineer,Mid,Enterprise,Netherlands,84621.98
2022,Computer Vision Engineer,Mid,Enterprise,United Kingdom,87123.086
2022,Computer Vision Engineer,Mid,Enterprise,Canada,91469.58
2022,Computer Vision Engineer,Mid,Enterprise,Italy,77390.46
2022,Computer Vision Engineer,Mid,Enterprise,Singapore,99013.45
2022,Computer Vision Engineer,Mid,Enterprise,Germany,83303.64
2022,Computer Vision Engineer,Mid,Enterprise,Finland,62338.418
2022,Computer Vision Engineer,Senior,Small,United States,159951.78
2022,Computer Vision Engineer,Senior,Small,Australia,122926.97
2022,Computer Vision Engineer,Senior,Small,Netherlands,113605.98
2022,Computer Vision Engineer,Senior,Small,United Kingdom,116561.07
2022,Computer Vision Engineer,Senior,Small,Canada,125843.555
2022,Computer Vision Engineer,Senior,Small,Italy,99072.86
2022,Computer Vision Engineer,Senior,Small,Singapore,130972.836
2022,Computer Vision Engineer,Senior,Small,Germany,111709.375
2022,Computer Vision Engineer,Senior,Small,Finland,88977.9
2022,Computer Vision Engineer,Senior,Medium,United States,163581.1
2022,Computer Vision Engineer,Senior,Medium,Australia,124214.43
2022,Computer Vision Engineer,Senior,Medium,Netherlands,114417.86
2022,Computer Vision Engineer,Senior,Medium,United Kingdom,117461.984
2022,Computer Vision Engineer,Senior,Medium,Canada,128287.34
2022,Computer Vision Engineer,Senior,Medium,Italy,99973.77
2022,Computer Vision Engineer,Senior,Medium,Singapore,131872.08
2022,Computer Vision Engineer,Senior,Medium,Germany,113131.94
2022,Computer Vision Engineer,Senior,Medium,Finland,89878.81
2022,Computer Vision Engineer,Senior,Large,United States,160403.7
2022,Computer Vision Engineer,Senior,Large,Australia,122753.03
2022,Computer Vision Engineer,Senior,Large,Netherlands,113605.98
2022,Computer Vision Engineer,Senior,Large,United Kingdom,116561.07
2022,Computer Vision Engineer,Senior,Large,Canada,125843.555
2022,Computer Vision Engineer,Senior,Large,Italy,99979.64
2022,Computer Vision Engineer,Senior,Large,Singapore,130662.55
2022,Computer Vision Engineer,Senior,Large,Germany,111709.375
2022,Computer Vision Engineer,Senior,Large,Finland,88977.9
2022,Computer Vision Engineer,Senior,Enterprise,United States,159951.78
2022,Computer Vision Engineer,Senior,Enterprise,Australia,122926.97
2022,Computer Vision Engineer,Senior,Enterprise,Netherlands,113605.98
2022,Computer Vision Engineer,Senior,Enterprise,United Kingdom,116561.07
2022,Computer Vision Engineer,Senior,Enterprise,Canada,125843.555
2022,Computer Vision Engineer,Senior,Enterprise,Italy,99072.86
2022,Computer Vision Engineer,Senior,Enterprise,Singapore,130661.94
2022,Computer Vision Engineer,Senior,Enterprise,Germany,111709.375
2022,Computer Vision Engineer,Senior,Enterprise,Finland,88977.9
2022,Computer Vision Engineer,Lead,Small,United States,198086.39
2022,Computer Vision Engineer,Lead,Small,Australia,168570.2
2022,Computer Vision Engineer,Lead,Small,Netherlands,155231.55
2022,Computer Vision Engineer,Lead,Small,United Kingdom,158235.92
2022,Computer Vision Engineer,Lead,Small,Canada,161865.17
2022,Computer Vision Engineer,Lead,Small,Italy,146002.97
2022,Computer Vision Engineer,Lead,Small,Singapore,180233.34
2022,Computer Vision Engineer,Lead,Small,Germany,153824.72
2022,Computer Vision Engineer,Lead,Small,Finland,131858.83
2022,Computer Vision Engineer,Lead,Medium,United States,198602.42
2022,Computer Vision Engineer,Lead,Medium,Australia,169438.5
2022,Computer Vision Engineer,Lead,Medium,Netherlands,155823.06
2022,Computer Vision Engineer,Lead,Medium,United Kingdom,158916.47
2022,Computer Vision Engineer,Lead,Medium,Canada,162923.88
2022,Computer Vision Engineer,Lead,Medium,Italy,146683.52
2022,Computer Vision Engineer,Lead,Medium,Singapore,179765.56
2022,Computer Vision Engineer,Lead,Medium,Germany,154794.89
2022,Computer Vision Engineer,Lead,Medium,Finland,132539.38
2022,Computer Vision Engineer,Lead,Large,United States,197211.84
2022,Computer Vision Engineer,Lead,Large,Australia,168396.27
2022,Computer Vision Engineer,Lead,Large,Netherlands,155231.55
2022,Computer Vision Engineer,Lead,Large,United Kingdom,158235.92
2022,Computer Vision Engineer,Lead,Large,Canada,161865.17
2022,Computer Vision Engineer,Lead,Large,Italy,146909.77
2022,Computer Vision Engineer,Lead,Large,Singapore,179923.06
2022,Computer Vision Engineer,Lead,Large,Germany,153824.72
2022,Computer Vision Engineer,Lead,Large,Finland,131858.83
2022,Computer Vision Engineer,Lead,Enterprise,United States,197351.95
2022,Computer Vision Engineer,Lead,Enterprise,Australia,168350.31
2022,Computer Vision Engineer,Lead,Enterprise,Netherlands,155011.66
2022,Computer Vision Engineer,Lead,Enterprise,United Kingdom,158016.03
2022,Computer Vision Engineer,Lead,Enterprise,Canada,161645.28
2022,Computer Vision Engineer,Lead,Enterprise,Italy,145783.08
2022,Computer Vision Engineer,Lead,Enterprise,Singapore,179702.56
2022,Computer Vision Engineer,Lead,Enterprise,Germany,153604.83
2022,Computer Vision Engineer,Lead,Enterprise,Finland,131638.94
2022,Machine Learning Engineer,Entry,Small,United States,93216.13
2022,Machine Learning Engineer,Entry,Small,Australia,75352.195
2022,Machine Learning Engineer,Entry,Small,Netherlands,68330.95
2022,Machine Learning Engineer,Entry,Small,United Kingdom,70458.664
2022,Machine Learning Engineer,Entry,Small,Canada,74542.36
2022,Machine Learning Engineer,Entry,Small,Italy,56989.6
2022,Machine Learning Engineer,Entry,Small,Singapore,80770.836
2022,Machine Learning Engineer,Entry,Small,Germany,66562.82
2022,Machine Learning Engineer,Entry,Small,Finland,44870.5
2022,Machine Learning Engineer,Entry,Medium,United States,97898.42
2022,Machine Learning Engineer,Entry,Medium,Australia,79388.586
2022,Machine Learning Engineer,Entry,Medium,Netherlands,68914.52
2022,Machine Learning Engineer,Entry,Medium,United Kingdom,70902.82
2022,Machine Learning Engineer,Entry,Medium,Canada,77696.07
2022,Machine Learning Engineer,Entry,Medium,Italy,58179.13
2022,Machine Learning Engineer,Entry,Medium,Singapore,81002.83
2022,Machine Learning Engineer,Entry,Medium,Germany,68098.09
2022,Machine Learning Engineer,Entry,Medium,Finland,46060.02
2022,Machine Learning Engineer,Entry,Large,United States,94247.16
2022,Machine Learning Engineer,Entry,Large,Australia,75352.195
2022,Machine Learning Engineer,Entry,Large,Netherlands,68330.95
2022,Machine Learning Engineer,Entry,Large,United Kingdom,70458.664
2022,Machine Learning Engineer,Entry,Large,Canada,74780.6
2022,Machine Learning Engineer,Entry,Large,Italy,57896.387
2022,Machine Learning Engineer,Entry,Large,Singapore,80611.83
2022,Machine Learning Engineer,Entry,Large,Germany,66562.82
2022,Machine Learning Engineer,Entry,Large,Finland,44870.5
2022,Machine Learning Engineer,Entry,Enterprise,United States,93100.664
2022,Machine Learning Engineer,Entry,Enterprise,Australia,75236.73
2022,Machine Learning Engineer,Entry,Enterprise,Netherlands,68215.484
2022,Machine Learning Engineer,Entry,Enterprise,United Kingdom,70661.13
2022,Machine Learning Engineer,Entry,Enterprise,Canada,74426.89
2022,Machine Learning Engineer,Entry,Enterprise,Italy,56874.13
2022,Machine Learning Engineer,Entry,Enterprise,Singapore,80655.37
2022,Machine Learning Engineer,Entry,Enterprise,Germany,66623.484
2022,Machine Learning Engineer,Entry,Enterprise,Finland,44755.027
2022,Machine Learning Engineer,Mid,Small,United States,124375.91
2022,Machine Learning Engineer,Mid,Small,Australia,93946.68
2022,Machine Learning Engineer,Mid,Small,Netherlands,85897.8
2022,Machine Learning Engineer,Mid,Small,United Kingdom,88787.05
2022,Machine Learning Engineer,Mid,Small,Canada,93289.97
2022,Machine Learning Engineer,Mid,Small,Italy,78813.18
2022,Machine Learning Engineer,Mid,Small,Singapore,100391.33
2022,Machine Learning Engineer,Mid,Small,Germany,84676.48
2022,Machine Learning Engineer,Mid,Small,Finland,61010.047
2022,Machine Learning Engineer,Mid,Medium,United States,133461.61
2022,Machine Learning Engineer,Mid,Medium,Australia,99531.21
2022,Machine Learning Engineer,Mid,Medium,Netherlands,87193.25
2022,Machine Learning Engineer,Mid,Medium,United Kingdom,90722.88
2022,Machine Learning Engineer,Mid,Medium,Canada,97191.3
2022,Machine Learning Engineer,Mid,Medium,Italy,80714.586
2022,Machine Learning Engineer,Mid,Medium,Singapore,101962.66
2022,Machine Learning Engineer,Mid,Medium,Germany,86923.63
2022,Machine Learning Engineer,Mid,Medium,Finland,62911.457
2022,Machine Learning Engineer,Mid,Large,United States,126619.73
2022,Machine Learning Engineer,Mid,Large,Australia,93946.68
2022,Machine Learning Engineer,Mid,Large,Netherlands,85897.8
2022,Machine Learning Engineer,Mid,Large,United Kingdom,88787.05
2022,Machine Learning Engineer,Mid,Large,Canada,93528.21
2022,Machine Learning Engineer,Mid,Large,Italy,78813.18
2022,Machine Learning Engineer,Mid,Large,Singapore,100232.32
2022,Machine Learning Engineer,Mid,Large,Germany,84676.48
2022,Machine Learning Engineer,Mid,Large,Finland,61010.047
2022,Machine Learning Engineer,Mid,Enterprise,United States,124260.44
2022,Machine Learning Engineer,Mid,Enterprise,Australia,93831.21
2022,Machine Learning Engineer,Mid,Enterprise,Netherlands,85782.33
2022,Machine Learning Engineer,Mid,Enterprise,United Kingdom,88989.516
2022,Machine Learning Engineer,Mid,Enterprise,Canada,93174.5
2022,Machine Learning Engineer,Mid,Enterprise,Italy,78697.71
2022,Machine Learning Engineer,Mid,Enterprise,Singapore,100275.86
2022,Machine Learning Engineer,Mid,Enterprise,Germany,84737.14
2022,Machine Learning Engineer,Mid,Enterprise,Finland,60894.574
2022,Machine Learning Engineer,Senior,Small,United States,161544.69
2022,Machine Learning Engineer,Senior,Small,Australia,124919.445
2022,Machine Learning Engineer,Senior,Small,Netherlands,115806.164
2022,Machine Learning Engineer,Senior,Small,United Kingdom,118812.984
2022,Machine Learning Engineer,Senior,Small,Canada,131737.36
2022,Machine Learning Engineer,Senior,Small,Italy,101540.19
2022,Machine Learning Engineer,Senior,Small,Singapore,132600.77
2022,Machine Learning Engineer,Senior,Small,Germany,113853.84
2022,Machine Learning Engineer,Senior,Small,Finland,88640.14
2022,Machine Learning Engineer,Senior,Medium,United States,170982.12
2022,Machine Learning Engineer,Senior,Medium,Australia,129655.414
2022,Machine Learning Engineer,Senior,Medium,Netherlands,117089.31
2022,Machine Learning Engineer,Senior,Medium,United Kingdom,121254.79
2022,Machine Learning Engineer,Senior,Medium,Canada,135769.61
2022,Machine Learning Engineer,Senior,Medium,Italy,103429.29
2022,Machine Learning Engineer,Senior,Medium,Singapore,134882.53
2022,Machine Learning Engineer,Senior,Medium,Germany,116444.85
2022,Machine Learning Engineer,Senior,Medium,Finland,90529.24
2022,Machine Learning Engineer,Senior,Large,United States,162257.78
2022,Machine Learning Engineer,Senior,Large,Australia,124512.516
2022,Machine Learning Engineer,Senior,Large,Netherlands,115573.17
2022,Machine Learning Engineer,Senior,Large,United Kingdom,118579.99
2022,Machine Learning Engineer,Senior,Large,Canada,131504.38
2022,Machine Learning Engineer,Senior,Large,Italy,102213.98
2022,Machine Learning Engineer,Senior,Large,Singapore,132208.77
2022,Machine Learning Engineer,Senior,Large,Germany,113620.85
2022,Machine Learning Engineer,Senior,Large,Finland,88407.15
2022,Machine Learning Engineer,Senior,Enterprise,United States,161196.23
2022,Machine Learning Engineer,Senior,Enterprise,Australia,124570.984
2022,Machine Learning Engineer,Senior,Enterprise,Netherlands,115457.7
2022,Machine Learning Engineer,Senior,Enterprise,United Kingdom,118782.46
2022,Machine Learning Engineer,Senior,Enterprise,Canada,131388.9
2022,Machine Learning Engineer,Senior,Enterprise,Italy,101191.73
2022,Machine Learning Engineer,Senior,Enterprise,Singapore,132252.31
2022,Machine Learning Engineer,Senior,Enterprise,Germany,113681.516
2022,Machine Learning Engineer,Senior,Enterprise,Finland,88291.68
2022,Machine Learning Engineer,Lead,Small,United States,203066.64
2022,Machine Learning Engineer,Lead,Small,Australia,171248.55
2022,Machine Learning Engineer,Lead,Small,Netherlands,157585.14
2022,Machine Learning Engineer,Lead,Small,United Kingdom,160459.25
2022,Machine Learning Engineer,Lead,Small,Canada,165285.14
2022,Machine Learning Engineer,Lead,Small,Italy,148431.12
2022,Machine Learning Engineer,Lead,Small,Singapore,181806.52
2022,Machine Learning Engineer,Lead,Small,Germany,156294.02
2022,Machine Learning Engineer,Lead,Small,Finland,131481.86
2022,Machine Learning Engineer,Lead,Medium,United States,207139.48
2022,Machine Learning Engineer,Lead,Medium,Australia,175120.55
2022,Machine Learning Engineer,Lead,Medium,Netherlands,158033.05
2022,Machine Learning Engineer,Lead,Medium,United Kingdom,160767.75
2022,Machine Learning Engineer,Lead,Medium,Canada,167317.47
2022,Machine Learning Engineer,Lead,Medium,Italy,149484.98
2022,Machine Learning Engineer,Lead,Medium,Singapore,183252.98
2022,Machine Learning Engineer,Lead,Medium,Germany,157817.75
2022,Machine Learning Engineer,Lead,Medium,Finland,132535.72
2022,Machine Learning Engineer,Lead,Large,United States,202686.25
2022,Machine Learning Engineer,Lead,Large,Australia,171074.61
2022,Machine Learning Engineer,Lead,Large,Netherlands,157585.14
2022,Machine Learning Engineer,Lead,Large,United Kingdom,160459.25
2022,Machine Learning Engineer,Lead,Large,Canada,165285.14
2022,Machine Learning Engineer,Lead,Large,Italy,149337.92
2022,Machine Learning Engineer,Lead,Large,Singapore,181647.52
2022,Machine Learning Engineer,Lead,Large,Germany,156294.02
2022,Machine Learning Engineer,Lead,Large,Finland,131481.86
2022,Machine Learning Engineer,Lead,Enterprise,United States,202436.62
2022,Machine Learning Engineer,Lead,Enterprise,Australia,171133.08
2022,Machine Learning Engineer,Lead,Enterprise,Netherlands,157469.67
2022,Machine Learning Engineer,Lead,Enterprise,United Kingdom,160661.72
2022,Machine Learning Engineer,Lead,Enterprise,Canada,165169.67
2022,Machine Learning Engineer,Lead,Enterprise,Italy,148315.66
2022,Machine Learning Engineer,Lead,Enterprise,Singapore,181691.05
2022,Machine Learning Engineer,Lead,Enterprise,Germany,156354.67
2022,Machine Learning Engineer,Lead,Enterprise,Finland,131366.39
2022,Research Engineer,Entry,Small,United States,129772.54
2022,Research Engineer,Entry,Small,Australia,40019.43
2022,Research Engineer,Entry,Small,Netherlands,44782.363
2022,Research Engineer,Entry,Small,United Kingdom,115245.375
2022,Research Engineer,Entry,Small,Canada,51578.62
2022,Research Engineer,Entry,Small,Italy,46352.016
2022,Research Engineer,Entry,Small,Singapore,55908.113
2022,Research Engineer,Entry,Small,Germany,63077.26
2022,Research Engineer,Entry,Small,Finland,26091.322
2022,Research Engineer,Entry,Medium,United States,140726.48
2022,Research Engineer,Entry,Medium,Australia,44608.324
2022,Research Engineer,Entry,Medium,Netherlands,52102.043
2022,Research Engineer,Entry,Medium,United Kingdom,126392.45
2022,Research Engineer,Entry,Medium,Canada,60951.51
2022,Research Engineer,Entry,Medium,Italy,53760.723
2022,Research Engineer,Entry,Medium,Singapore,62308.72
2022,Research Engineer,Entry,Medium,Germany,77936.27
2022,Research Engineer,Entry,Medium,Finland,33500.04
2022,Research Engineer,Entry,Large,United States,131166.55
2022,Research Engineer,Entry,Large,Australia,36887.613
2022,Research Engineer,Entry,Large,Netherlands,42002.387
2022,Research Engineer,Entry,Large,United Kingdom,73190.055
2022,Research Engineer,Entry,Large,Canada,48798.645
2022,Research Engineer,Entry,Large,Italy,44478.83
2022,Research Engineer,Entry,Large,Singapore,53128.13
2022,Research Engineer,Entry,Large,Germany,63344.617
2022,Research Engineer,Entry,Large,Finland,23311.352
2022,Research Engineer,Entry,Enterprise,United States,134797.77
2022,Research Engineer,Entry,Enterprise,Australia,40019.43
2022,Research Engineer,Entry,Enterprise,Netherlands,46724.836
2022,Research Engineer,Entry,Enterprise,United Kingdom,115245.375
2022,Research Engineer,Entry,Enterprise,Canada,53521.094
2022,Research Engineer,Entry,Enterprise,Italy,48294.49
2022,Research Engineer,Entry,Enterprise,Singapore,57850.586
2022,Research Engineer,Entry,Enterprise,Germany,66476.445
2022,Research Engineer,Entry,Enterprise,Finland,28033.793
2022,Research Engineer,Mid,Small,United States,163932.8
2022,Research Engineer,Mid,Small,Australia,64169.156
2022,Research Engineer,Mid,Small,Netherlands,71794.16
2022,Research Engineer,Mid,Small,United Kingdom,139006.64
2022,Research Engineer,Mid,Small,Canada,80593.17
2022,Research Engineer,Mid,Small,Italy,74326.33
2022,Research Engineer,Mid,Small,Singapore,85271.08
2022,Research Engineer,Mid,Small,Germany,88533.59
2022,Research Engineer,Mid,Small,Finland,53564.887
2022,Research Engineer,Mid,Medium,United States,179917.02
2022,Research Engineer,Mid,Medium,Australia,73844.945
2022,Research Engineer,Mid,Medium,Netherlands,85523.81
2022,Research Engineer,Mid,Medium,United Kingdom,158634.05
2022,Research Engineer,Mid,Medium,Canada,96411.78
2022,Research Engineer,Mid,Medium,Italy,88145.016
2022,Research Engineer,Mid,Medium,Singapore,98583.66
2022,Research Engineer,Mid,Medium,Germany,109802.516
2022,Research Engineer,Mid,Medium,Finland,67383.61
2022,Research Engineer,Mid,Large,United States,165217.28
2022,Research Engineer,Mid,Large,Australia,60167.344
2022,Research Engineer,Mid,Large,Netherlands,67185.79
2022,Research Engineer,Mid,Large,United Kingdom,95306.07
2022,Research Engineer,Mid,Large,Canada,75984.805
2022,Research Engineer,Mid,Large,Italy,69717.96
2022,Research Engineer,Mid,Large,Singapore,80662.71
2022,Research Engineer,Mid,Large,Germany,86972.555
2022,Research Engineer,Mid,Large,Finland,48956.51
2022,Research Engineer,Mid,Enterprise,United States,169404.42
2022,Research Engineer,Mid,Enterprise,Australia,64169.156
2022,Research Engineer,Mid,Enterprise,Netherlands,72778.23
2022,Research Engineer,Mid,Enterprise,United Kingdom,139006.64
2022,Research Engineer,Mid,Enterprise,Canada,81577.24
2022,Research Engineer,Mid,Enterprise,Italy,75310.4
2022,Research Engineer,Mid,Enterprise,Singapore,86255.15
2022,Research Engineer,Mid,Enterprise,Germany,90974.37
2022,Research Engineer,Mid,Enterprise,Finland,54548.957
2022,Research Engineer,Senior,Small,United States,182387.22
2022,Research Engineer,Senior,Small,Australia,118005.26
2022,Research Engineer,Senior,Small,Netherlands,133271.97
2022,Research Engineer,Senior,Small,United Kingdom,278442.66
2022,Research Engineer,Senior,Small,Canada,132110.27
2022,Research Engineer,Senior,Small,Italy,123016.61
2022,Research Engineer,Senior,Small,Singapore,146882.86
2022,Research Engineer,Senior,Small,Germany,153122.66
2022,Research Engineer,Senior,Small,Finland,112764.64
2022,Research Engineer,Senior,Medium,United States,199986.78
2022,Research Engineer,Senior,Medium,Australia,128115.836
2022,Research Engineer,Senior,Medium,Netherlands,149231.22
2022,Research Engineer,Senior,Medium,United Kingdom,295651.5
2022,Research Engineer,Senior,Medium,Canada,149701.4
2022,Research Engineer,Senior,Medium,Italy,139064.83
2022,Research Engineer,Senior,Medium,Singapore,163147.72
2022,Research Engineer,Senior,Medium,Germany,176977.31
2022,Research Engineer,Senior,Medium,Finland,128812.87
2022,Research Engineer,Senior,Large,United States,191253.89
2022,Research Engineer,Senior,Large,Australia,118226.87
2022,Research Engineer,Senior,Large,Netherlands,133845.4
2022,Research Engineer,Senior,Large,United Kingdom,250824.02
2022,Research Engineer,Senior,Large,Canada,132683.72
2022,Research Engineer,Senior,Large,Italy,124496.83
2022,Research Engineer,Senior,Large,Singapore,147456.31
2022,Research Engineer,Senior,Large,Germany,156743.42
2022,Research Engineer,Senior,Large,Finland,113338.08
2022,Research Engineer,Senior,Enterprise,United States,191395.05
2022,Research Engineer,Senior,Enterprise,Australia,120582.97
2022,Research Engineer,Senior,Enterprise,Netherlands,137792.23
2022,Research Engineer,Senior,Enterprise,United Kingdom,278442.66
2022,Research Engineer,Senior,Enterprise,Canada,136630.55
2022,Research Engineer,Senior,Enterprise,Italy,127536.83
2022,Research Engineer,Senior,Enterprise,Singapore,151403.14
2022,Research Engineer,Senior,Enterprise,Germany,159099.61
2022,Research Engineer,Senior,Enterprise,Finland,117284.945
2022,Research Engineer,Lead,Small,United States,212595.64
2022,Research Engineer,Lead,Small,Australia,141697.69
2022,Research Engineer,Lead,Small,Netherlands,149002.33
2022,Research Engineer,Lead,Small,United Kingdom,237644.19
2022,Research Engineer,Lead,Small,Canada,152899.48
2022,Research Engineer,Lead,Small,Italy,148487.72
2022,Research Engineer,Lead,Small,Singapore,170040.42
2022,Research Engineer,Lead,Small,Germany,171114.28
2022,Research Engineer,Lead,Small,Finland,129557.64
2022,Research Engineer,Lead,Medium,United States,226078.56
2022,Research Engineer,Lead,Medium,Australia,149872.78
2022,Research Engineer,Lead,Medium,Netherlands,163054.72
2022,Research Engineer,Lead,Medium,United Kingdom,252946.19
2022,Research Engineer,Lead,Medium,Canada,167419.06
2022,Research Engineer,Lead,Medium,Italy,162629.16
2022,Research Engineer,Lead,Medium,Singapore,184398.42
2022,Research Engineer,Lead,Medium,Germany,192830.06
2022,Research Engineer,Lead,Medium,Finland,143699.03
2022,Research Engineer,Lead,Large,United States,218588.47
2022,Research Engineer,Lead,Large,Australia,141448.28
2022,Research Engineer,Lead,Large,Netherlands,149104.75
2022,Research Engineer,Lead,Large,United Kingdom,206931.45
2022,Research Engineer,Lead,Large,Canada,153001.9
2022,Research Engineer,Lead,Large,Italy,149496.95
2022,Research Engineer,Lead,Large,Singapore,170142.84
2022,Research Engineer,Lead,Large,Germany,174264.05
2022,Research Engineer,Lead,Large,Finland,129660.06
2022,Research Engineer,Lead,Enterprise,United States,221088.94
2022,Research Engineer,Lead,Enterprise,Australia,144275.5
2022,Research Engineer,Lead,Enterprise,Netherlands,153522.61
2022,Research Engineer,Lead,Enterprise,United Kingdom,237644.19
2022,Research Engineer,Lead,Enterprise,Canada,157419.77
2022,Research Engineer,Lead,Enterprise,Italy,153008.0
2022,Research Engineer,Lead,Enterprise,Singapore,174560.7
2022,Research Engineer,Lead,Enterprise,Germany,177091.27
2022,Research Engineer,Lead,Enterprise,Finland,134077.89
2022,Software Engineer,Entry,Small,United States,70308.83
2022,Software Engineer,Entry,Small,Australia,85350.45
2022,Software Engineer,Entry,Small,Netherlands,55234.145
2022,Software Engineer,Entry,Small,United Kingdom,56075.74
2022,Software Engineer,Entry,Small,Canada,61725.453
2022,Software Engineer,Entry,Small,Italy,44036.38
2022,Software Engineer,Entry,Small,Singapore,60667.684
2022,Software Engineer,Entry,Small,Germany,53377.938
2022,Software Engineer,Entry,Small,Finland,34698.008
2022,Software Engineer,Entry,Medium,United States,61180.49
2022,Software Engineer,Entry,Medium,Australia,61021.066
2022,Software Engineer,Entry,Medium,Netherlands,43602.74
2022,Software Engineer,Entry,Medium,United Kingdom,41545.34
2022,Software Engineer,Entry,Medium,Canada,52960.85
2022,Software Engineer,Entry,Medium,Italy,32493.992
2022,Software Engineer,Entry,Medium,Singapore,47991.723
2022,Software Engineer,Entry,Medium,Germany,42181.31
2022,Software Engineer,Entry,Medium,Finland,23155.58
2022,Software Engineer,Entry,Large,United States,63081.152
2022,Software Engineer,Entry,Large,Australia,72415.49
2022,Software Engineer,Entry,Large,Netherlands,46768.8
2022,Software Engineer,Entry,Large,United Kingdom,50244.93
2022,Software Engineer,Entry,Large,Canada,53260.105
2022,Software Engineer,Entry,Large,Italy,36477.82
2022,Software Engineer,Entry,Large,Singapore,52202.336
2022,Software Engineer,Entry,Large,Germany,44912.594
2022,Software Engineer,Entry,Large,Finland,26232.635
2022,Software Engineer,Entry,Enterprise,United States,62544.297
2022,Software Engineer,Entry,Enterprise,Australia,72415.49
2022,Software Engineer,Entry,Enterprise,Netherlands,46768.8
2022,Software Engineer,Entry,Enterprise,United Kingdom,47610.395
2022,Software Engineer,Entry,Enterprise,Canada,53260.105
2022,Software Engineer,Entry,Enterprise,Italy,35571.035
2022,Software Engineer,Entry,Enterprise,Singapore,52202.336
2022,Software Engineer,Entry,Enterprise,Germany,44912.594
2022,Software Engineer,Entry,Enterprise,Finland,26232.635
2022,Software Engineer,Mid,Small,United States,91349.14
2022,Software Engineer,Mid,Small,Australia,92720.055
2022,Software Engineer,Mid,Small,Netherlands,79330.56
2022,Software Engineer,Mid,Small,United Kingdom,75385.12
2022,Software Engineer,Mid,Small,Canada,74809.625
2022,Software Engineer,Mid,Small,Italy,59774.64
2022,Software Engineer,Mid,Small,Singapore,71952.875
2022,Software Engineer,Mid,Small,Germany,65697.48
2022,Software Engineer,Mid,Small,Finland,45719.973
2022,Software Engineer,Mid,Medium,United States,89064.484
2022,Software Engineer,Mid,Medium,Australia,77216.04
2022,Software Engineer,Mid,Medium,Netherlands,77068.94
2022,Software Engineer,Mid,Medium,United Kingdom,68957.48
2022,Software Engineer,Mid,Medium,Canada,71488.836
2022,Software Engineer,Mid,Medium,Italy,53347.016
2022,Software Engineer,Mid,Medium,Singapore,65019.12
2022,Software Engineer,Mid,Medium,Germany,59615.586
2022,Software Engineer,Mid,Medium,Finland,39292.367
2022,Software Engineer,Mid,Large,United States,86184.88
2022,Software Engineer,Mid,Large,Australia,82238.05
2022,Software Engineer,Mid,Large,Netherlands,72928.62
2022,Software Engineer,Mid,Large,United Kingdom,68983.18
2022,Software Engineer,Mid,Large,Canada,69514.62
2022,Software Engineer,Mid,Large,Italy,53372.71
2022,Software Engineer,Mid,Large,Singapore,65550.93
2022,Software Engineer,Mid,Large,Germany,59295.508
2022,Software Engineer,Mid,Large,Finland,39318.05
2022,Software Engineer,Mid,Enterprise,United States,85648.02
2022,Software Engineer,Mid,Enterprise,Australia,82238.05
2022,Software Engineer,Mid,Enterprise,Netherlands,72928.62
2022,Software Engineer,Mid,Enterprise,United Kingdom,68983.18
2022,Software Engineer,Mid,Enterprise,Canada,69514.62
2022,Software Engineer,Mid,Enterprise,Italy,53372.71
2022,Software Engineer,Mid,Enterprise,Singapore,65550.93
2022,Software Engineer,Mid,Enterprise,Germany,59295.508
2022,Software Engineer,Mid,Enterprise,Finland,39318.05
2022,Software Engineer,Senior,Small,United States,121529.41
2022,Software Engineer,Senior,Small,Australia,117384.37
2022,Software Engineer,Senior,Small,Netherlands,95479.18
2022,Software Engineer,Senior,Small,United Kingdom,100643.01
2022,Software Engineer,Senior,Small,Canada,107031.6
2022,Software Engineer,Senior,Small,Italy,80038.39
2022,Software Engineer,Senior,Small,Singapore,105071.52
2022,Software Engineer,Senior,Small,Germany,92053.64
2022,Software Engineer,Senior,Small,Finland,70886.82
2022,Software Engineer,Senior,Medium,United States,114269.67
2022,Software Engineer,Senior,Medium,Australia,98708.83
2022,Software Engineer,Senior,Medium,Netherlands,85089.11
2022,Software Engineer,Senior,Medium,United Kingdom,90654.9
2022,Software Engineer,Senior,Medium,Canada,100708.516
2022,Software Engineer,Senior,Medium,Italy,70050.27
2022,Software Engineer,Senior,Medium,Singapore,95299.99
2022,Software Engineer,Senior,Medium,Germany,82767.43
2022,Software Engineer,Senior,Medium,Finland,60898.69
2022,Software Engineer,Senior,Large,United States,111704.19
2022,Software Engineer,Senior,Large,Australia,102463.68
2022,Software Engineer,Senior,Large,Netherlands,85202.055
2022,Software Engineer,Senior,Large,United Kingdom,90365.88
2022,Software Engineer,Senior,Large,Canada,97861.41
2022,Software Engineer,Senior,Large,Italy,70668.04
2022,Software Engineer,Senior,Large,Singapore,94794.39
2022,Software Engineer,Senior,Large,Germany,81776.51
2022,Software Engineer,Senior,Large,Finland,60609.695
2022,Software Engineer,Senior,Enterprise,United States,111252.27
2022,Software Engineer,Senior,Enterprise,Australia,102637.62
2022,Software Engineer,Senior,Enterprise,Netherlands,85202.055
2022,Software Engineer,Senior,Enterprise,United Kingdom,90365.88
2022,Software Engineer,Senior,Enterprise,Canada,97861.41
2022,Software Engineer,Senior,Enterprise,Italy,69761.26
2022,Software Engineer,Senior,Enterprise,Singapore,94794.39
2022,Software Engineer,Senior,Enterprise,Germany,81776.51
2022,Software Engineer,Senior,Enterprise,Finland,60609.695
2022,Software Engineer,Lead,Small,United States,152318.94
2022,Software Engineer,Lead,Small,Australia,161304.0
2022,Software Engineer,Lead,Small,Netherlands,135399.52
2022,Software Engineer,Lead,Small,United Kingdom,140865.38
2022,Software Engineer,Lead,Small,Canada,140819.55
2022,Software Engineer,Lead,Small,Italy,125070.72
2022,Software Engineer,Lead,Small,Singapore,151010.22
2022,Software Engineer,Lead,Small,Germany,132635.19
2022,Software Engineer,Lead,Small,Finland,111869.984
2022,Software Engineer,Lead,Medium,United States,143543.2
2022,Software Engineer,Lead,Medium,Australia,142975.08
2022,Software Engineer,Lead,Medium,Netherlands,125384.836
2022,Software Engineer,Lead,Medium,United Kingdom,131252.64
2022,Software Engineer,Lead,Medium,Canada,133707.12
2022,Software Engineer,Lead,Medium,Italy,115458.0
2022,Software Engineer,Lead,Medium,Singapore,141614.06
2022,Software Engineer,Lead,Medium,Germany,123492.37
2022,Software Engineer,Lead,Medium,Finland,102257.164
2022,Software Engineer,Lead,Large,United States,142243.42
2022,Software Engineer,Lead,Large,Australia,146758.66
2022,Software Engineer,Lead,Large,Netherlands,125497.76
2022,Software Engineer,Lead,Large,United Kingdom,130963.59
2022,Software Engineer,Lead,Large,Canada,132024.7
2022,Software Engineer,Lead,Large,Italy,116075.766
2022,Software Engineer,Lead,Large,Singapore,141108.44
2022,Software Engineer,Lead,Large,Germany,122733.48
2022,Software Engineer,Lead,Large,Finland,101968.15
2022,Software Engineer,Lead,Enterprise,United States,142603.42
2022,Software Engineer,Lead,Enterprise,Australia,146932.6
2022,Software Engineer,Lead,Enterprise,Netherlands,125497.76
2022,Software Engineer,Lead,Enterprise,United Kingdom,130963.59
2022,Software Engineer,Lead,Enterprise,Canada,132024.7
2022,Software Engineer,Lead,Enterprise,Italy,115168.984
2022,Software Engineer,Lead,Enterprise,Singapore,141108.44
2022,Software Engineer,Lead,Enterprise,Germany,122733.48
2022,Software Engineer,Lead,Enterprise,Finland,101968.15
2022,Research Scientist,Entry,Small,United States,98817.18
2022,Research Scientist,Entry,Small,Australia,81155.77
2022,Research Scientist,Entry,Small,Netherlands,73960.06
2022,Research Scientist,Entry,Small,United Kingdom,74935.33
2022,Research Scientist,Entry,Small,Canada,80973.0
2022,Research Scientist,Entry,Small,Italy,61373.61
2022,Research Scientist,Entry,Small,Singapore,87516.74
2022,Research Scientist,Entry,Small,Germany,71346.84
2022,Research Scientist,Entry,Small,Finland,46945.83
2022,Research Scientist,Entry,Medium,United States,114664.25
2022,Research Scientist,Entry,Medium,Australia,83859.72
2022,Research Scientist,Entry,Medium,Netherlands,78619.98
2022,Research Scientist,Entry,Medium,United Kingdom,80469.84
2022,Research Scientist,Entry,Medium,Canada,84972.22
2022,Research Scientist,Entry,Medium,Italy,63861.074
2022,Research Scientist,Entry,Medium,Singapore,89295.68
2022,Research Scientist,Entry,Medium,Germany,74180.03
2022,Research Scientist,Entry,Medium,Finland,49433.29
2022,Research Scientist,Entry,Large,United States,102074.28
2022,Research Scientist,Entry,Large,Australia,81155.77
2022,Research Scientist,Entry,Large,Netherlands,74117.17
2022,Research Scientist,Entry,Large,United Kingdom,74935.33
2022,Research Scientist,Entry,Large,Canada,81205.3
2022,Research Scientist,Entry,Large,Italy,62280.395
2022,Research Scientist,Entry,Large,Singapore,88212.98
2022,Research Scientist,Entry,Large,Germany,71346.84
2022,Research Scientist,Entry,Large,Finland,46945.83
2022,Research Scientist,Entry,Enterprise,United States,99872.51
2022,Research Scientist,Entry,Enterprise,Australia,81155.77
2022,Research Scientist,Entry,Enterprise,Netherlands,73960.06
2022,Research Scientist,Entry,Enterprise,United Kingdom,75279.58
2022,Research Scientist,Entry,Enterprise,Canada,80973.0
2022,Research Scientist,Entry,Enterprise,Italy,61373.61
2022,Research Scientist,Entry,Enterprise,Singapore,87270.4
2022,Research Scientist,Entry,Enterprise,Germany,71346.84
2022,Research Scientist,Entry,Enterprise,Finland,46945.83
2022,Research Scientist,Mid,Small,United States,129952.75
2022,Research Scientist,Mid,Small,Australia,100659.664
2022,Research Scientist,Mid,Small,Netherlands,93131.46
2022,Research Scientist,Mid,Small,United Kingdom,94778.68
2022,Research Scientist,Mid,Small,Canada,102913.45
2022,Research Scientist,Mid,Small,Italy,83361.26
2022,Research Scientist,Mid,Small,Singapore,108278.77
2022,Research Scientist,Mid,Small,Germany,90366.125
2022,Research Scientist,Mid,Small,Finland,64216.918
2022,Research Scientist,Mid,Medium,United States,140009.9
2022,Research Scientist,Mid,Medium,Australia,103370.3
2022,Research Scientist,Mid,Medium,Netherlands,96961.82
2022,Research Scientist,Mid,Medium,United Kingdom,99483.625
2022,Research Scientist,Mid,Medium,Canada,105903.15
2022,Research Scientist,Mid,Medium,Italy,85019.14
2022,Research Scientist,Mid,Medium,Singapore,109855.61
2022,Research Scientist,Mid,Medium,Germany,92369.76
2022,Research Scientist,Mid,Medium,Finland,65874.82
2022,Research Scientist,Mid,Large,United States,131544.94
2022,Research Scientist,Mid,Large,Australia,100659.664
2022,Research Scientist,Mid,Large,Netherlands,93288.57
2022,Research Scientist,Mid,Large,United Kingdom,94778.68
2022,Research Scientist,Mid,Large,Canada,103145.74
2022,Research Scientist,Mid,Large,Italy,83361.26
2022,Research Scientist,Mid,Large,Singapore,108975.016
2022,Research Scientist,Mid,Large,Germany,90366.125
2022,Research Scientist,Mid,Large,Finland,64216.918
2022,Research Scientist,Mid,Enterprise,United States,131008.086
2022,Research Scientist,Mid,Enterprise,Australia,100659.664
2022,Research Scientist,Mid,Enterprise,Netherlands,93131.46
2022,Research Scientist,Mid,Enterprise,United Kingdom,95122.93
2022,Research Scientist,Mid,Enterprise,Canada,102913.45
2022,Research Scientist,Mid,Enterprise,Italy,83361.26
2022,Research Scientist,Mid,Enterprise,Singapore,108032.44
2022,Research Scientist,Mid,Enterprise,Germany,90366.125
2022,Research Scientist,Mid,Enterprise,Finland,64216.918
2022,Research Scientist,Senior,Small,United States,171064.27
2022,Research Scientist,Senior,Small,Australia,131847.06
2022,Research Scientist,Senior,Small,Netherlands,122575.39
2022,Research Scientist,Senior,Small,United Kingdom,124688.59
2022,Research Scientist,Senior,Small,Canada,135012.64
2022,Research Scientist,Senior,Small,Italy,107754.88
2022,Research Scientist,Senior,Small,Singapore,143063.64
2022,Research Scientist,Senior,Small,Germany,119770.13
2022,Research Scientist,Senior,Small,Finland,92182.914
2022,Research Scientist,Senior,Medium,United States,179090.47
2022,Research Scientist,Senior,Medium,Australia,134520.14
2022,Research Scientist,Senior,Medium,Netherlands,127204.414
2022,Research Scientist,Senior,Medium,United Kingdom,133348.38
2022,Research Scientist,Senior,Medium,Canada,139012.05
2022,Research Scientist,Senior,Medium,Italy,110211.43
2022,Research Scientist,Senior,Medium,Singapore,144257.14
2022,Research Scientist,Senior,Medium,Germany,122928.586
2022,Research Scientist,Senior,Medium,Finland,94639.46
2022,Research Scientist,Senior,Large,United States,172571.53
2022,Research Scientist,Senior,Large,Australia,131673.12
2022,Research Scientist,Senior,Large,Netherlands,122732.5
2022,Research Scientist,Senior,Large,United Kingdom,124688.59
2022,Research Scientist,Senior,Large,Canada,135244.92
2022,Research Scientist,Senior,Large,Italy,108661.664
2022,Research Scientist,Senior,Large,Singapore,143759.89
2022,Research Scientist,Senior,Large,Germany,119770.13
2022,Research Scientist,Senior,Large,Finland,92182.914
2022,Research Scientist,Senior,Enterprise,United States,172119.61
2022,Research Scientist,Senior,Enterprise,Australia,131847.06
2022,Research Scientist,Senior,Enterprise,Netherlands,122575.39
2022,Research Scientist,Senior,Enterprise,United Kingdom,124688.59
2022,Research Scientist,Senior,Enterprise,Canada,135012.64
2022,Research Scientist,Senior,Enterprise,Italy,107754.88
2022,Research Scientist,Senior,Enterprise,Singapore,142817.3
2022,Research Scientist,Senior,Enterprise,Germany,119770.13
2022,Research Scientist,Senior,Enterprise,Finland,92182.914
2022,Research Scientist,Lead,Small,United States,208793.61
2022,Research Scientist,Lead,Small,Australia,182591.34
2022,Research Scientist,Lead,Small,Netherlands,169197.23
2022,Research Scientist,Lead,Small,United Kingdom,171173.14
2022,Research Scientist,Lead,Small,Canada,177511.02
2022,Research Scientist,Lead,Small,Italy,159050.34
2022,Research Scientist,Lead,Small,Singapore,195618.42
2022,Research Scientist,Lead,Small,Germany,167313.25
2022,Research Scientist,Lead,Small,Finland,140127.6
2022,Research Scientist,Lead,Medium,United States,219405.06
2022,Research Scientist,Lead,Medium,Australia,184647.0
2022,Research Scientist,Lead,Medium,Netherlands,173237.6
2022,Research Scientist,Lead,Medium,United Kingdom,179244.42
2022,Research Scientist,Lead,Medium,Canada,179757.08
2022,Research Scientist,Lead,Medium,Italy,160918.25
2022,Research Scientist,Lead,Medium,Singapore,196625.95
2022,Research Scientist,Lead,Medium,Germany,169651.03
2022,Research Scientist,Lead,Medium,Finland,141995.52
2022,Research Scientist,Lead,Large,United States,215100.48
2022,Research Scientist,Lead,Large,Australia,182417.4
2022,Research Scientist,Lead,Large,Netherlands,169354.34
2022,Research Scientist,Lead,Large,United Kingdom,171173.14
2022,Research Scientist,Lead,Large,Canada,177743.3
2022,Research Scientist,Lead,Large,Italy,159957.14
2022,Research Scientist,Lead,Large,Singapore,196314.67
2022,Research Scientist,Lead,Large,Germany,167313.25
2022,Research Scientist,Lead,Large,Finland,140127.6
2022,Research Scientist,Lead,Enterprise,United States,215100.48
2022,Research Scientist,Lead,Enterprise,Australia,182591.34
2022,Research Scientist,Lead,Enterprise,Netherlands,169197.23
2022,Research Scientist,Lead,Enterprise,United Kingdom,171173.14
2022,Research Scientist,Lead,Enterprise,Canada,177511.02
2022,Research Scientist,Lead,Enterprise,Italy,159050.34
2022,Research Scientist,Lead,Enterprise,Singapore,195372.08
2022,Research Scientist,Lead,Enterprise,Germany,167313.25
2022,Research Scientist,Lead,Enterprise,Finland,140127.6
2022,Solution Architect,Entry,Small,United States,86404.836
2022,Solution Architect,Entry,Small,Australia,71199.08
2022,Solution Architect,Entry,Small,Netherlands,63239.516
2022,Solution Architect,Entry,Small,United Kingdom,82135.45
2022,Solution Architect,Entry,Small,Canada,68673.06
2022,Solution Architect,Entry,Small,Italy,51877.668
2022,Solution Architect,Entry,Small,Singapore,74034.125
2022,Solution Architect,Entry,Small,Germany,61152.434
2022,Solution Architect,Entry,Small,Finland,41727.984
2022,Solution Architect,Entry,Medium,United States,86543.15
2022,Solution Architect,Entry,Medium,Australia,69840.63
2022,Solution Architect,Entry,Medium,Netherlands,61575.574
2022,Solution Architect,Entry,Medium,United Kingdom,80560.516
2022,Solution Architect,Entry,Medium,Canada,69062.31
2022,Solution Architect,Entry,Medium,Italy,50302.734
2022,Solution Architect,Entry,Medium,Singapore,71325.625
2022,Solution Architect,Entry,Medium,Germany,59923.254
2022,Solution Architect,Entry,Medium,Finland,40153.06
2022,Solution Architect,Entry,Large,United States,86616.05
2022,Solution Architect,Entry,Large,Australia,71036.52
2022,Solution Architect,Entry,Large,Netherlands,63076.96
2022,Solution Architect,Entry,Large,United Kingdom,81972.9
2022,Solution Architect,Entry,Large,Canada,68510.5
2022,Solution Architect,Entry,Large,Italy,52621.9
2022,Solution Architect,Entry,Large,Singapore,73871.57
2022,Solution Architect,Entry,Large,Germany,60989.88
2022,Solution Architect,Entry,Large,Finland,41565.43
2022,Solution Architect,Entry,Enterprise,United States,86404.836
2022,Solution Architect,Entry,Enterprise,Australia,71199.08
2022,Solution Architect,Entry,Enterprise,Netherlands,63239.516
2022,Solution Architect,Entry,Enterprise,United Kingdom,82135.45
2022,Solution Architect,Entry,Enterprise,Canada,68673.06
2022,Solution Architect,Entry,Enterprise,Italy,51877.668
2022,Solution Architect,Entry,Enterprise,Singapore,74034.125
2022,Solution Architect,Entry,Enterprise,Germany,61152.434
2022,Solution Architect,Entry,Enterprise,Finland,41727.984
2022,Solution Architect,Mid,Small,United States,118312.234
2022,Solution Architect,Mid,Small,Australia,89579.336
2022,Solution Architect,Mid,Small,Netherlands,80904.02
2022,Solution Architect,Mid,Small,United Kingdom,98785.97
2022,Solution Architect,Mid,Small,Canada,91469.29
2022,Solution Architect,Mid,Small,Italy,73798.81
2022,Solution Architect,Mid,Small,Singapore,94136.2
2022,Solution Architect,Mid,Small,Germany,79048.18
2022,Solution Architect,Mid,Small,Finland,58300.27
2022,Solution Architect,Mid,Medium,United States,122574.93
2022,Solution Architect,Mid,Medium,Australia,91452.6
2022,Solution Architect,Mid,Medium,Netherlands,81635.51
2022,Solution Architect,Mid,Medium,United Kingdom,99606.484
2022,Solution Architect,Mid,Medium,Canada,94289.73
2022,Solution Architect,Mid,Medium,Italy,74619.33
2022,Solution Architect,Mid,Medium,Singapore,94450.61
2022,Solution Architect,Mid,Medium,Germany,80214.445
2022,Solution Architect,Mid,Medium,Finland,59120.777
2022,Solution Architect,Mid,Large,United States,114149.95
2022,Solution Architect,Mid,Large,Australia,85431.945
2022,Solution Architect,Mid,Large,Netherlands,76756.63
2022,Solution Architect,Mid,Large,United Kingdom,95886.96
2022,Solution Architect,Mid,Large,Canada,87321.9
2022,Solution Architect,Mid,Large,Italy,69651.42
2022,Solution Architect,Mid,Large,Singapore,89988.81
2022,Solution Architect,Mid,Large,Germany,74900.79
2022,Solution Architect,Mid,Large,Finland,54152.85
2022,Solution Architect,Mid,Enterprise,United States,118312.234
2022,Solution Architect,Mid,Enterprise,Australia,89579.336
2022,Solution Architect,Mid,Enterprise,Netherlands,80904.02
2022,Solution Architect,Mid,Enterprise,United Kingdom,98785.97
2022,Solution Architect,Mid,Enterprise,Canada,91469.29
2022,Solution Architect,Mid,Enterprise,Italy,73798.81
2022,Solution Architect,Mid,Enterprise,Singapore,94136.2
2022,Solution Architect,Mid,Enterprise,Germany,79048.18
2022,Solution Architect,Mid,Enterprise,Finland,58300.27
2022,Solution Architect,Senior,Small,United States,165640.89
2022,Solution Architect,Senior,Small,Australia,129034.01
2022,Solution Architect,Senior,Small,Netherlands,119294.28
2022,Solution Architect,Senior,Small,United Kingdom,138531.31
2022,Solution Architect,Senior,Small,Canada,129160.96
2022,Solution Architect,Senior,Small,Italy,105007.71
2022,Solution Architect,Senior,Small,Singapore,134176.1
2022,Solution Architect,Senior,Small,Germany,115291.625
2022,Solution Architect,Senior,Small,Finland,94412.25
2022,Solution Architect,Senior,Medium,United States,168723.47
2022,Solution Architect,Senior,Medium,Australia,129604.69
2022,Solution Architect,Senior,Medium,Netherlands,119559.44
2022,Solution Architect,Senior,Medium,United Kingdom,138885.5
2022,Solution Architect,Senior,Medium,Canada,131057.86
2022,Solution Architect,Senior,Medium,Italy,105361.9
2022,Solution Architect,Senior,Medium,Singapore,134746.83
2022,Solution Architect,Senior,Medium,Germany,116347.72
2022,Solution Architect,Senior,Medium,Finland,94766.44
2022,Solution Architect,Senior,Large,United States,167210.34
2022,Solution Architect,Senior,Large,Australia,130140.71
2022,Solution Architect,Senior,Large,Netherlands,120574.92
2022,Solution Architect,Senior,Large,United Kingdom,139811.94
2022,Solution Architect,Senior,Large,Canada,130441.55
2022,Solution Architect,Senior,Large,Italy,107195.13
2022,Solution Architect,Senior,Large,Singapore,135456.66
2022,Solution Architect,Senior,Large,Germany,116572.266
2022,Solution Architect,Senior,Large,Finland,95692.89
2022,Solution Architect,Senior,Enterprise,United States,165640.89
2022,Solution Architect,Senior,Enterprise,Australia,129034.01
2022,Solution Architect,Senior,Enterprise,Netherlands,119294.28
2022,Solution Architect,Senior,Enterprise,United Kingdom,138531.31
2022,Solution Architect,Senior,Enterprise,Canada,129160.96
2022,Solution Architect,Senior,Enterprise,Italy,105007.71
2022,Solution Architect,Senior,Enterprise,Singapore,134176.1
2022,Solution Architect,Senior,Enterprise,Germany,115291.625
2022,Solution Architect,Senior,Enterprise,Finland,94412.25
2022,Solution Architect,Lead,Small,United States,190122.72
2022,Solution Architect,Lead,Small,Australia,163524.44
2022,Solution Architect,Lead,Small,Netherlands,149698.86
2022,Solution Architect,Lead,Small,United Kingdom,169152.67
2022,Solution Architect,Lead,Small,Canada,155972.73
2022,Solution Architect,Lead,Small,Italy,140524.27
2022,Solution Architect,Lead,Small,Singapore,171116.4
2022,Solution Architect,Lead,Small,Germany,148088.75
2022,Solution Architect,Lead,Small,Finland,125879.73
2022,Solution Architect,Lead,Medium,United States,190613.11
2022,Solution Architect,Lead,Medium,Australia,164066.39
2022,Solution Architect,Lead,Medium,Netherlands,149964.03
2022,Solution Architect,Lead,Medium,United Kingdom,169506.88
2022,Solution Architect,Lead,Medium,Canada,156705.1
2022,Solution Architect,Lead,Medium,Italy,140878.47
2022,Solution Architect,Lead,Medium,Singapore,171687.19
2022,Solution Architect,Lead,Medium,Germany,148912.83
2022,Solution Architect,Lead,Medium,Finland,126233.9
2022,Solution Architect,Lead,Large,United States,188922.5
2022,Solution Architect,Lead,Large,Australia,163187.94
2022,Solution Architect,Lead,Large,Netherlands,149536.3
2022,Solution Architect,Lead,Large,United Kingdom,168990.11
2022,Solution Architect,Lead,Large,Canada,155810.17
2022,Solution Architect,Lead,Large,Italy,141268.5
2022,Solution Architect,Lead,Large,Singapore,170953.84
2022,Solution Architect,Lead,Large,Germany,147926.19
2022,Solution Architect,Lead,Large,Finland,125717.17
2022,Solution Architect,Lead,Enterprise,United States,189608.17
2022,Solution Architect,Lead,Enterprise,Australia,163524.44
2022,Solution Architect,Lead,Enterprise,Netherlands,149698.86
2022,Solution Architect,Lead,Enterprise,United Kingdom,169152.67
2022,Solution Architect,Lead,Enterprise,Canada,155972.73
2022,Solution Architect,Lead,Enterprise,Italy,140524.27
2022,Solution Architect,Lead,Enterprise,Singapore,171116.4
2022,Solution Architect,Lead,Enterprise,Germany,148088.75
2022,Solution Architect,Lead,Enterprise,Finland,125879.73
2022,Software Architect,Entry,Small,United States,122842.95
2022,Software Architect,Entry,Small,Australia,103418.875
2022,Software Architect,Entry,Small,Netherlands,97796.96
2022,Software Architect,Entry,Small,United Kingdom,99160.54
2022,Software Architect,Entry,Small,Canada,102601.48
2022,Software Architect,Entry,Small,Italy,86435.03
2022,Software Architect,Entry,Small,Singapore,108483.945
2022,Software Architect,Entry,Small,Germany,95709.83
2022,Software Architect,Entry,Small,Finland,76285.37
2022,Software Architect,Entry,Medium,United States,130032.195
2022,Software Architect,Entry,Medium,Australia,108724.82
2022,Software Architect,Entry,Medium,Netherlands,103183.92
2022,Software Architect,Entry,Medium,United Kingdom,104636.53
2022,Software Architect,Entry,Medium,Canada,110041.66
2022,Software Architect,Entry,Medium,Italy,91911.04
2022,Software Architect,Entry,Medium,Singapore,112826.375
2022,Software Architect,Entry,Medium,Germany,101531.58
2022,Software Architect,Entry,Medium,Finland,81761.36
2022,Software Architect,Entry,Large,United States,111988.28
2022,Software Architect,Entry,Large,Australia,92027.33
2022,Software Architect,Entry,Large,Netherlands,86405.41
2022,Software Architect,Entry,Large,United Kingdom,87768.984
2022,Software Architect,Entry,Large,Canada,91437.93
2022,Software Architect,Entry,Large,Italy,75950.26
2022,Software Architect,Entry,Large,Singapore,97092.41
2022,Software Architect,Entry,Large,Germany,84318.28
2022,Software Architect,Entry,Large,Finland,64893.78
2022,Software Architect,Entry,Enterprise,United States,122842.95
2022,Software Architect,Entry,Enterprise,Australia,103418.875
2022,Software Architect,Entry,Enterprise,Netherlands,97796.96
2022,Software Architect,Entry,Enterprise,United Kingdom,99160.54
2022,Software Architect,Entry,Enterprise,Canada,102601.48
2022,Software Architect,Entry,Enterprise,Italy,86435.03
2022,Software Architect,Entry,Enterprise,Singapore,108483.945
2022,Software Architect,Entry,Enterprise,Germany,95709.83
2022,Software Architect,Entry,Enterprise,Finland,76285.37
2022,Software Architect,Mid,Small,United States,150751.06
2022,Software Architect,Mid,Small,Australia,121060.914
2022,Software Architect,Mid,Small,Netherlands,114921.914
2022,Software Architect,Mid,Small,United Kingdom,117047.02
2022,Software Architect,Mid,Small,Canada,120907.16
2022,Software Architect,Mid,Small,Italy,107816.7
2022,Software Architect,Mid,Small,Singapore,128046.61
2022,Software Architect,Mid,Small,Germany,112936.31
2022,Software Architect,Mid,Small,Finland,92318.164
2022,Software Architect,Mid,Medium,United States,160189.86
2022,Software Architect,Mid,Medium,Australia,127922.5
2022,Software Architect,Mid,Medium,Netherlands,120829.484
2022,Software Architect,Mid,Medium,United Kingdom,123043.625
2022,Software Architect,Mid,Medium,Canada,128903.68
2022,Software Architect,Mid,Medium,Italy,113813.305
2022,Software Architect,Mid,Medium,Singapore,133537.05
2022,Software Architect,Mid,Medium,Germany,119278.66
2022,Software Architect,Mid,Medium,Finland,98314.766
2022,Software Architect,Mid,Large,United States,139896.38
2022,Software Architect,Mid,Large,Australia,109669.37
2022,Software Architect,Mid,Large,Netherlands,103530.37
2022,Software Architect,Mid,Large,United Kingdom,105655.46
2022,Software Architect,Mid,Large,Canada,109743.625
2022,Software Architect,Mid,Large,Italy,96425.15
2022,Software Architect,Mid,Large,Singapore,116655.05
2022,Software Architect,Mid,Large,Germany,101544.76
2022,Software Architect,Mid,Large,Finland,80926.6
2022,Software Architect,Mid,Enterprise,United States,150751.06
2022,Software Architect,Mid,Enterprise,Australia,121060.914
2022,Software Architect,Mid,Enterprise,Netherlands,114921.914
2022,Software Architect,Mid,Enterprise,United Kingdom,117047.02
2022,Software Architect,Mid,Enterprise,Canada,120907.16
2022,Software Architect,Mid,Enterprise,Italy,107816.7
2022,Software Architect,Mid,Enterprise,Singapore,128046.61
2022,Software Architect,Mid,Enterprise,Germany,112936.31
2022,Software Architect,Mid,Enterprise,Finland,92318.164
2022,Software Architect,Senior,Small,United States,192290.52
2022,Software Architect,Senior,Small,Australia,150840.84
2022,Software Architect,Senior,Small,Netherlands,143576.66
2022,Software Architect,Senior,Small,United Kingdom,145257.45
2022,Software Architect,Senior,Small,Canada,155321.72
2022,Software Architect,Senior,Small,Italy,129290.22
2022,Software Architect,Senior,Small,Singapore,158625.9
2022,Software Architect,Senior,Small,Germany,141305.39
2022,Software Architect,Senior,Small,Finland,118694.85
2022,Software Architect,Senior,Medium,United States,200549.17
2022,Software Architect,Senior,Medium,Australia,156201.08
2022,Software Architect,Senior,Medium,Netherlands,149017.9
2022,Software Architect,Senior,Medium,United Kingdom,150787.73
2022,Software Architect,Senior,Medium,Canada,162394.88
2022,Software Architect,Senior,Medium,Italy,134820.39
2022,Software Architect,Senior,Medium,Singapore,164372.77
2022,Software Architect,Senior,Medium,Germany,147537.56
2022,Software Architect,Senior,Medium,Finland,124225.125
2022,Software Architect,Senior,Large,United States,181350.89
2022,Software Architect,Senior,Large,Australia,139275.34
2022,Software Architect,Senior,Large,Netherlands,132185.33
2022,Software Architect,Senior,Large,United Kingdom,133865.94
2022,Software Architect,Senior,Large,Canada,144158.19
2022,Software Architect,Senior,Large,Italy,118805.55
2022,Software Architect,Senior,Large,Singapore,147234.38
2022,Software Architect,Senior,Large,Germany,129914.016
2022,Software Architect,Senior,Large,Finland,107303.305
2022,Software Architect,Senior,Enterprise,United States,192290.52
2022,Software Architect,Senior,Enterprise,Australia,150840.84
2022,Software Architect,Senior,Enterprise,Netherlands,143576.66
2022,Software Architect,Senior,Enterprise,United Kingdom,145257.45
2022,Software Architect,Senior,Enterprise,Canada,155321.72
2022,Software Architect,Senior,Enterprise,Italy,129290.22
2022,Software Architect,Senior,Enterprise,Singapore,158625.9
2022,Software Architect,Senior,Enterprise,Germany,141305.39
2022,Software Architect,Senior,Enterprise,Finland,118694.85
2022,Software Architect,Lead,Small,United States,224972.45
2022,Software Architect,Lead,Small,Australia,194423.78
2022,Software Architect,Lead,Small,Netherlands,183134.52
2022,Software Architect,Lead,Small,United Kingdom,185061.34
2022,Software Architect,Lead,Small,Canada,188779.48
2022,Software Architect,Lead,Small,Italy,173959.92
2022,Software Architect,Lead,Small,Singapore,204719.3
2022,Software Architect,Lead,Small,Germany,181524.4
2022,Software Architect,Lead,Small,Finland,159315.27
2022,Software Architect,Lead,Medium,United States,230638.92
2022,Software Architect,Lead,Medium,Australia,199954.06
2022,Software Architect,Lead,Medium,Netherlands,188575.77
2022,Software Architect,Lead,Medium,United Kingdom,190591.62
2022,Software Architect,Lead,Medium,Canada,194687.92
2022,Software Architect,Lead,Medium,Italy,179490.2
2022,Software Architect,Lead,Medium,Singapore,210466.16
2022,Software Architect,Lead,Medium,Germany,187524.56
2022,Software Architect,Lead,Medium,Finland,164845.55
2022,Software Architect,Lead,Large,United States,212706.36
2022,Software Architect,Lead,Large,Australia,182858.3
2022,Software Architect,Lead,Large,Netherlands,171742.97
2022,Software Architect,Lead,Large,United Kingdom,173669.8
2022,Software Architect,Lead,Large,Canada,177615.95
2022,Software Architect,Lead,Large,Italy,163475.17
2022,Software Architect,Lead,Large,Singapore,193327.75
2022,Software Architect,Lead,Large,Germany,170132.86
2022,Software Architect,Lead,Large,Finland,147923.72
2022,Software Architect,Lead,Enterprise,United States,224457.9
2022,Software Architect,Lead,Enterprise,Australia,194423.78
2022,Software Architect,Lead,Enterprise,Netherlands,183134.52
2022,Software Architect,Lead,Enterprise,United Kingdom,185061.34
2022,Software Architect,Lead,Enterprise,Canada,188779.48
2022,Software Architect,Lead,Enterprise,Italy,173959.92
2022,Software Architect,Lead,Enterprise,Singapore,204719.3
2022,Software Architect,Lead,Enterprise,Germany,181524.4
2022,Software Architect,Lead,Enterprise,Finland,159315.27
2022,Database Engineer,Entry,Small,United States,82215.555
2022,Database Engineer,Entry,Small,Australia,64836.613
2022,Database Engineer,Entry,Small,Netherlands,57898.01
2022,Database Engineer,Entry,Small,United Kingdom,58860.87
2022,Database Engineer,Entry,Small,Canada,66847.766
2022,Database Engineer,Entry,Small,Italy,46536.164
2022,Database Engineer,Entry,Small,Singapore,68640.01
2022,Database Engineer,Entry,Small,Germany,55810.93
2022,Database Engineer,Entry,Small,Finland,37010.56
2022,Database Engineer,Entry,Medium,United States,84636.07
2022,Database Engineer,Entry,Medium,Australia,65760.4
2022,Database Engineer,Entry,Medium,Netherlands,58516.258
2022,Database Engineer,Entry,Medium,United Kingdom,59568.137
2022,Database Engineer,Entry,Medium,Canada,69519.22
2022,Database Engineer,Entry,Medium,Italy,47243.44
2022,Database Engineer,Entry,Medium,Singapore,68213.71
2022,Database Engineer,Entry,Medium,Germany,56863.96
2022,Database Engineer,Entry,Medium,Finland,37717.832
2022,Database Engineer,Entry,Large,United States,82752.42
2022,Database Engineer,Entry,Large,Australia,64836.613
2022,Database Engineer,Entry,Large,Netherlands,57898.01
2022,Database Engineer,Entry,Large,United Kingdom,58860.87
2022,Database Engineer,Entry,Large,Canada,66847.766
2022,Database Engineer,Entry,Large,Italy,47442.95
2022,Database Engineer,Entry,Large,Singapore,68640.01
2022,Database Engineer,Entry,Large,Germany,55810.93
2022,Database Engineer,Entry,Large,Finland,37010.56
2022,Database Engineer,Entry,Enterprise,United States,82215.555
2022,Database Engineer,Entry,Enterprise,Australia,64836.613
2022,Database Engineer,Entry,Enterprise,Netherlands,57898.01
2022,Database Engineer,Entry,Enterprise,United Kingdom,58860.87
2022,Database Engineer,Entry,Enterprise,Canada,66847.766
2022,Database Engineer,Entry,Enterprise,Italy,46536.164
2022,Database Engineer,Entry,Enterprise,Singapore,68640.01
2022,Database Engineer,Entry,Enterprise,Germany,55810.93
2022,Database Engineer,Entry,Enterprise,Finland,37010.56
2022,Database Engineer,Mid,Small,United States,104363.164
2022,Database Engineer,Mid,Small,Australia,78818.19
2022,Database Engineer,Mid,Small,Netherlands,71163.805
2022,Database Engineer,Mid,Small,United Kingdom,73916.46
2022,Database Engineer,Mid,Small,Canada,81294.18
2022,Database Engineer,Mid,Small,Italy,64058.598
2022,Database Engineer,Mid,Small,Singapore,84343.375
2022,Database Engineer,Mid,Small,Germany,69307.96
2022,Database Engineer,Mid,Small,Finland,49184.074
2022,Database Engineer,Mid,Medium,United States,109033.22
2022,Database Engineer,Mid,Medium,Australia,81098.81
2022,Database Engineer,Mid,Medium,Netherlands,72302.65
2022,Database Engineer,Mid,Medium,United Kingdom,75144.336
2022,Database Engineer,Mid,Medium,Canada,84521.98
2022,Database Engineer,Mid,Medium,Italy,65286.477
2022,Database Engineer,Mid,Medium,Singapore,85065.14
2022,Database Engineer,Mid,Medium,Germany,70881.586
2022,Database Engineer,Mid,Medium,Finland,50411.953
2022,Database Engineer,Mid,Large,United States,104900.03
2022,Database Engineer,Mid,Large,Australia,78818.19
2022,Database Engineer,Mid,Large,Netherlands,71163.805
2022,Database Engineer,Mid,Large,United Kingdom,73916.46
2022,Database Engineer,Mid,Large,Canada,81294.18
2022,Database Engineer,Mid,Large,Italy,64058.598
2022,Database Engineer,Mid,Large,Singapore,84343.375
2022,Database Engineer,Mid,Large,Germany,69307.96
2022,Database Engineer,Mid,Large,Finland,49184.074
2022,Database Engineer,Mid,Enterprise,United States,104363.164
2022,Database Engineer,Mid,Enterprise,Australia,78818.19
2022,Database Engineer,Mid,Enterprise,Netherlands,71163.805
2022,Database Engineer,Mid,Enterprise,United Kingdom,73916.46
2022,Database Engineer,Mid,Enterprise,Canada,81294.18
2022,Database Engineer,Mid,Enterprise,Italy,64058.598
2022,Database Engineer,Mid,Enterprise,Singapore,84343.375
2022,Database Engineer,Mid,Enterprise,Germany,69307.96
2022,Database Engineer,Mid,Enterprise,Finland,49184.074
2022,Database Engineer,Senior,Small,United States,151363.3
2022,Database Engineer,Senior,Small,Australia,111859.98
2022,Database Engineer,Senior,Small,Netherlands,103141.18
2022,Database Engineer,Senior,Small,United Kingdom,104421.17
2022,Database Engineer,Senior,Small,Canada,119031.31
2022,Database Engineer,Senior,Small,Italy,88854.61
2022,Database Engineer,Senior,Small,Singapore,117970.51
2022,Database Engineer,Senior,Small,Germany,100869.86
2022,Database Engineer,Senior,Small,Finland,78883.22
2022,Database Engineer,Senior,Medium,United States,154853.23
2022,Database Engineer,Senior,Medium,Australia,112838.016
2022,Database Engineer,Senior,Medium,Netherlands,103813.695
2022,Database Engineer,Senior,Medium,United Kingdom,105182.72
2022,Database Engineer,Senior,Medium,Canada,121335.734
2022,Database Engineer,Senior,Medium,Italy,89616.16
2022,Database Engineer,Senior,Medium,Singapore,118948.64
2022,Database Engineer,Senior,Medium,Germany,102333.31
2022,Database Engineer,Senior,Medium,Finland,79644.766
2022,Database Engineer,Senior,Large,United States,151815.22
2022,Database Engineer,Senior,Large,Australia,111686.04
2022,Database Engineer,Senior,Large,Netherlands,103141.18
2022,Database Engineer,Senior,Large,United Kingdom,104421.17
2022,Database Engineer,Senior,Large,Canada,119031.31
2022,Database Engineer,Senior,Large,Italy,89761.39
2022,Database Engineer,Senior,Large,Singapore,117970.51
2022,Database Engineer,Senior,Large,Germany,100869.86
2022,Database Engineer,Senior,Large,Finland,78883.22
2022,Database Engineer,Senior,Enterprise,United States,151363.3
2022,Database Engineer,Senior,Enterprise,Australia,111859.98
2022,Database Engineer,Senior,Enterprise,Netherlands,103141.18
2022,Database Engineer,Senior,Enterprise,United Kingdom,104421.17
2022,Database Engineer,Senior,Enterprise,Canada,119031.31
2022,Database Engineer,Senior,Enterprise,Italy,88854.61
2022,Database Engineer,Senior,Enterprise,Singapore,117970.51
2022,Database Engineer,Senior,Enterprise,Germany,100869.86
2022,Database Engineer,Senior,Enterprise,Finland,78883.22
2022,Database Engineer,Lead,Small,United States,183161.89
2022,Database Engineer,Lead,Small,Australia,154857.17
2022,Database Engineer,Lead,Small,Netherlands,142052.53
2022,Database Engineer,Lead,Small,United Kingdom,143578.61
2022,Database Engineer,Lead,Small,Canada,151842.62
2022,Database Engineer,Lead,Small,Italy,132877.94
2022,Database Engineer,Lead,Small,Singapore,163417.48
2022,Database Engineer,Lead,Small,Germany,140442.42
2022,Database Engineer,Lead,Small,Finland,118857.34
2022,Database Engineer,Lead,Medium,United States,184059.64
2022,Database Engineer,Lead,Medium,Australia,155806.48
2022,Database Engineer,Lead,Medium,Netherlands,142725.06
2022,Database Engineer,Lead,Medium,United Kingdom,144340.17
2022,Database Engineer,Lead,Medium,Canada,152982.34
2022,Database Engineer,Lead,Medium,Italy,133639.5
2022,Database Engineer,Lead,Medium,Singapore,164395.62
2022,Database Engineer,Lead,Medium,Germany,141673.86
2022,Database Engineer,Lead,Medium,Finland,119618.89
2022,Database Engineer,Lead,Large,United States,182287.34
2022,Database Engineer,Lead,Large,Australia,154683.23
2022,Database Engineer,Lead,Large,Netherlands,142052.53
2022,Database Engineer,Lead,Large,United Kingdom,143578.61
2022,Database Engineer,Lead,Large,Canada,151842.62
2022,Database Engineer,Lead,Large,Italy,133784.73
2022,Database Engineer,Lead,Large,Singapore,163417.48
2022,Database Engineer,Lead,Large,Germany,140442.42
2022,Database Engineer,Lead,Large,Finland,118857.34
2022,Database Engineer,Lead,Enterprise,United States,182647.34
2022,Database Engineer,Lead,Enterprise,Australia,154857.17
2022,Database Engineer,Lead,Enterprise,Netherlands,142052.53
2022,Database Engineer,Lead,Enterprise,United Kingdom,143578.61
2022,Database Engineer,Lead,Enterprise,Canada,151842.62
2022,Database Engineer,Lead,Enterprise,Italy,132877.94
2022,Database Engineer,Lead,Enterprise,Singapore,163417.48
2022,Database Engineer,Lead,Enterprise,Germany,140442.42
2022,Database Engineer,Lead,Enterprise,Finland,118857.34
2022,Data Scientist,Entry,Small,United States,89167.41
2022,Data Scientist,Entry,Small,Australia,70041.21
2022,Data Scientist,Entry,Small,Netherlands,62823.133
2022,Data Scientist,Entry,Small,United Kingdom,63429.316
2022,Data Scientist,Entry,Small,Canada,68882.55
2022,Data Scientist,Entry,Small,Italy,55613.297
2022,Data Scientist,Entry,Small,Singapore,72334.1
2022,Data Scientist,Entry,Small,Germany,61191.047
2022,Data Scientist,Entry,Small,Finland,41171.355
2022,Data Scientist,Entry,Medium,United States,91180.56
2022,Data Scientist,Entry,Medium,Australia,70557.61
2022,Data Scientist,Entry,Medium,Netherlands,63034.016
2022,Data Scientist,Entry,Medium,United Kingdom,63729.254
2022,Data Scientist,Entry,Medium,Canada,73311.55
2022,Data Scientist,Entry,Medium,Italy,55913.195
2022,Data Scientist,Entry,Medium,Singapore,71591.28
2022,Data Scientist,Entry,Medium,Germany,61836.7
2022,Data Scientist,Entry,Medium,Finland,41471.254
2022,Data Scientist,Entry,Large,United States,90352.81
2022,Data Scientist,Entry,Large,Australia,70062.96
2022,Data Scientist,Entry,Large,Netherlands,62823.133
2022,Data Scientist,Entry,Large,United Kingdom,63451.066
2022,Data Scientist,Entry,Large,Canada,68904.3
2022,Data Scientist,Entry,Large,Italy,55635.047
2022,Data Scientist,Entry,Large,Singapore,72334.1
2022,Data Scientist,Entry,Large,Germany,61212.797
2022,Data Scientist,Entry,Large,Finland,41193.105
2022,Data Scientist,Entry,Enterprise,United States,89167.41
2022,Data Scientist,Entry,Enterprise,Australia,70041.21
2022,Data Scientist,Entry,Enterprise,Netherlands,62823.133
2022,Data Scientist,Entry,Enterprise,United Kingdom,63429.316
2022,Data Scientist,Entry,Enterprise,Canada,68882.55
2022,Data Scientist,Entry,Enterprise,Italy,55613.297
2022,Data Scientist,Entry,Enterprise,Singapore,72334.1
2022,Data Scientist,Entry,Enterprise,Germany,61191.047
2022,Data Scientist,Entry,Enterprise,Finland,41171.355
2022,Data Scientist,Mid,Small,United States,116863.67
2022,Data Scientist,Mid,Small,Australia,87627.89
2022,Data Scientist,Mid,Small,Netherlands,80051.01
2022,Data Scientist,Mid,Small,United Kingdom,80790.516
2022,Data Scientist,Mid,Small,Canada,86705.945
2022,Data Scientist,Mid,Small,Italy,75033.31
2022,Data Scientist,Mid,Small,Singapore,90882.37
2022,Data Scientist,Mid,Small,Germany,78293.23
2022,Data Scientist,Mid,Small,Finland,54639.797
2022,Data Scientist,Mid,Medium,United States,121126.37
2022,Data Scientist,Mid,Medium,Australia,89501.16
2022,Data Scientist,Mid,Medium,Netherlands,80782.49
2022,Data Scientist,Mid,Medium,United Kingdom,81611.03
2022,Data Scientist,Mid,Medium,Canada,89526.38
2022,Data Scientist,Mid,Medium,Italy,75853.83
2022,Data Scientist,Mid,Medium,Singapore,91287.61
2022,Data Scientist,Mid,Medium,Germany,79459.49
2022,Data Scientist,Mid,Medium,Finland,55460.312
2022,Data Scientist,Mid,Large,United States,118049.08
2022,Data Scientist,Mid,Large,Australia,87649.64
2022,Data Scientist,Mid,Large,Netherlands,80051.01
2022,Data Scientist,Mid,Large,United Kingdom,80812.266
2022,Data Scientist,Mid,Large,Canada,86727.695
2022,Data Scientist,Mid,Large,Italy,73207.11
2022,Data Scientist,Mid,Large,Singapore,90882.37
2022,Data Scientist,Mid,Large,Germany,78314.98
2022,Data Scientist,Mid,Large,Finland,54661.547
2022,Data Scientist,Mid,Enterprise,United States,116863.67
2022,Data Scientist,Mid,Enterprise,Australia,87627.89
2022,Data Scientist,Mid,Enterprise,Netherlands,80051.01
2022,Data Scientist,Mid,Enterprise,United Kingdom,80790.516
2022,Data Scientist,Mid,Enterprise,Canada,86705.945
2022,Data Scientist,Mid,Enterprise,Italy,75033.31
2022,Data Scientist,Mid,Enterprise,Singapore,90882.37
2022,Data Scientist,Mid,Enterprise,Germany,78293.23
2022,Data Scientist,Mid,Enterprise,Finland,54639.797
2022,Data Scientist,Senior,Small,United States,158627.55
2022,Data Scientist,Senior,Small,Australia,118231.83
2022,Data Scientist,Senior,Small,Netherlands,109104.266
2022,Data Scientist,Senior,Small,United Kingdom,110156.9
2022,Data Scientist,Senior,Small,Canada,122233.38
2022,Data Scientist,Senior,Small,Italy,103386.7
2022,Data Scientist,Senior,Small,Singapore,122862.445
2022,Data Scientist,Senior,Small,Germany,107257.36
2022,Data Scientist,Senior,Small,Finland,84211.305
2022,Data Scientist,Senior,Medium,United States,161710.12
2022,Data Scientist,Senior,Medium,Australia,118802.51
2022,Data Scientist,Senior,Medium,Netherlands,109369.42
2022,Data Scientist,Senior,Medium,United Kingdom,110511.086
2022,Data Scientist,Senior,Medium,Canada,124130.445
2022,Data Scientist,Senior,Medium,Italy,103740.89
2022,Data Scientist,Senior,Medium,Singapore,123524.055
2022,Data Scientist,Senior,Medium,Germany,108313.45
2022,Data Scientist,Senior,Medium,Finland,84565.49
2022,Data Scientist,Senior,Large,United States,160486.77
2022,Data Scientist,Senior,Large,Australia,118079.64
2022,Data Scientist,Senior,Large,Netherlands,109104.266
2022,Data Scientist,Senior,Large,United Kingdom,110178.65
2022,Data Scientist,Senior,Large,Canada,122255.13
2022,Data Scientist,Senior,Large,Italy,101560.5
2022,Data Scientist,Senior,Large,Singapore,122862.445
2022,Data Scientist,Senior,Large,Germany,107279.11
2022,Data Scientist,Senior,Large,Finland,84233.055
2022,Data Scientist,Senior,Enterprise,United States,158627.55
2022,Data Scientist,Senior,Enterprise,Australia,118231.83
2022,Data Scientist,Senior,Enterprise,Netherlands,109104.266
2022,Data Scientist,Senior,Enterprise,United Kingdom,110156.9
2022,Data Scientist,Senior,Enterprise,Canada,122233.38
2022,Data Scientist,Senior,Enterprise,Italy,103386.7
2022,Data Scientist,Senior,Enterprise,Singapore,122862.445
2022,Data Scientist,Senior,Enterprise,Germany,107257.36
2022,Data Scientist,Senior,Enterprise,Finland,84211.305
2022,Data Scientist,Lead,Small,United States,190417.1
2022,Data Scientist,Lead,Small,Australia,160354.94
2022,Data Scientist,Lead,Small,Netherlands,147472.16
2022,Data Scientist,Lead,Small,United Kingdom,148499.61
2022,Data Scientist,Lead,Small,Canada,153775.62
2022,Data Scientist,Lead,Small,Italy,142882.45
2022,Data Scientist,Lead,Small,Singapore,167123.02
2022,Data Scientist,Lead,Small,Germany,146162.58
2022,Data Scientist,Lead,Small,Finland,123717.89
2022,Data Scientist,Lead,Medium,United States,190907.48
2022,Data Scientist,Lead,Medium,Australia,160896.89
2022,Data Scientist,Lead,Medium,Netherlands,147737.33
2022,Data Scientist,Lead,Medium,United Kingdom,148853.81
2022,Data Scientist,Lead,Medium,Canada,154507.98
2022,Data Scientist,Lead,Medium,Italy,143236.66
2022,Data Scientist,Lead,Medium,Singapore,167784.64
2022,Data Scientist,Lead,Medium,Germany,146986.66
2022,Data Scientist,Lead,Medium,Finland,124072.06
2022,Data Scientist,Lead,Large,United States,190191.1
2022,Data Scientist,Lead,Large,Australia,160202.75
2022,Data Scientist,Lead,Large,Netherlands,147472.16
2022,Data Scientist,Lead,Large,United Kingdom,148521.36
2022,Data Scientist,Lead,Large,Canada,153797.38
2022,Data Scientist,Lead,Large,Italy,141056.25
2022,Data Scientist,Lead,Large,Singapore,167123.02
2022,Data Scientist,Lead,Large,Germany,146184.33
2022,Data Scientist,Lead,Large,Finland,123739.64
2022,Data Scientist,Lead,Enterprise,United States,189902.55
2022,Data Scientist,Lead,Enterprise,Australia,160354.94
2022,Data Scientist,Lead,Enterprise,Netherlands,147472.16
2022,Data Scientist,Lead,Enterprise,United Kingdom,148499.61
2022,Data Scientist,Lead,Enterprise,Canada,153775.62
2022,Data Scientist,Lead,Enterprise,Italy,142882.45
2022,Data Scientist,Lead,Enterprise,Singapore,167123.02
2022,Data Scientist,Lead,Enterprise,Germany,146162.58
2022,Data Scientist,Lead,Enterprise,Finland,123717.89
2022,Data Engineer,Entry,Small,United States,82488.85
2022,Data Engineer,Entry,Small,Australia,68971.766
2022,Data Engineer,Entry,Small,Netherlands,54042.31
2022,Data Engineer,Entry,Small,United Kingdom,59984.75
2022,Data Engineer,Entry,Small,Canada,62312.766
2022,Data Engineer,Entry,Small,Italy,42488.3
2022,Data Engineer,Entry,Small,Singapore,58973.46
2022,Data Engineer,Entry,Small,Germany,54233.8
2022,Data Engineer,Entry,Small,Finland,38945.457
2022,Data Engineer,Entry,Medium,United States,91161.13
2022,Data Engineer,Entry,Medium,Australia,74885.77
2022,Data Engineer,Entry,Medium,Netherlands,59357.156
2022,Data Engineer,Entry,Medium,United Kingdom,59992.062
2022,Data Engineer,Entry,Medium,Canada,81250.45
2022,Data Engineer,Entry,Medium,Italy,46449.74
2022,Data Engineer,Entry,Medium,Singapore,63243.78
2022,Data Engineer,Entry,Medium,Germany,59983.434
2022,Data Engineer,Entry,Medium,Finland,44349.336
2022,Data Engineer,Entry,Large,United States,91044.99
2022,Data Engineer,Entry,Large,Australia,73409.47
2022,Data Engineer,Entry,Large,Netherlands,59162.18
2022,Data Engineer,Entry,Large,United Kingdom,63052.45
2022,Data Engineer,Entry,Large,Canada,72852.65
2022,Data Engineer,Entry,Large,Italy,48514.957
2022,Data Engineer,Entry,Large,Singapore,64093.38
2022,Data Engineer,Entry,Large,Germany,59353.67
2022,Data Engineer,Entry,Large,Finland,44065.33
2022,Data Engineer,Entry,Enterprise,United States,86435.04
2022,Data Engineer,Entry,Enterprise,Australia,72235.79
2022,Data Engineer,Entry,Enterprise,Netherlands,57988.496
2022,Data Engineer,Entry,Enterprise,United Kingdom,61878.766
2022,Data Engineer,Entry,Enterprise,Canada,71678.98
2022,Data Engineer,Entry,Enterprise,Italy,46434.49
2022,Data Engineer,Entry,Enterprise,Singapore,62919.664
2022,Data Engineer,Entry,Enterprise,Germany,58179.99
2022,Data Engineer,Entry,Enterprise,Finland,42891.645
2022,Data Engineer,Mid,Small,United States,102802.29
2022,Data Engineer,Mid,Small,Australia,79169.69
2022,Data Engineer,Mid,Small,Netherlands,64966.637
2022,Data Engineer,Mid,Small,United Kingdom,74062.45
2022,Data Engineer,Mid,Small,Canada,77490.59
2022,Data Engineer,Mid,Small,Italy,57669.32
2022,Data Engineer,Mid,Small,Singapore,72335.484
2022,Data Engineer,Mid,Small,Germany,67328.5
2022,Data Engineer,Mid,Small,Finland,46287.18
2022,Data Engineer,Mid,Medium,United States,119559.83
2022,Data Engineer,Mid,Medium,Australia,92824.25
2022,Data Engineer,Mid,Medium,Netherlands,77185.82
2022,Data Engineer,Mid,Medium,United Kingdom,78585.35
2022,Data Engineer,Mid,Medium,Canada,105306.945
2022,Data Engineer,Mid,Medium,Italy,68535.055
2022,Data Engineer,Mid,Medium,Singapore,84137.55
2022,Data Engineer,Mid,Medium,Germany,78043.336
2022,Data Engineer,Mid,Medium,Finland,58595.336
2022,Data Engineer,Mid,Large,United States,115589.26
2022,Data Engineer,Mid,Large,Australia,87500.31
2022,Data Engineer,Mid,Large,Netherlands,74317.375
2022,Data Engineer,Mid,Large,United Kingdom,79401.11
2022,Data Engineer,Mid,Large,Canada,92261.25
2022,Data Engineer,Mid,Large,Italy,67020.01
2022,Data Engineer,Mid,Large,Singapore,81686.18
2022,Data Engineer,Mid,Large,Germany,74740.1
2022,Data Engineer,Mid,Large,Finland,55637.855
2022,Data Engineer,Mid,Enterprise,United States,112290.73
2022,Data Engineer,Mid,Enterprise,Australia,87975.96
2022,Data Engineer,Mid,Enterprise,Netherlands,74455.12
2022,Data Engineer,Mid,Enterprise,United Kingdom,79538.86
2022,Data Engineer,Mid,Enterprise,Canada,92399.0
2022,Data Engineer,Mid,Enterprise,Italy,67157.76
2022,Data Engineer,Mid,Enterprise,Singapore,81823.92
2022,Data Engineer,Mid,Enterprise,Germany,74877.85
2022,Data Engineer,Mid,Enterprise,Finland,55775.6
2022,Data Engineer,Senior,Small,United States,141934.77
2022,Data Engineer,Senior,Small,Australia,109537.43
2022,Data Engineer,Senior,Small,Netherlands,90295.164
2022,Data Engineer,Senior,Small,United Kingdom,98720.59
2022,Data Engineer,Senior,Small,Canada,108078.734
2022,Data Engineer,Senior,Small,Italy,76460.55
2022,Data Engineer,Senior,Small,Singapore,94345.234
2022,Data Engineer,Senior,Small,Germany,92241.51
2022,Data Engineer,Senior,Small,Finland,68374.74
2022,Data Engineer,Senior,Medium,United States,155704.66
2022,Data Engineer,Senior,Medium,Australia,121902.57
2022,Data Engineer,Senior,Medium,Netherlands,102061.14
2022,Data Engineer,Senior,Medium,United Kingdom,102472.32
2022,Data Engineer,Senior,Medium,Canada,133045.98
2022,Data Engineer,Senior,Medium,Italy,86873.12
2022,Data Engineer,Senior,Medium,Singapore,106416.83
2022,Data Engineer,Senior,Medium,Germany,102859.336
2022,Data Engineer,Senior,Medium,Finland,80229.75
2022,Data Engineer,Senior,Large,United States,154649.98
2022,Data Engineer,Senior,Large,Australia,118045.18
2022,Data Engineer,Senior,Large,Netherlands,99659.016
2022,Data Engineer,Senior,Large,United Kingdom,103754.414
2022,Data Engineer,Senior,Large,Canada,122862.555
2022,Data Engineer,Senior,Large,Italy,86731.18
2022,Data Engineer,Senior,Large,Singapore,103709.086
2022,Data Engineer,Senior,Large,Germany,99666.28
2022,Data Engineer,Senior,Large,Finland,77738.59
2022,Data Engineer,Senior,Enterprise,United States,151436.38
2022,Data Engineer,Senior,Enterprise,Australia,118356.87
2022,Data Engineer,Senior,Enterprise,Netherlands,99796.766
2022,Data Engineer,Senior,Enterprise,United Kingdom,103892.16
2022,Data Engineer,Senior,Enterprise,Canada,123000.3
2022,Data Engineer,Senior,Enterprise,Italy,85962.15
2022,Data Engineer,Senior,Enterprise,Singapore,103846.836
2022,Data Engineer,Senior,Enterprise,Germany,99804.02
2022,Data Engineer,Senior,Enterprise,Finland,77876.34
2022,Data Engineer,Lead,Small,United States,173384.06
2022,Data Engineer,Lead,Small,Australia,152387.5
2022,Data Engineer,Lead,Small,Netherlands,130392.375
2022,Data Engineer,Lead,Small,United Kingdom,139607.8
2022,Data Engineer,Lead,Small,Canada,140000.56
2022,Data Engineer,Lead,Small,Italy,121025.6
2022,Data Engineer,Lead,Small,Singapore,144697.98
2022,Data Engineer,Lead,Small,Germany,132999.88
2022,Data Engineer,Lead,Small,Finland,110497.42
2022,Data Engineer,Lead,Medium,United States,184548.61
2022,Data Engineer,Lead,Medium,Australia,164710.78
2022,Data Engineer,Lead,Medium,Netherlands,142145.19
2022,Data Engineer,Lead,Medium,United Kingdom,143346.4
2022,Data Engineer,Lead,Medium,Canada,163790.14
2022,Data Engineer,Lead,Medium,Italy,131425.02
2022,Data Engineer,Lead,Medium,Singapore,156756.45
2022,Data Engineer,Lead,Medium,Germany,143372.55
2022,Data Engineer,Lead,Medium,Finland,122339.3
2022,Data Engineer,Lead,Large,United States,184759.66
2022,Data Engineer,Lead,Large,Australia,160882.11
2022,Data Engineer,Lead,Large,Netherlands,139743.03
2022,Data Engineer,Lead,Large,United Kingdom,144628.45
2022,Data Engineer,Lead,Large,Canada,154771.2
2022,Data Engineer,Lead,Large,Italy,131283.06
2022,Data Engineer,Lead,Large,Singapore,154048.69
2022,Data Engineer,Lead,Large,Germany,140411.48
2022,Data Engineer,Lead,Large,Finland,119848.15
2022,Data Engineer,Lead,Enterprise,United States,182357.97
2022,Data Engineer,Lead,Enterprise,Australia,161193.8
2022,Data Engineer,Lead,Enterprise,Netherlands,139880.78
2022,Data Engineer,Lead,Enterprise,United Kingdom,144766.2
2022,Data Engineer,Lead,Enterprise,Canada,154908.95
2022,Data Engineer,Lead,Enterprise,Italy,130514.02
2022,Data Engineer,Lead,Enterprise,Singapore,154186.44
2022,Data Engineer,Lead,Enterprise,Germany,140549.23
2022,Data Engineer,Lead,Enterprise,Finland,119985.89
2022,Data Analyst,Entry,Small,United States,62054.387
2022,Data Analyst,Entry,Small,Australia,51371.367
2022,Data Analyst,Entry,Small,Netherlands,47370.848
2022,Data Analyst,Entry,Small,United Kingdom,48440.742
2022,Data Analyst,Entry,Small,Canada,51169.066
2022,Data Analyst,Entry,Small,Italy,36181.49
2022,Data Analyst,Entry,Small,Singapore,53049.098
2022,Data Analyst,Entry,Small,Germany,46419.17
2022,Data Analyst,Entry,Small,Finland,33776.26
2022,Data Analyst,Entry,Medium,United States,70545.42
2022,Data Analyst,Entry,Medium,Australia,53992.586
2022,Data Analyst,Entry,Medium,Netherlands,47904.688
2022,Data Analyst,Entry,Medium,United Kingdom,51043.92
2022,Data Analyst,Entry,Medium,Canada,54163.75
2022,Data Analyst,Entry,Medium,Italy,37339.773
2022,Data Analyst,Entry,Medium,Singapore,54281.824
2022,Data Analyst,Entry,Medium,Germany,47923.21
2022,Data Analyst,Entry,Medium,Finland,34934.547
2022,Data Analyst,Entry,Large,United States,65536.805
2022,Data Analyst,Entry,Large,Australia,51371.367
2022,Data Analyst,Entry,Large,Netherlands,47205.605
2022,Data Analyst,Entry,Large,United Kingdom,48693.277
2022,Data Analyst,Entry,Large,Canada,50897.316
2022,Data Analyst,Entry,Large,Italy,37088.273
2022,Data Analyst,Entry,Large,Singapore,53728.547
2022,Data Analyst,Entry,Large,Germany,46419.17
2022,Data Analyst,Entry,Large,Finland,33776.26
2022,Data Analyst,Entry,Enterprise,United States,64985.152
2022,Data Analyst,Entry,Enterprise,Australia,50729.633
2022,Data Analyst,Entry,Enterprise,Netherlands,47205.605
2022,Data Analyst,Entry,Enterprise,United Kingdom,48693.277
2022,Data Analyst,Entry,Enterprise,Canada,50897.316
2022,Data Analyst,Entry,Enterprise,Italy,36181.49
2022,Data Analyst,Entry,Enterprise,Singapore,54392.55
2022,Data Analyst,Entry,Enterprise,Germany,46419.17
2022,Data Analyst,Entry,Enterprise,Finland,33776.26
2022,Data Analyst,Mid,Small,United States,77361.49
2022,Data Analyst,Mid,Small,Australia,64151.76
2022,Data Analyst,Mid,Small,Netherlands,58802.18
2022,Data Analyst,Mid,Small,United Kingdom,61418.78
2022,Data Analyst,Mid,Small,Canada,63791.5
2022,Data Analyst,Mid,Small,Italy,53203.223
2022,Data Analyst,Mid,Small,Singapore,65599.086
2022,Data Analyst,Mid,Small,Germany,58521.586
2022,Data Analyst,Mid,Small,Finland,51760.668
2022,Data Analyst,Mid,Medium,United States,93377.555
2022,Data Analyst,Mid,Medium,Australia,67353.305
2022,Data Analyst,Mid,Medium,Netherlands,59079.984
2022,Data Analyst,Mid,Medium,United Kingdom,62321.02
2022,Data Analyst,Mid,Medium,Canada,66176.23
2022,Data Analyst,Mid,Medium,Italy,54105.477
2022,Data Analyst,Mid,Medium,Singapore,66872.66
2022,Data Analyst,Mid,Medium,Germany,59769.594
2022,Data Analyst,Mid,Medium,Finland,52662.92
2022,Data Analyst,Mid,Large,United States,81413.03
2022,Data Analyst,Mid,Large,Australia,64151.76
2022,Data Analyst,Mid,Large,Netherlands,58636.938
2022,Data Analyst,Mid,Large,United Kingdom,61418.78
2022,Data Analyst,Mid,Large,Canada,63519.758
2022,Data Analyst,Mid,Large,Italy,53203.223
2022,Data Analyst,Mid,Large,Singapore,67714.055
2022,Data Analyst,Mid,Large,Germany,58521.586
2022,Data Analyst,Mid,Large,Finland,51760.668
2022,Data Analyst,Mid,Enterprise,United States,80441.24
2022,Data Analyst,Mid,Enterprise,Australia,63510.03
2022,Data Analyst,Mid,Enterprise,Netherlands,58636.938
2022,Data Analyst,Mid,Enterprise,United Kingdom,61418.78
2022,Data Analyst,Mid,Enterprise,Canada,63519.758
2022,Data Analyst,Mid,Enterprise,Italy,53203.223
2022,Data Analyst,Mid,Enterprise,Singapore,66792.9
2022,Data Analyst,Mid,Enterprise,Germany,58521.586
2022,Data Analyst,Mid,Enterprise,Finland,51760.668
2022,Data Analyst,Senior,Small,United States,103070.836
2022,Data Analyst,Senior,Small,Australia,87662.96
2022,Data Analyst,Senior,Small,Netherlands,80784.66
2022,Data Analyst,Senior,Small,United Kingdom,82819.84
2022,Data Analyst,Senior,Small,Canada,90098.88
2022,Data Analyst,Senior,Small,Italy,67457.125
2022,Data Analyst,Senior,Small,Singapore,90416.8
2022,Data Analyst,Senior,Small,Germany,79472.375
2022,Data Analyst,Senior,Small,Finland,71019.125
2022,Data Analyst,Senior,Medium,United States,115492.04
2022,Data Analyst,Senior,Medium,Australia,90006.766
2022,Data Analyst,Senior,Medium,Netherlands,81206.29
2022,Data Analyst,Senior,Medium,United Kingdom,82754.45
2022,Data Analyst,Senior,Medium,Canada,92511.016
2022,Data Analyst,Senior,Medium,Italy,68337.98
2022,Data Analyst,Senior,Medium,Singapore,92550.17
2022,Data Analyst,Senior,Medium,Germany,81055.13
2022,Data Analyst,Senior,Medium,Finland,71899.98
2022,Data Analyst,Senior,Large,United States,107911.95
2022,Data Analyst,Senior,Large,Australia,87489.02
2022,Data Analyst,Senior,Large,Netherlands,80784.66
2022,Data Analyst,Senior,Large,United Kingdom,82819.84
2022,Data Analyst,Senior,Large,Canada,89827.13
2022,Data Analyst,Senior,Large,Italy,68363.91
2022,Data Analyst,Senior,Large,Singapore,91055.48
2022,Data Analyst,Senior,Large,Germany,79472.375
2022,Data Analyst,Senior,Large,Finland,71019.125
2022,Data Analyst,Senior,Enterprise,United States,106368.266
2022,Data Analyst,Senior,Enterprise,Australia,87021.23
2022,Data Analyst,Senior,Enterprise,Netherlands,80784.66
2022,Data Analyst,Senior,Enterprise,United Kingdom,82819.84
2022,Data Analyst,Senior,Enterprise,Canada,89827.13
2022,Data Analyst,Senior,Enterprise,Italy,67457.125
2022,Data Analyst,Senior,Enterprise,Singapore,91760.26
2022,Data Analyst,Senior,Enterprise,Germany,79472.375
2022,Data Analyst,Senior,Enterprise,Finland,71019.125
2022,Data Analyst,Lead,Small,United States,139553.45
2022,Data Analyst,Lead,Small,Australia,118509.77
2022,Data Analyst,Lead,Small,Netherlands,108950.766
2022,Data Analyst,Lead,Small,United Kingdom,110745.875
2022,Data Analyst,Lead,Small,Canada,115787.17
2022,Data Analyst,Lead,Small,Italy,100246.516
2022,Data Analyst,Lead,Small,Singapore,123927.12
2022,Data Analyst,Lead,Small,Germany,107811.01
2022,Data Analyst,Lead,Small,Finland,99464.93
2022,Data Analyst,Lead,Medium,United States,147975.44
2022,Data Analyst,Lead,Medium,Australia,119850.71
2022,Data Analyst,Lead,Medium,Netherlands,108233.01
2022,Data Analyst,Lead,Medium,United Kingdom,109706.34
2022,Data Analyst,Lead,Medium,Canada,115200.805
2022,Data Analyst,Lead,Medium,Italy,100153.23
2022,Data Analyst,Lead,Medium,Singapore,125413.14
2022,Data Analyst,Lead,Medium,Germany,108187.61
2022,Data Analyst,Lead,Medium,Finland,99371.64
2022,Data Analyst,Lead,Large,United States,146688.53
2022,Data Analyst,Lead,Large,Australia,117861.52
2022,Data Analyst,Lead,Large,Netherlands,108785.516
2022,Data Analyst,Lead,Large,United Kingdom,110745.875
2022,Data Analyst,Lead,Large,Canada,115161.68
2022,Data Analyst,Lead,Large,Italy,101153.3
2022,Data Analyst,Lead,Large,Singapore,126136.6
2022,Data Analyst,Lead,Large,Germany,107811.01
2022,Data Analyst,Lead,Large,Finland,99464.93
2022,Data Analyst,Lead,Enterprise,United States,147620.61
2022,Data Analyst,Lead,Enterprise,Australia,117868.04
2022,Data Analyst,Lead,Enterprise,Netherlands,108785.516
2022,Data Analyst,Lead,Enterprise,United Kingdom,110745.875
2022,Data Analyst,Lead,Enterprise,Canada,115161.68
2022,Data Analyst,Lead,Enterprise,Italy,100246.516
2022,Data Analyst,Lead,Enterprise,Singapore,125597.37
2022,Data Analyst,Lead,Enterprise,Germany,107811.01
2022,Data Analyst,Lead,Enterprise,Finland,99464.93
2022,AI Engineer,Entry,Small,United States,88238.586
2022,AI Engineer,Entry,Small,Australia,72066.82
2022,AI Engineer,Entry,Small,Netherlands,65133.266
2022,AI Engineer,Entry,Small,United Kingdom,66496.98
2022,AI Engineer,Entry,Small,Canada,70985.68
2022,AI Engineer,Entry,Small,Italy,53771.418
2022,AI Engineer,Entry,Small,Singapore,74934.29
2022,AI Engineer,Entry,Small,Germany,63046.184
2022,AI Engineer,Entry,Small,Finland,46327.08
2022,AI Engineer,Entry,Medium,United States,90158.375
2022,AI Engineer,Entry,Medium,Australia,72583.22
2022,AI Engineer,Entry,Medium,Netherlands,65344.164
2022,AI Engineer,Entry,Medium,United Kingdom,66796.88
2022,AI Engineer,Entry,Medium,Canada,73249.77
2022,AI Engineer,Entry,Medium,Italy,54071.33
2022,AI Engineer,Entry,Medium,Singapore,74434.445
2022,AI Engineer,Entry,Medium,Germany,63287.0
2022,AI Engineer,Entry,Medium,Finland,46626.992
2022,AI Engineer,Entry,Large,United States,88238.586
2022,AI Engineer,Entry,Large,Australia,72066.82
2022,AI Engineer,Entry,Large,Netherlands,65133.266
2022,AI Engineer,Entry,Large,United Kingdom,66496.98
2022,AI Engineer,Entry,Large,Canada,70985.68
2022,AI Engineer,Entry,Large,Italy,54678.203
2022,AI Engineer,Entry,Large,Singapore,75268.1
2022,AI Engineer,Entry,Large,Germany,63046.184
2022,AI Engineer,Entry,Large,Finland,45812.29
2022,AI Engineer,Entry,Enterprise,United States,88238.586
2022,AI Engineer,Entry,Enterprise,Australia,72066.82
2022,AI Engineer,Entry,Enterprise,Netherlands,65133.266
2022,AI Engineer,Entry,Enterprise,United Kingdom,66496.98
2022,AI Engineer,Entry,Enterprise,Canada,70985.68
2022,AI Engineer,Entry,Enterprise,Italy,53771.418
2022,AI Engineer,Entry,Enterprise,Singapore,75268.1
2022,AI Engineer,Entry,Enterprise,Germany,63046.184
2022,AI Engineer,Entry,Enterprise,Finland,46327.08
2022,AI Engineer,Mid,Small,United States,116421.17
2022,AI Engineer,Mid,Small,Australia,89852.29
2022,AI Engineer,Mid,Small,Netherlands,82202.99
2022,AI Engineer,Mid,Small,United Kingdom,84328.1
2022,AI Engineer,Mid,Small,Canada,89236.016
2022,AI Engineer,Mid,Small,Italy,75097.78
2022,AI Engineer,Mid,Small,Singapore,94441.58
2022,AI Engineer,Mid,Small,Germany,80347.15
2022,AI Engineer,Mid,Small,Finland,64726.805
2022,AI Engineer,Mid,Medium,United States,121385.18
2022,AI Engineer,Mid,Medium,Australia,91725.555
2022,AI Engineer,Mid,Medium,Netherlands,82934.48
2022,AI Engineer,Mid,Medium,United Kingdom,85148.62
2022,AI Engineer,Mid,Medium,Canada,92056.45
2022,AI Engineer,Mid,Medium,Italy,75918.3
2022,AI Engineer,Mid,Medium,Singapore,95089.8
2022,AI Engineer,Mid,Medium,Germany,81108.56
2022,AI Engineer,Mid,Medium,Finland,65547.32
2022,AI Engineer,Mid,Large,United States,116421.17
2022,AI Engineer,Mid,Large,Australia,89852.29
2022,AI Engineer,Mid,Large,Netherlands,82202.99
2022,AI Engineer,Mid,Large,United Kingdom,84328.1
2022,AI Engineer,Mid,Large,Canada,89236.016
2022,AI Engineer,Mid,Large,Italy,75097.78
2022,AI Engineer,Mid,Large,Singapore,94775.39
2022,AI Engineer,Mid,Large,Germany,80347.15
2022,AI Engineer,Mid,Large,Finland,64212.016
2022,AI Engineer,Mid,Enterprise,United States,116421.17
2022,AI Engineer,Mid,Enterprise,Australia,89852.29
2022,AI Engineer,Mid,Enterprise,Netherlands,82202.99
2022,AI Engineer,Mid,Enterprise,United Kingdom,84328.1
2022,AI Engineer,Mid,Enterprise,Canada,89236.016
2022,AI Engineer,Mid,Enterprise,Italy,75097.78
2022,AI Engineer,Mid,Enterprise,Singapore,94775.39
2022,AI Engineer,Mid,Enterprise,Germany,80347.15
2022,AI Engineer,Mid,Enterprise,Finland,64726.805
2022,AI Engineer,Senior,Small,United States,159156.55
2022,AI Engineer,Senior,Small,Australia,119543.16
2022,AI Engineer,Senior,Small,Netherlands,110829.445
2022,AI Engineer,Senior,Small,United Kingdom,112510.18
2022,AI Engineer,Senior,Small,Canada,123622.23
2022,AI Engineer,Senior,Small,Italy,96542.875
2022,AI Engineer,Senior,Small,Singapore,124817.055
2022,AI Engineer,Senior,Small,Germany,108558.125
2022,AI Engineer,Senior,Small,Finland,89385.9
2022,AI Engineer,Senior,Medium,United States,162940.47
2022,AI Engineer,Senior,Medium,Australia,120113.836
2022,AI Engineer,Senior,Medium,Netherlands,111094.6
2022,AI Engineer,Senior,Medium,United Kingdom,112864.37
2022,AI Engineer,Senior,Medium,Canada,125519.29
2022,AI Engineer,Senior,Medium,Italy,96897.06
2022,AI Engineer,Senior,Medium,Singapore,125721.64
2022,AI Engineer,Senior,Medium,Germany,108977.35
2022,AI Engineer,Senior,Medium,Finland,89740.086
2022,AI Engineer,Senior,Large,United States,159608.47
2022,AI Engineer,Senior,Large,Australia,119369.22
2022,AI Engineer,Senior,Large,Netherlands,110829.445
2022,AI Engineer,Senior,Large,United Kingdom,112510.18
2022,AI Engineer,Senior,Large,Canada,123622.23
2022,AI Engineer,Senior,Large,Italy,97449.66
2022,AI Engineer,Senior,Large,Singapore,125150.87
2022,AI Engineer,Senior,Large,Germany,108558.125
2022,AI Engineer,Senior,Large,Finland,88871.12
2022,AI Engineer,Senior,Enterprise,United States,159156.55
2022,AI Engineer,Senior,Enterprise,Australia,119543.16
2022,AI Engineer,Senior,Enterprise,Netherlands,110829.445
2022,AI Engineer,Senior,Enterprise,United Kingdom,112510.18
2022,AI Engineer,Senior,Enterprise,Canada,123622.23
2022,AI Engineer,Senior,Enterprise,Italy,96542.875
2022,AI Engineer,Senior,Enterprise,Singapore,125150.87
2022,AI Engineer,Senior,Enterprise,Germany,108558.125
2022,AI Engineer,Senior,Enterprise,Finland,89385.9
2022,AI Engineer,Lead,Small,United States,192579.25
2022,AI Engineer,Lead,Small,Australia,163270.55
2022,AI Engineer,Lead,Small,Netherlands,150470.98
2022,AI Engineer,Lead,Small,United Kingdom,152397.81
2022,AI Engineer,Lead,Small,Canada,157163.72
2022,AI Engineer,Lead,Small,Italy,141296.39
2022,AI Engineer,Lead,Small,Singapore,171169.64
2022,AI Engineer,Lead,Small,Germany,148860.88
2022,AI Engineer,Lead,Small,Finland,130090.27
2022,AI Engineer,Lead,Medium,United States,193770.98
2022,AI Engineer,Lead,Medium,Australia,163812.5
2022,AI Engineer,Lead,Medium,Netherlands,150736.16
2022,AI Engineer,Lead,Medium,United Kingdom,152752.02
2022,AI Engineer,Lead,Medium,Canada,157896.08
2022,AI Engineer,Lead,Medium,Italy,141650.6
2022,AI Engineer,Lead,Medium,Singapore,172074.25
2022,AI Engineer,Lead,Medium,Germany,149280.11
2022,AI Engineer,Lead,Medium,Finland,130444.48
2022,AI Engineer,Lead,Large,United States,191704.7
2022,AI Engineer,Lead,Large,Australia,163096.61
2022,AI Engineer,Lead,Large,Netherlands,150470.98
2022,AI Engineer,Lead,Large,United Kingdom,152397.81
2022,AI Engineer,Lead,Large,Canada,157163.72
2022,AI Engineer,Lead,Large,Italy,142203.19
2022,AI Engineer,Lead,Large,Singapore,171503.47
2022,AI Engineer,Lead,Large,Germany,148860.88
2022,AI Engineer,Lead,Large,Finland,129575.49
2022,AI Engineer,Lead,Enterprise,United States,192064.7
2022,AI Engineer,Lead,Enterprise,Australia,163270.55
2022,AI Engineer,Lead,Enterprise,Netherlands,150470.98
2022,AI Engineer,Lead,Enterprise,United Kingdom,152397.81
2022,AI Engineer,Lead,Enterprise,Canada,157163.72
2022,AI Engineer,Lead,Enterprise,Italy,141296.39
2022,AI Engineer,Lead,Enterprise,Singapore,171503.47
2022,AI Engineer,Lead,Enterprise,Germany,148860.88
2022,AI Engineer,Lead,Enterprise,Finland,130090.27
2022,Quantitative Analyst,Entry,Small,United States,82727.58
2022,Quantitative Analyst,Entry,Small,Australia,131478.72
2022,Quantitative Analyst,Entry,Small,Netherlands,124392.36
2022,Quantitative Analyst,Entry,Small,United Kingdom,128124.84
2022,Quantitative Analyst,Entry,Small,Canada,87306.98
2022,Quantitative Analyst,Entry,Small,Italy,114051.43
2022,Quantitative Analyst,Entry,Small,Singapore,135704.3
2022,Quantitative Analyst,Entry,Small,Germany,122539.16
2022,Quantitative Analyst,Entry,Small,Finland,104196.586
2022,Quantitative Analyst,Entry,Medium,United States,84740.734
2022,Quantitative Analyst,Entry,Medium,Australia,131995.12
2022,Quantitative Analyst,Entry,Medium,Netherlands,124603.28
2022,Quantitative Analyst,Entry,Medium,United Kingdom,128424.734
2022,Quantitative Analyst,Entry,Medium,Canada,89571.07
2022,Quantitative Analyst,Entry,Medium,Italy,114351.35
2022,Quantitative Analyst,Entry,Medium,Singapore,134870.64
2022,Quantitative Analyst,Entry,Medium,Germany,123184.83
2022,Quantitative Analyst,Entry,Medium,Finland,104496.49
2022,Quantitative Analyst,Entry,Large,United States,87814.63
2022,Quantitative Analyst,Entry,Large,Australia,133725.47
2022,Quantitative Analyst,Entry,Large,Netherlands,126639.15
2022,Quantitative Analyst,Entry,Large,United Kingdom,130371.63
2022,Quantitative Analyst,Entry,Large,Canada,89553.766
2022,Quantitative Analyst,Entry,Large,Italy,117205.0
2022,Quantitative Analyst,Entry,Large,Singapore,137951.05
2022,Quantitative Analyst,Entry,Large,Germany,124785.945
2022,Quantitative Analyst,Entry,Large,Finland,106443.375
2022,Quantitative Analyst,Entry,Enterprise,United States,82727.58
2022,Quantitative Analyst,Entry,Enterprise,Australia,131478.72
2022,Quantitative Analyst,Entry,Enterprise,Netherlands,124392.36
2022,Quantitative Analyst,Entry,Enterprise,United Kingdom,128124.84
2022,Quantitative Analyst,Entry,Enterprise,Canada,87306.98
2022,Quantitative Analyst,Entry,Enterprise,Italy,114051.43
2022,Quantitative Analyst,Entry,Enterprise,Singapore,135704.3
2022,Quantitative Analyst,Entry,Enterprise,Germany,122539.16
2022,Quantitative Analyst,Entry,Enterprise,Finland,104196.586
2022,Quantitative Analyst,Mid,Small,United States,107624.7
2022,Quantitative Analyst,Mid,Small,Australia,71688.72
2022,Quantitative Analyst,Mid,Small,Netherlands,63154.95
2022,Quantitative Analyst,Mid,Small,United Kingdom,64973.996
2022,Quantitative Analyst,Mid,Small,Canada,73297.67
2022,Quantitative Analyst,Mid,Small,Italy,56907.18
2022,Quantitative Analyst,Mid,Small,Singapore,79664.03
2022,Quantitative Analyst,Mid,Small,Germany,61369.484
2022,Quantitative Analyst,Mid,Small,Finland,41703.438
2022,Quantitative Analyst,Mid,Medium,United States,109743.61
2022,Quantitative Analyst,Mid,Medium,Australia,71418.2
2022,Quantitative Analyst,Mid,Medium,Netherlands,61742.633
2022,Quantitative Analyst,Mid,Medium,United Kingdom,63650.73
2022,Quantitative Analyst,Mid,Medium,Canada,73974.33
2022,Quantitative Analyst,Mid,Medium,Italy,55583.887
2022,Quantitative Analyst,Mid,Medium,Singapore,77834.66
2022,Quantitative Analyst,Mid,Medium,Germany,60391.92
2022,Quantitative Analyst,Mid,Medium,Finland,40380.184
2022,Quantitative Analyst,Mid,Large,United States,117970.04
2022,Quantitative Analyst,Mid,Large,Australia,77475.38
2022,Quantitative Analyst,Mid,Large,Netherlands,68941.63
2022,Quantitative Analyst,Mid,Large,United Kingdom,70760.69
2022,Quantitative Analyst,Mid,Large,Canada,79084.336
2022,Quantitative Analyst,Mid,Large,Italy,62693.844
2022,Quantitative Analyst,Mid,Large,Singapore,85450.69
2022,Quantitative Analyst,Mid,Large,Germany,67156.164
2022,Quantitative Analyst,Mid,Large,Finland,47490.098
2022,Quantitative Analyst,Mid,Enterprise,United States,107624.7
2022,Quantitative Analyst,Mid,Enterprise,Australia,71688.72
2022,Quantitative Analyst,Mid,Enterprise,Netherlands,63154.95
2022,Quantitative Analyst,Mid,Enterprise,United Kingdom,64973.996
2022,Quantitative Analyst,Mid,Enterprise,Canada,73297.67
2022,Quantitative Analyst,Mid,Enterprise,Italy,56907.18
2022,Quantitative Analyst,Mid,Enterprise,Singapore,79664.03
2022,Quantitative Analyst,Mid,Enterprise,Germany,61369.484
2022,Quantitative Analyst,Mid,Enterprise,Finland,41703.438
2022,Quantitative Analyst,Senior,Small,United States,121257.7
2022,Quantitative Analyst,Senior,Small,Australia,83816.19
2022,Quantitative Analyst,Senior,Small,Netherlands,74054.445
2022,Quantitative Analyst,Senior,Small,United Kingdom,81755.99
2022,Quantitative Analyst,Senior,Small,Canada,87053.18
2022,Quantitative Analyst,Senior,Small,Italy,63729.99
2022,Quantitative Analyst,Senior,Small,Singapore,96468.87
2022,Quantitative Analyst,Senior,Small,Germany,72017.086
2022,Quantitative Analyst,Senior,Small,Finland,50488.203
2022,Quantitative Analyst,Senior,Medium,United States,124340.25
2022,Quantitative Analyst,Senior,Medium,Australia,84386.875
2022,Quantitative Analyst,Senior,Medium,Netherlands,74319.6
2022,Quantitative Analyst,Senior,Medium,United Kingdom,82110.18
2022,Quantitative Analyst,Senior,Medium,Canada,88950.24
2022,Quantitative Analyst,Senior,Medium,Italy,64084.176
2022,Quantitative Analyst,Senior,Medium,Singapore,97039.63
2022,Quantitative Analyst,Senior,Medium,Germany,73073.18
2022,Quantitative Analyst,Senior,Medium,Finland,50842.387
2022,Quantitative Analyst,Senior,Large,United States,124137.36
2022,Quantitative Analyst,Senior,Large,Australia,83642.25
2022,Quantitative Analyst,Senior,Large,Netherlands,74054.445
2022,Quantitative Analyst,Senior,Large,United Kingdom,81755.99
2022,Quantitative Analyst,Senior,Large,Canada,87053.18
2022,Quantitative Analyst,Senior,Large,Italy,64636.766
2022,Quantitative Analyst,Senior,Large,Singapore,96468.87
2022,Quantitative Analyst,Senior,Large,Germany,72017.086
2022,Quantitative Analyst,Senior,Large,Finland,50488.203
2022,Quantitative Analyst,Senior,Enterprise,United States,121257.7
2022,Quantitative Analyst,Senior,Enterprise,Australia,83816.19
2022,Quantitative Analyst,Senior,Enterprise,Netherlands,74054.445
2022,Quantitative Analyst,Senior,Enterprise,United Kingdom,81755.99
2022,Quantitative Analyst,Senior,Enterprise,Canada,87053.18
2022,Quantitative Analyst,Senior,Enterprise,Italy,63729.99
2022,Quantitative Analyst,Senior,Enterprise,Singapore,96468.87
2022,Quantitative Analyst,Senior,Enterprise,Germany,72017.086
2022,Quantitative Analyst,Senior,Enterprise,Finland,50488.203
2022,Quantitative Analyst,Lead,Small,United States,174447.08
2022,Quantitative Analyst,Lead,Small,Australia,142597.6
2022,Quantitative Analyst,Lead,Small,Netherlands,128913.71
2022,Quantitative Analyst,Lead,Small,United Kingdom,133505.31
2022,Quantitative Analyst,Lead,Small,Canada,138687.97
2022,Quantitative Analyst,Lead,Small,Italy,121238.62
2022,Quantitative Analyst,Lead,Small,Singapore,156284.5
2022,Quantitative Analyst,Lead,Small,Germany,127373.92
2022,Quantitative Analyst,Lead,Small,Finland,106246.63
2022,Quantitative Analyst,Lead,Medium,United States,174937.47
2022,Quantitative Analyst,Lead,Medium,Australia,143139.55
2022,Quantitative Analyst,Lead,Medium,Netherlands,129178.87
2022,Quantitative Analyst,Lead,Medium,United Kingdom,133859.45
2022,Quantitative Analyst,Lead,Medium,Canada,139420.33
2022,Quantitative Analyst,Lead,Medium,Italy,121592.81
2022,Quantitative Analyst,Lead,Medium,Singapore,156855.28
2022,Quantitative Analyst,Lead,Medium,Germany,128198.0
2022,Quantitative Analyst,Lead,Medium,Finland,106600.87
2022,Quantitative Analyst,Lead,Large,United States,180550.47
2022,Quantitative Analyst,Lead,Large,Australia,144670.44
2022,Quantitative Analyst,Lead,Large,Netherlands,131160.38
2022,Quantitative Analyst,Lead,Large,United Kingdom,135752.05
2022,Quantitative Analyst,Lead,Large,Canada,140934.75
2022,Quantitative Analyst,Lead,Large,Italy,124392.195
2022,Quantitative Analyst,Lead,Large,Singapore,158531.28
2022,Quantitative Analyst,Lead,Large,Germany,129620.7
2022,Quantitative Analyst,Lead,Large,Finland,108493.42
2022,Quantitative Analyst,Lead,Enterprise,United States,173932.53
2022,Quantitative Analyst,Lead,Enterprise,Australia,142597.6
2022,Quantitative Analyst,Lead,Enterprise,Netherlands,128913.71
2022,Quantitative Analyst,Lead,Enterprise,United Kingdom,133505.31
2022,Quantitative Analyst,Lead,Enterprise,Canada,138687.97
2022,Quantitative Analyst,Lead,Enterprise,Italy,121238.62
2022,Quantitative Analyst,Lead,Enterprise,Singapore,156284.5
2022,Quantitative Analyst,Lead,Enterprise,Germany,127373.92
2022,Quantitative Analyst,Lead,Enterprise,Finland,106246.63
2022,Data Visualization,Entry,Small,United States,80414.99
2022,Data Visualization,Entry,Small,Australia,69508.77
2022,Data Visualization,Entry,Small,Netherlands,62297.816
2022,Data Visualization,Entry,Small,United Kingdom,64472.527
2022,Data Visualization,Entry,Small,Canada,67815.0
2022,Data Visualization,Entry,Small,Italy,51078.773
2022,Data Visualization,Entry,Small,Singapore,73107.49
2022,Data Visualization,Entry,Small,Germany,60298.258
2022,Data Visualization,Entry,Small,Finland,41553.164
2022,Data Visualization,Entry,Medium,United States,82428.15
2022,Data Visualization,Entry,Medium,Australia,70025.17
2022,Data Visualization,Entry,Medium,Netherlands,62508.688
2022,Data Visualization,Entry,Medium,United Kingdom,64772.49
2022,Data Visualization,Entry,Medium,Canada,70079.09
2022,Data Visualization,Entry,Medium,Italy,51378.684
2022,Data Visualization,Entry,Medium,Singapore,72273.836
2022,Data Visualization,Entry,Medium,Germany,60943.92
2022,Data Visualization,Entry,Medium,Finland,41853.066
2022,Data Visualization,Entry,Large,United States,80951.87
2022,Data Visualization,Entry,Large,Australia,69508.77
2022,Data Visualization,Entry,Large,Netherlands,62297.816
2022,Data Visualization,Entry,Large,United Kingdom,64472.527
2022,Data Visualization,Entry,Large,Canada,67815.0
2022,Data Visualization,Entry,Large,Italy,51985.56
2022,Data Visualization,Entry,Large,Singapore,73107.49
2022,Data Visualization,Entry,Large,Germany,60298.258
2022,Data Visualization,Entry,Large,Finland,41553.164
2022,Data Visualization,Entry,Enterprise,United States,80414.99
2022,Data Visualization,Entry,Enterprise,Australia,69508.77
2022,Data Visualization,Entry,Enterprise,Netherlands,62297.816
2022,Data Visualization,Entry,Enterprise,United Kingdom,64472.527
2022,Data Visualization,Entry,Enterprise,Canada,67815.0
2022,Data Visualization,Entry,Enterprise,Italy,51078.773
2022,Data Visualization,Entry,Enterprise,Singapore,73107.49
2022,Data Visualization,Entry,Enterprise,Germany,60298.258
2022,Data Visualization,Entry,Enterprise,Finland,41553.164
2022,Data Visualization,Mid,Small,United States,83215.31
2022,Data Visualization,Mid,Small,Australia,64762.613
2022,Data Visualization,Mid,Small,Netherlands,56835.848
2022,Data Visualization,Mid,Small,United Kingdom,58401.613
2022,Data Visualization,Mid,Small,Canada,64782.863
2022,Data Visualization,Mid,Small,Italy,49873.504
2022,Data Visualization,Mid,Small,Singapore,70083.164
2022,Data Visualization,Mid,Small,Germany,55067.562
2022,Data Visualization,Mid,Small,Finland,34999.016
2022,Data Visualization,Mid,Medium,United States,87478.01
2022,Data Visualization,Mid,Medium,Australia,66635.9
2022,Data Visualization,Mid,Medium,Netherlands,57567.33
2022,Data Visualization,Mid,Medium,United Kingdom,59222.125
2022,Data Visualization,Mid,Medium,Canada,67603.35
2022,Data Visualization,Mid,Medium,Italy,50694.016
2022,Data Visualization,Mid,Medium,Singapore,70397.57
2022,Data Visualization,Mid,Medium,Germany,56233.83
2022,Data Visualization,Mid,Medium,Finland,35819.527
2022,Data Visualization,Mid,Large,United States,83752.18
2022,Data Visualization,Mid,Large,Australia,64762.613
2022,Data Visualization,Mid,Large,Netherlands,56835.848
2022,Data Visualization,Mid,Large,United Kingdom,58401.613
2022,Data Visualization,Mid,Large,Canada,64782.863
2022,Data Visualization,Mid,Large,Italy,49873.504
2022,Data Visualization,Mid,Large,Singapore,70083.164
2022,Data Visualization,Mid,Large,Germany,55067.562
2022,Data Visualization,Mid,Large,Finland,34999.016
2022,Data Visualization,Mid,Enterprise,United States,83215.31
2022,Data Visualization,Mid,Enterprise,Australia,64762.613
2022,Data Visualization,Mid,Enterprise,Netherlands,56835.848
2022,Data Visualization,Mid,Enterprise,United Kingdom,58401.613
2022,Data Visualization,Mid,Enterprise,Canada,64782.863
2022,Data Visualization,Mid,Enterprise,Italy,49873.504
2022,Data Visualization,Mid,Enterprise,Singapore,70083.164
2022,Data Visualization,Mid,Enterprise,Germany,55067.562
2022,Data Visualization,Mid,Enterprise,Finland,34999.016
2022,Data Visualization,Senior,Small,United States,106247.336
2022,Data Visualization,Senior,Small,Australia,72473.19
2022,Data Visualization,Senior,Small,Netherlands,63434.777
2022,Data Visualization,Senior,Small,United Kingdom,65973.89
2022,Data Visualization,Senior,Small,Canada,73681.55
2022,Data Visualization,Senior,Small,Italy,49338.223
2022,Data Visualization,Senior,Small,Singapore,78653.77
2022,Data Visualization,Senior,Small,Germany,61353.492
2022,Data Visualization,Senior,Small,Finland,39366.816
2022,Data Visualization,Senior,Medium,United States,109329.88
2022,Data Visualization,Senior,Medium,Australia,73043.87
2022,Data Visualization,Senior,Medium,Netherlands,63699.934
2022,Data Visualization,Senior,Medium,United Kingdom,66328.08
2022,Data Visualization,Senior,Medium,Canada,75578.61
2022,Data Visualization,Senior,Medium,Italy,49692.406
2022,Data Visualization,Senior,Medium,Singapore,79224.55
2022,Data Visualization,Senior,Medium,Germany,62409.57
2022,Data Visualization,Senior,Medium,Finland,39721.0
2022,Data Visualization,Senior,Large,United States,106699.25
2022,Data Visualization,Senior,Large,Australia,72299.25
2022,Data Visualization,Senior,Large,Netherlands,63434.777
2022,Data Visualization,Senior,Large,United Kingdom,65973.89
2022,Data Visualization,Senior,Large,Canada,73681.55
2022,Data Visualization,Senior,Large,Italy,50245.008
2022,Data Visualization,Senior,Large,Singapore,78653.77
2022,Data Visualization,Senior,Large,Germany,61353.492
2022,Data Visualization,Senior,Large,Finland,39366.816
2022,Data Visualization,Senior,Enterprise,United States,106247.336
2022,Data Visualization,Senior,Enterprise,Australia,72473.19
2022,Data Visualization,Senior,Enterprise,Netherlands,63434.777
2022,Data Visualization,Senior,Enterprise,United Kingdom,65973.89
2022,Data Visualization,Senior,Enterprise,Canada,73681.55
2022,Data Visualization,Senior,Enterprise,Italy,49338.223
2022,Data Visualization,Senior,Enterprise,Singapore,78653.77
2022,Data Visualization,Senior,Enterprise,Germany,61353.492
2022,Data Visualization,Senior,Enterprise,Finland,39366.816
2022,Data Visualization,Lead,Small,United States,143836.7
2022,Data Visualization,Lead,Small,Australia,120288.08
2022,Data Visualization,Lead,Small,Netherlands,107274.12
2022,Data Visualization,Lead,Small,United Kingdom,109948.96
2022,Data Visualization,Lead,Small,Canada,111310.45
2022,Data Visualization,Lead,Small,Italy,98179.195
2022,Data Visualization,Lead,Small,Singapore,128918.42
2022,Data Visualization,Lead,Small,Germany,105743.69
2022,Data Visualization,Lead,Small,Finland,84158.59
2022,Data Visualization,Lead,Medium,United States,144327.1
2022,Data Visualization,Lead,Medium,Australia,120830.02
2022,Data Visualization,Lead,Medium,Netherlands,107539.27
2022,Data Visualization,Lead,Medium,United Kingdom,110303.164
2022,Data Visualization,Lead,Medium,Canada,112042.83
2022,Data Visualization,Lead,Medium,Italy,98533.38
2022,Data Visualization,Lead,Medium,Singapore,129489.164
2022,Data Visualization,Lead,Medium,Germany,106567.766
2022,Data Visualization,Lead,Medium,Finland,84512.78
2022,Data Visualization,Lead,Large,United States,142962.16
2022,Data Visualization,Lead,Large,Australia,120114.14
2022,Data Visualization,Lead,Large,Netherlands,107274.12
2022,Data Visualization,Lead,Large,United Kingdom,109948.96
2022,Data Visualization,Lead,Large,Canada,111310.45
2022,Data Visualization,Lead,Large,Italy,99085.98
2022,Data Visualization,Lead,Large,Singapore,128918.42
2022,Data Visualization,Lead,Large,Germany,105743.69
2022,Data Visualization,Lead,Large,Finland,84158.59
2022,Data Visualization,Lead,Enterprise,United States,143322.16
2022,Data Visualization,Lead,Enterprise,Australia,120288.08
2022,Data Visualization,Lead,Enterprise,Netherlands,107274.12
2022,Data Visualization,Lead,Enterprise,United Kingdom,109948.96
2022,Data Visualization,Lead,Enterprise,Canada,111310.45
2022,Data Visualization,Lead,Enterprise,Italy,98179.195
2022,Data Visualization,Lead,Enterprise,Singapore,128918.42
2022,Data Visualization,Lead,Enterprise,Germany,105743.69
2022,Data Visualization,Lead,Enterprise,Finland,84158.59
2023,Computer Vision Engineer,Entry,Small,United States,142166.64
2023,Computer Vision Engineer,Entry,Small,Australia,113543.49
2023,Computer Vision Engineer,Entry,Small,Netherlands,93757.664
2023,Computer Vision Engineer,Entry,Small,United Kingdom,96259.03
2023,Computer Vision Engineer,Entry,Small,Canada,105725.12
2023,Computer Vision Engineer,Entry,Small,Italy,83415.05
2023,Computer Vision Engineer,Entry,Small,Singapore,105751.055
2023,Computer Vision Engineer,Entry,Small,Germany,92319.234
2023,Computer Vision Engineer,Entry,Small,Finland,74128.42
2023,Computer Vision Engineer,Entry,Medium,United States,144418.25
2023,Computer Vision Engineer,Entry,Medium,Australia,118382.2
2023,Computer Vision Engineer,Entry,Medium,Netherlands,96098.89
2023,Computer Vision Engineer,Entry,Medium,United Kingdom,99552.086
2023,Computer Vision Engineer,Entry,Medium,Canada,113881.34
2023,Computer Vision Engineer,Entry,Medium,Italy,86708.1
2023,Computer Vision Engineer,Entry,Medium,Singapore,108279.36
2023,Computer Vision Engineer,Entry,Medium,Germany,99114.79
2023,Computer Vision Engineer,Entry,Medium,Finland,77421.48
2023,Computer Vision Engineer,Entry,Large,United States,142950.17
2023,Computer Vision Engineer,Entry,Large,Australia,113799.07
2023,Computer Vision Engineer,Entry,Large,Netherlands,94805.18
2023,Computer Vision Engineer,Entry,Large,United Kingdom,101680.65
2023,Computer Vision Engineer,Entry,Large,Canada,107635.43
2023,Computer Vision Engineer,Entry,Large,Italy,86232.14
2023,Computer Vision Engineer,Entry,Large,Singapore,107351.07
2023,Computer Vision Engineer,Entry,Large,Germany,97341.01
2023,Computer Vision Engineer,Entry,Large,Finland,76038.734
2023,Computer Vision Engineer,Entry,Enterprise,United States,143194.27
2023,Computer Vision Engineer,Entry,Enterprise,Australia,115697.9
2023,Computer Vision Engineer,Entry,Enterprise,Netherlands,95049.27
2023,Computer Vision Engineer,Entry,Enterprise,United Kingdom,98413.44
2023,Computer Vision Engineer,Entry,Enterprise,Canada,107879.52
2023,Computer Vision Engineer,Entry,Enterprise,Italy,85569.45
2023,Computer Vision Engineer,Entry,Enterprise,Singapore,107905.46
2023,Computer Vision Engineer,Entry,Enterprise,Germany,97585.1
2023,Computer Vision Engineer,Entry,Enterprise,Finland,76282.83
2023,Computer Vision Engineer,Mid,Small,United States,168738.97
2023,Computer Vision Engineer,Mid,Small,Australia,131603.55
2023,Computer Vision Engineer,Mid,Small,Netherlands,108707.836
2023,Computer Vision Engineer,Mid,Small,United Kingdom,113585.5
2023,Computer Vision Engineer,Mid,Small,Canada,126980.53
2023,Computer Vision Engineer,Mid,Small,Italy,104134.67
2023,Computer Vision Engineer,Mid,Small,Singapore,120185.99
2023,Computer Vision Engineer,Mid,Small,Germany,108173.08
2023,Computer Vision Engineer,Mid,Small,Finland,88693.516
2023,Computer Vision Engineer,Mid,Medium,United States,171810.55
2023,Computer Vision Engineer,Mid,Medium,Australia,137629.05
2023,Computer Vision Engineer,Mid,Medium,Netherlands,111569.67
2023,Computer Vision Engineer,Mid,Medium,United Kingdom,117399.164
2023,Computer Vision Engineer,Mid,Medium,Canada,137210.27
2023,Computer Vision Engineer,Mid,Medium,Italy,107948.336
2023,Computer Vision Engineer,Mid,Medium,Singapore,123690.266
2023,Computer Vision Engineer,Mid,Medium,Germany,115489.24
2023,Computer Vision Engineer,Mid,Medium,Finland,92507.18
2023,Computer Vision Engineer,Mid,Large,United States,169522.5
2023,Computer Vision Engineer,Mid,Large,Australia,131859.16
2023,Computer Vision Engineer,Mid,Large,Netherlands,109755.35
2023,Computer Vision Engineer,Mid,Large,United Kingdom,119007.12
2023,Computer Vision Engineer,Mid,Large,Canada,128890.84
2023,Computer Vision Engineer,Mid,Large,Italy,106044.984
2023,Computer Vision Engineer,Mid,Large,Singapore,121786.02
2023,Computer Vision Engineer,Mid,Large,Germany,113194.85
2023,Computer Vision Engineer,Mid,Large,Finland,90603.83
2023,Computer Vision Engineer,Mid,Enterprise,United States,169766.6
2023,Computer Vision Engineer,Mid,Enterprise,Australia,133757.97
2023,Computer Vision Engineer,Mid,Enterprise,Netherlands,109999.445
2023,Computer Vision Engineer,Mid,Enterprise,United Kingdom,115739.91
2023,Computer Vision Engineer,Mid,Enterprise,Canada,129134.94
2023,Computer Vision Engineer,Mid,Enterprise,Italy,106289.08
2023,Computer Vision Engineer,Mid,Enterprise,Singapore,122340.4
2023,Computer Vision Engineer,Mid,Enterprise,Germany,113438.945
2023,Computer Vision Engineer,Mid,Enterprise,Finland,90847.92
2023,Computer Vision Engineer,Senior,Small,United States,209118.28
2023,Computer Vision Engineer,Senior,Small,Australia,160935.16
2023,Computer Vision Engineer,Senior,Small,Netherlands,139076.05
2023,Computer Vision Engineer,Senior,Small,United Kingdom,145938.72
2023,Computer Vision Engineer,Senior,Small,Canada,163061.02
2023,Computer Vision Engineer,Senior,Small,Italy,128210.695
2023,Computer Vision Engineer,Senior,Small,Singapore,159268.94
2023,Computer Vision Engineer,Senior,Small,Germany,139415.17
2023,Computer Vision Engineer,Senior,Small,Finland,118417.18
2023,Computer Vision Engineer,Senior,Medium,United States,215165.89
2023,Computer Vision Engineer,Senior,Medium,Australia,167294.98
2023,Computer Vision Engineer,Senior,Medium,Netherlands,142938.42
2023,Computer Vision Engineer,Senior,Medium,United Kingdom,150752.94
2023,Computer Vision Engineer,Senior,Medium,Canada,173662.27
2023,Computer Vision Engineer,Senior,Medium,Italy,133024.8
2023,Computer Vision Engineer,Senior,Medium,Singapore,163864.94
2023,Computer Vision Engineer,Senior,Medium,Germany,148493.4
2023,Computer Vision Engineer,Senior,Medium,Finland,123231.336
2023,Computer Vision Engineer,Senior,Large,United States,212400.64
2023,Computer Vision Engineer,Senior,Large,Australia,161936.92
2023,Computer Vision Engineer,Senior,Large,Netherlands,141043.67
2023,Computer Vision Engineer,Senior,Large,United Kingdom,151434.97
2023,Computer Vision Engineer,Senior,Large,Canada,165891.45
2023,Computer Vision Engineer,Senior,Large,Italy,131947.84
2023,Computer Vision Engineer,Senior,Large,Singapore,161789.08
2023,Computer Vision Engineer,Senior,Large,Germany,145583.48
2023,Computer Vision Engineer,Senior,Large,Finland,121247.586
2023,Computer Vision Engineer,Senior,Enterprise,United States,212192.81
2023,Computer Vision Engineer,Senior,Enterprise,Australia,164009.69
2023,Computer Vision Engineer,Senior,Enterprise,Netherlands,141287.77
2023,Computer Vision Engineer,Senior,Enterprise,United Kingdom,149013.25
2023,Computer Vision Engineer,Senior,Enterprise,Canada,166135.55
2023,Computer Vision Engineer,Senior,Enterprise,Italy,131285.14
2023,Computer Vision Engineer,Senior,Enterprise,Singapore,162032.58
2023,Computer Vision Engineer,Senior,Enterprise,Germany,145827.58
2023,Computer Vision Engineer,Senior,Enterprise,Finland,121491.68
2023,Computer Vision Engineer,Lead,Small,United States,224894.06
2023,Computer Vision Engineer,Lead,Small,Australia,193864.48
2023,Computer Vision Engineer,Lead,Small,Netherlands,172860.66
2023,Computer Vision Engineer,Lead,Small,United Kingdom,176598.52
2023,Computer Vision Engineer,Lead,Small,Canada,180472.19
2023,Computer Vision Engineer,Lead,Small,Italy,164249.38
2023,Computer Vision Engineer,Lead,Small,Singapore,198363.89
2023,Computer Vision Engineer,Lead,Small,Germany,171003.16
2023,Computer Vision Engineer,Lead,Small,Finland,150467.78
2023,Computer Vision Engineer,Lead,Medium,United States,226303.44
2023,Computer Vision Engineer,Lead,Medium,Australia,198885.05
2023,Computer Vision Engineer,Lead,Medium,Netherlands,175582.53
2023,Computer Vision Engineer,Lead,Medium,United Kingdom,180272.23
2023,Computer Vision Engineer,Lead,Medium,Canada,188768.25
2023,Computer Vision Engineer,Lead,Medium,Italy,167923.1
2023,Computer Vision Engineer,Lead,Medium,Singapore,200672.7
2023,Computer Vision Engineer,Lead,Medium,Germany,178708.89
2023,Computer Vision Engineer,Lead,Medium,Finland,154141.5
2023,Computer Vision Engineer,Lead,Large,United States,224803.05
2023,Computer Vision Engineer,Lead,Large,Australia,193946.16
2023,Computer Vision Engineer,Lead,Large,Netherlands,173908.19
2023,Computer Vision Engineer,Lead,Large,United Kingdom,182020.16
2023,Computer Vision Engineer,Lead,Large,Canada,182382.53
2023,Computer Vision Engineer,Lead,Large,Italy,167066.52
2023,Computer Vision Engineer,Lead,Large,Singapore,199963.95
2023,Computer Vision Engineer,Lead,Large,Germany,176251.38
2023,Computer Vision Engineer,Lead,Large,Finland,152378.12
2023,Computer Vision Engineer,Lead,Enterprise,United States,225407.14
2023,Computer Vision Engineer,Lead,Enterprise,Australia,196018.92
2023,Computer Vision Engineer,Lead,Enterprise,Netherlands,174152.28
2023,Computer Vision Engineer,Lead,Enterprise,United Kingdom,178752.95
2023,Computer Vision Engineer,Lead,Enterprise,Canada,182626.62
2023,Computer Vision Engineer,Lead,Enterprise,Italy,166403.81
2023,Computer Vision Engineer,Lead,Enterprise,Singapore,200207.44
2023,Computer Vision Engineer,Lead,Enterprise,Germany,176495.47
2023,Computer Vision Engineer,Lead,Enterprise,Finland,152622.22
2023,Machine Learning Engineer,Entry,Small,United States,124138.555
2023,Machine Learning Engineer,Entry,Small,Australia,135442.06
2023,Machine Learning Engineer,Entry,Small,Netherlands,82481.25
2023,Machine Learning Engineer,Entry,Small,United Kingdom,90426.56
2023,Machine Learning Engineer,Entry,Small,Canada,101702.4
2023,Machine Learning Engineer,Entry,Small,Italy,72699.88
2023,Machine Learning Engineer,Entry,Small,Singapore,94404.85
2023,Machine Learning Engineer,Entry,Small,Germany,80716.336
2023,Machine Learning Engineer,Entry,Small,Finland,60562.35
2023,Machine Learning Engineer,Entry,Medium,United States,135241.84
2023,Machine Learning Engineer,Entry,Medium,Australia,149922.44
2023,Machine Learning Engineer,Entry,Medium,Netherlands,91513.77
2023,Machine Learning Engineer,Entry,Medium,United Kingdom,101820.914
2023,Machine Learning Engineer,Entry,Medium,Canada,116869.875
2023,Machine Learning Engineer,Entry,Medium,Italy,83004.2
2023,Machine Learning Engineer,Entry,Medium,Singapore,104162.59
2023,Machine Learning Engineer,Entry,Medium,Germany,96846.52
2023,Machine Learning Engineer,Entry,Medium,Finland,70866.68
2023,Machine Learning Engineer,Entry,Large,United States,125268.13
2023,Machine Learning Engineer,Entry,Large,Australia,128278.99
2023,Machine Learning Engineer,Entry,Large,Netherlands,83528.766
2023,Machine Learning Engineer,Entry,Large,United Kingdom,95848.18
2023,Machine Learning Engineer,Entry,Large,Canada,103850.95
2023,Machine Learning Engineer,Entry,Large,Italy,75516.98
2023,Machine Learning Engineer,Entry,Large,Singapore,96315.164
2023,Machine Learning Engineer,Entry,Large,Germany,85964.53
2023,Machine Learning Engineer,Entry,Large,Finland,62472.68
2023,Machine Learning Engineer,Entry,Enterprise,United States,125050.695
2023,Machine Learning Engineer,Entry,Enterprise,Australia,137481.03
2023,Machine Learning Engineer,Entry,Enterprise,Netherlands,83657.39
2023,Machine Learning Engineer,Entry,Enterprise,United Kingdom,92783.44
2023,Machine Learning Engineer,Entry,Enterprise,Canada,103741.336
2023,Machine Learning Engineer,Entry,Enterprise,Italy,74738.82
2023,Machine Learning Engineer,Entry,Enterprise,Singapore,96443.79
2023,Machine Learning Engineer,Entry,Enterprise,Germany,86269.29
2023,Machine Learning Engineer,Entry,Enterprise,Finland,62601.3
2023,Machine Learning Engineer,Mid,Small,United States,159986.98
2023,Machine Learning Engineer,Mid,Small,Australia,151272.53
2023,Machine Learning Engineer,Mid,Small,Netherlands,101950.72
2023,Machine Learning Engineer,Mid,Small,United Kingdom,113839.03
2023,Machine Learning Engineer,Mid,Small,Canada,124049.09
2023,Machine Learning Engineer,Mid,Small,Italy,97133.14
2023,Machine Learning Engineer,Mid,Small,Singapore,113108.42
2023,Machine Learning Engineer,Mid,Small,Germany,101007.62
2023,Machine Learning Engineer,Mid,Small,Finland,79311.6
2023,Machine Learning Engineer,Mid,Medium,United States,171694.55
2023,Machine Learning Engineer,Mid,Medium,Australia,164761.4
2023,Machine Learning Engineer,Mid,Medium,Netherlands,109325.56
2023,Machine Learning Engineer,Mid,Medium,United Kingdom,124355.5
2023,Machine Learning Engineer,Mid,Medium,Canada,139111.88
2023,Machine Learning Engineer,Mid,Medium,Italy,105779.78
2023,Machine Learning Engineer,Mid,Medium,Singapore,121663.86
2023,Machine Learning Engineer,Mid,Medium,Germany,115480.125
2023,Machine Learning Engineer,Mid,Medium,Finland,87958.24
2023,Machine Learning Engineer,Mid,Large,United States,162329.42
2023,Machine Learning Engineer,Mid,Large,Australia,144109.33
2023,Machine Learning Engineer,Mid,Large,Netherlands,102998.234
2023,Machine Learning Engineer,Mid,Large,United Kingdom,119260.65
2023,Machine Learning Engineer,Mid,Large,Canada,126197.65
2023,Machine Learning Engineer,Mid,Large,Italy,99043.45
2023,Machine Learning Engineer,Mid,Large,Singapore,115018.734
2023,Machine Learning Engineer,Mid,Large,Germany,106255.81
2023,Machine Learning Engineer,Mid,Large,Finland,81221.914
2023,Machine Learning Engineer,Mid,Enterprise,United States,160899.14
2023,Machine Learning Engineer,Mid,Enterprise,Australia,153311.5
2023,Machine Learning Engineer,Mid,Enterprise,Netherlands,103126.86
2023,Machine Learning Engineer,Mid,Enterprise,United Kingdom,116195.91
2023,Machine Learning Engineer,Mid,Enterprise,Canada,126088.03
2023,Machine Learning Engineer,Mid,Enterprise,Italy,99172.08
2023,Machine Learning Engineer,Mid,Enterprise,Singapore,115147.36
2023,Machine Learning Engineer,Mid,Enterprise,Germany,106560.57
2023,Machine Learning Engineer,Mid,Enterprise,Finland,81350.54
2023,Machine Learning Engineer,Senior,Small,United States,184610.22
2023,Machine Learning Engineer,Senior,Small,Australia,185504.58
2023,Machine Learning Engineer,Senior,Small,Netherlands,122751.484
2023,Machine Learning Engineer,Senior,Small,United Kingdom,133505.4
2023,Machine Learning Engineer,Senior,Small,Canada,158980.62
2023,Machine Learning Engineer,Senior,Small,Italy,113437.9
2023,Machine Learning Engineer,Senior,Small,Singapore,142644.0
2023,Machine Learning Engineer,Senior,Small,Germany,126056.75
2023,Machine Learning Engineer,Senior,Small,Finland,100458.31
2023,Machine Learning Engineer,Senior,Medium,United States,204859.22
2023,Machine Learning Engineer,Senior,Medium,Australia,197242.7
2023,Machine Learning Engineer,Senior,Medium,Netherlands,129041.78
2023,Machine Learning Engineer,Senior,Medium,United Kingdom,142630.42
2023,Machine Learning Engineer,Senior,Medium,Canada,172930.1
2023,Machine Learning Engineer,Senior,Medium,Italy,121000.02
2023,Machine Learning Engineer,Senior,Medium,Singapore,150206.11
2023,Machine Learning Engineer,Senior,Medium,Germany,139800.77
2023,Machine Learning Engineer,Senior,Medium,Finland,108020.4
2023,Machine Learning Engineer,Senior,Large,United States,188005.69
2023,Machine Learning Engineer,Senior,Large,Australia,178854.56
2023,Machine Learning Engineer,Senior,Large,Netherlands,124486.1
2023,Machine Learning Engineer,Senior,Large,United Kingdom,138768.67
2023,Machine Learning Engineer,Senior,Large,Canada,161578.08
2023,Machine Learning Engineer,Senior,Large,Italy,116942.09
2023,Machine Learning Engineer,Senior,Large,Singapore,145241.45
2023,Machine Learning Engineer,Senior,Large,Germany,131991.9
2023,Machine Learning Engineer,Senior,Large,Finland,103055.73
2023,Machine Learning Engineer,Senior,Enterprise,United States,187336.3
2023,Machine Learning Engineer,Senior,Enterprise,Australia,188230.66
2023,Machine Learning Engineer,Senior,Enterprise,Netherlands,124614.73
2023,Machine Learning Engineer,Senior,Enterprise,United Kingdom,136549.42
2023,Machine Learning Engineer,Senior,Enterprise,Canada,161706.7
2023,Machine Learning Engineer,Senior,Enterprise,Italy,116163.94
2023,Machine Learning Engineer,Senior,Enterprise,Singapore,145370.08
2023,Machine Learning Engineer,Senior,Enterprise,Germany,132296.66
2023,Machine Learning Engineer,Senior,Enterprise,Finland,103184.35
2023,Machine Learning Engineer,Lead,Small,United States,210218.47
2023,Machine Learning Engineer,Lead,Small,Australia,220959.33
2023,Machine Learning Engineer,Lead,Small,Netherlands,162566.34
2023,Machine Learning Engineer,Lead,Small,United Kingdom,168699.92
2023,Machine Learning Engineer,Lead,Small,Canada,175585.02
2023,Machine Learning Engineer,Lead,Small,Italy,154390.0
2023,Machine Learning Engineer,Lead,Small,Singapore,186866.66
2023,Machine Learning Engineer,Lead,Small,Germany,160696.12
2023,Machine Learning Engineer,Lead,Small,Finland,137422.33
2023,Machine Learning Engineer,Lead,Medium,United States,223577.92
2023,Machine Learning Engineer,Lead,Medium,Australia,230743.33
2023,Machine Learning Engineer,Lead,Medium,Netherlands,167101.3
2023,Machine Learning Engineer,Lead,Medium,United Kingdom,174771.48
2023,Machine Learning Engineer,Lead,Medium,Canada,186614.44
2023,Machine Learning Engineer,Lead,Medium,Italy,160196.77
2023,Machine Learning Engineer,Lead,Medium,Singapore,192673.42
2023,Machine Learning Engineer,Lead,Medium,Germany,172452.88
2023,Machine Learning Engineer,Lead,Medium,Finland,143229.1
2023,Machine Learning Engineer,Lead,Large,United States,210473.55
2023,Machine Learning Engineer,Lead,Large,Australia,213622.19
2023,Machine Learning Engineer,Lead,Large,Netherlands,163613.88
2023,Machine Learning Engineer,Lead,Large,United Kingdom,174121.56
2023,Machine Learning Engineer,Lead,Large,Canada,177495.36
2023,Machine Learning Engineer,Lead,Large,Italy,157207.14
2023,Machine Learning Engineer,Lead,Large,Singapore,188777.0
2023,Machine Learning Engineer,Lead,Large,Germany,165944.34
2023,Machine Learning Engineer,Lead,Large,Finland,139332.67
2023,Machine Learning Engineer,Lead,Enterprise,United States,210616.08
2023,Machine Learning Engineer,Lead,Enterprise,Australia,222998.3
2023,Machine Learning Engineer,Lead,Enterprise,Netherlands,163742.5
2023,Machine Learning Engineer,Lead,Enterprise,United Kingdom,171056.83
2023,Machine Learning Engineer,Lead,Enterprise,Canada,177623.98
2023,Machine Learning Engineer,Lead,Enterprise,Italy,156428.97
2023,Machine Learning Engineer,Lead,Enterprise,Singapore,188905.62
2023,Machine Learning Engineer,Lead,Enterprise,Germany,166249.1
2023,Machine Learning Engineer,Lead,Enterprise,Finland,139461.3
2023,Research Engineer,Entry,Small,United States,139807.64
2023,Research Engineer,Entry,Small,Australia,49704.29
2023,Research Engineer,Entry,Small,Netherlands,47305.855
2023,Research Engineer,Entry,Small,United Kingdom,118694.47
2023,Research Engineer,Entry,Small,Canada,60032.023
2023,Research Engineer,Entry,Small,Italy,51039.63
2023,Research Engineer,Entry,Small,Singapore,58446.383
2023,Research Engineer,Entry,Small,Germany,66295.49
2023,Research Engineer,Entry,Small,Finland,30176.957
2023,Research Engineer,Entry,Medium,United States,151000.14
2023,Research Engineer,Entry,Medium,Australia,58615.555
2023,Research Engineer,Entry,Medium,Netherlands,56755.88
2023,Research Engineer,Entry,Medium,United Kingdom,132834.66
2023,Research Engineer,Entry,Medium,Canada,75297.06
2023,Research Engineer,Entry,Medium,Italy,61441.516
2023,Research Engineer,Entry,Medium,Singapore,68427.164
2023,Research Engineer,Entry,Medium,Germany,87889.98
2023,Research Engineer,Entry,Medium,Finland,40578.81
2023,Research Engineer,Entry,Large,United States,141726.95
2023,Research Engineer,Entry,Large,Australia,48482.785
2023,Research Engineer,Entry,Large,Netherlands,45573.402
2023,Research Engineer,Entry,Large,United Kingdom,82060.78
2023,Research Engineer,Entry,Large,Canada,59162.36
2023,Research Engineer,Entry,Large,Italy,51076.754
2023,Research Engineer,Entry,Large,Singapore,57576.723
2023,Research Engineer,Entry,Large,Germany,71811.055
2023,Research Engineer,Entry,Large,Finland,29307.3
2023,Research Engineer,Entry,Enterprise,United States,145860.48
2023,Research Engineer,Entry,Enterprise,Australia,51858.695
2023,Research Engineer,Entry,Enterprise,Netherlands,50539.938
2023,Research Engineer,Entry,Enterprise,United Kingdom,120848.875
2023,Research Engineer,Entry,Enterprise,Canada,64128.9
2023,Research Engineer,Entry,Enterprise,Italy,55136.508
2023,Research Engineer,Entry,Enterprise,Singapore,62543.254
2023,Research Engineer,Entry,Enterprise,Germany,75186.96
2023,Research Engineer,Entry,Enterprise,Finland,34273.836
2023,Research Engineer,Mid,Small,United States,163192.6
2023,Research Engineer,Mid,Small,Australia,69686.24
2023,Research Engineer,Mid,Small,Netherlands,67856.98
2023,Research Engineer,Mid,Small,United Kingdom,143667.89
2023,Research Engineer,Mid,Small,Canada,87710.37
2023,Research Engineer,Mid,Small,Italy,73260.35
2023,Research Engineer,Mid,Small,Singapore,78299.06
2023,Research Engineer,Mid,Small,Germany,85881.61
2023,Research Engineer,Mid,Small,Finland,51896.94
2023,Research Engineer,Mid,Medium,United States,178467.69
2023,Research Engineer,Mid,Medium,Australia,83514.28
2023,Research Engineer,Mid,Medium,Netherlands,83716.984
2023,Research Engineer,Mid,Medium,United Kingdom,166288.48
2023,Research Engineer,Mid,Medium,Canada,110938.3
2023,Research Engineer,Mid,Medium,Italy,90072.19
2023,Research Engineer,Mid,Medium,Singapore,95019.695
2023,Research Engineer,Mid,Medium,Germany,113886.08
2023,Research Engineer,Mid,Medium,Finland,68708.8
2023,Research Engineer,Mid,Large,United States,167218.61
2023,Research Engineer,Mid,Large,Australia,69810.93
2023,Research Engineer,Mid,Large,Netherlands,66512.31
2023,Research Engineer,Mid,Large,United Kingdom,107605.17
2023,Research Engineer,Mid,Large,Canada,87228.5
2023,Research Engineer,Mid,Large,Italy,72778.484
2023,Research Engineer,Mid,Large,Singapore,77817.195
2023,Research Engineer,Mid,Large,Germany,91784.95
2023,Research Engineer,Mid,Large,Finland,51415.062
2023,Research Engineer,Mid,Enterprise,United States,169691.84
2023,Research Engineer,Mid,Enterprise,Australia,71840.65
2023,Research Engineer,Mid,Enterprise,Netherlands,70132.66
2023,Research Engineer,Mid,Enterprise,United Kingdom,145822.33
2023,Research Engineer,Mid,Enterprise,Canada,90848.84
2023,Research Engineer,Mid,Enterprise,Italy,76398.83
2023,Research Engineer,Mid,Enterprise,Singapore,81437.54
2023,Research Engineer,Mid,Enterprise,Germany,93814.67
2023,Research Engineer,Mid,Enterprise,Finland,55035.42
2023,Research Engineer,Senior,Small,United States,182062.11
2023,Research Engineer,Senior,Small,Australia,124883.79
2023,Research Engineer,Senior,Small,Netherlands,131078.33
2023,Research Engineer,Senior,Small,United Kingdom,282450.75
2023,Research Engineer,Senior,Small,Canada,141100.58
2023,Research Engineer,Senior,Small,Italy,124678.98
2023,Research Engineer,Senior,Small,Singapore,147201.05
2023,Research Engineer,Senior,Small,Germany,153899.12
2023,Research Engineer,Senior,Small,Finland,114347.5
2023,Research Engineer,Senior,Medium,United States,202079.98
2023,Research Engineer,Senior,Medium,Australia,140236.83
2023,Research Engineer,Senior,Medium,Netherlands,150088.03
2023,Research Engineer,Senior,Medium,United Kingdom,303572.75
2023,Research Engineer,Senior,Medium,Canada,166849.17
2023,Research Engineer,Senior,Medium,Italy,144640.47
2023,Research Engineer,Senior,Medium,Singapore,167162.6
2023,Research Engineer,Senior,Medium,Germany,185409.44
2023,Research Engineer,Senior,Medium,Finland,134308.94
2023,Research Engineer,Senior,Large,United States,194800.8
2023,Research Engineer,Senior,Large,Australia,128977.414
2023,Research Engineer,Senior,Large,Netherlands,134660.98
2023,Research Engineer,Senior,Large,United Kingdom,261369.92
2023,Research Engineer,Senior,Large,Canada,145546.05
2023,Research Engineer,Senior,Large,Italy,130031.195
2023,Research Engineer,Senior,Large,Singapore,151646.52
2023,Research Engineer,Senior,Large,Germany,164729.81
2023,Research Engineer,Senior,Large,Finland,118792.94
2023,Research Engineer,Senior,Enterprise,United States,194144.47
2023,Research Engineer,Senior,Enterprise,Australia,130536.07
2023,Research Engineer,Senior,Enterprise,Netherlands,137810.33
2023,Research Engineer,Senior,Enterprise,United Kingdom,285525.22
2023,Research Engineer,Senior,Enterprise,Canada,148695.39
2023,Research Engineer,Senior,Enterprise,Italy,132273.73
2023,Research Engineer,Senior,Enterprise,Singapore,154795.86
2023,Research Engineer,Senior,Enterprise,Germany,166288.52
2023,Research Engineer,Senior,Enterprise,Finland,121942.25
2023,Research Engineer,Lead,Small,United States,205165.45
2023,Research Engineer,Lead,Small,Australia,142039.95
2023,Research Engineer,Lead,Small,Netherlands,146520.88
2023,Research Engineer,Lead,Small,United Kingdom,237993.73
2023,Research Engineer,Lead,Small,Canada,151025.2
2023,Research Engineer,Lead,Small,Italy,147588.08
2023,Research Engineer,Lead,Small,Singapore,167938.86
2023,Research Engineer,Lead,Small,Germany,168745.2
2023,Research Engineer,Lead,Small,Finland,128056.02
2023,Research Engineer,Lead,Medium,United States,219541.72
2023,Research Engineer,Lead,Medium,Australia,154367.31
2023,Research Engineer,Lead,Medium,Netherlands,162703.62
2023,Research Engineer,Lead,Medium,United Kingdom,256288.9
2023,Research Engineer,Lead,Medium,Canada,172782.14
2023,Research Engineer,Lead,Medium,Italy,164722.69
2023,Research Engineer,Lead,Medium,Singapore,185073.45
2023,Research Engineer,Lead,Medium,Germany,197196.55
2023,Research Engineer,Lead,Medium,Finland,145190.6
2023,Research Engineer,Lead,Large,United States,212983.39
2023,Research Engineer,Lead,Large,Australia,144742.47
2023,Research Engineer,Lead,Large,Netherlands,148712.4
2023,Research Engineer,Lead,Large,United Kingdom,213744.22
2023,Research Engineer,Lead,Large,Canada,154079.55
2023,Research Engineer,Lead,Large,Italy,151549.23
2023,Research Engineer,Lead,Large,Singapore,170993.2
2023,Research Engineer,Lead,Large,Germany,178184.77
2023,Research Engineer,Lead,Large,Finland,131110.34
2023,Research Engineer,Lead,Enterprise,United States,214686.36
2023,Research Engineer,Lead,Enterprise,Australia,146772.2
2023,Research Engineer,Lead,Enterprise,Netherlands,152332.78
2023,Research Engineer,Lead,Enterprise,United Kingdom,240148.17
2023,Research Engineer,Lead,Enterprise,Canada,157699.92
2023,Research Engineer,Lead,Enterprise,Italy,154262.8
2023,Research Engineer,Lead,Enterprise,Singapore,174613.58
2023,Research Engineer,Lead,Enterprise,Germany,180214.5
2023,Research Engineer,Lead,Enterprise,Finland,134730.72
2023,Software Engineer,Entry,Small,United States,89483.016
2023,Software Engineer,Entry,Small,Australia,95776.57
2023,Software Engineer,Entry,Small,Netherlands,57990.152
2023,Software Engineer,Entry,Small,United Kingdom,57396.18
2023,Software Engineer,Entry,Small,Canada,70411.34
2023,Software Engineer,Entry,Small,Italy,48372.93
2023,Software Engineer,Entry,Small,Singapore,63438.434
2023,Software Engineer,Entry,Small,Germany,55917.867
2023,Software Engineer,Entry,Small,Finland,39016.137
2023,Software Engineer,Entry,Medium,United States,80593.09
2023,Software Engineer,Entry,Medium,Australia,75769.54
2023,Software Engineer,Entry,Medium,Netherlands,48489.11
2023,Software Engineer,Entry,Medium,United Kingdom,45858.95
2023,Software Engineer,Entry,Medium,Canada,67538.89
2023,Software Engineer,Entry,Medium,Italy,39823.684
2023,Software Engineer,Entry,Medium,Singapore,54342.645
2023,Software Engineer,Entry,Medium,Germany,51456.773
2023,Software Engineer,Entry,Medium,Finland,30466.89
2023,Software Engineer,Entry,Large,United States,82502.0
2023,Software Engineer,Entry,Large,Australia,84751.92
2023,Software Engineer,Entry,Large,Netherlands,50572.32
2023,Software Engineer,Entry,Large,United Kingdom,53475.684
2023,Software Engineer,Entry,Large,Canada,63856.285
2023,Software Engineer,Entry,Large,Italy,42724.68
2023,Software Engineer,Entry,Large,Singapore,56883.43
2023,Software Engineer,Entry,Large,Germany,52700.723
2023,Software Engineer,Entry,Large,Finland,32461.104
2023,Software Engineer,Entry,Enterprise,United States,82746.09
2023,Software Engineer,Entry,Enterprise,Australia,84996.016
2023,Software Engineer,Entry,Enterprise,Netherlands,50816.41
2023,Software Engineer,Entry,Enterprise,United Kingdom,51085.24
2023,Software Engineer,Entry,Enterprise,Canada,64100.395
2023,Software Engineer,Entry,Enterprise,Italy,42061.984
2023,Software Engineer,Entry,Enterprise,Singapore,57127.52
2023,Software Engineer,Entry,Enterprise,Germany,52944.812
2023,Software Engineer,Entry,Enterprise,Finland,32705.193
2023,Software Engineer,Mid,Small,United States,115298.29
2023,Software Engineer,Mid,Small,Australia,107252.7
2023,Software Engineer,Mid,Small,Netherlands,83900.164
2023,Software Engineer,Mid,Small,United Kingdom,80133.95
2023,Software Engineer,Mid,Small,Canada,90433.6
2023,Software Engineer,Mid,Small,Italy,66631.88
2023,Software Engineer,Mid,Small,Singapore,73487.64
2023,Software Engineer,Mid,Small,Germany,70641.55
2023,Software Engineer,Mid,Small,Finland,52558.793
2023,Software Engineer,Mid,Medium,United States,111822.48
2023,Software Engineer,Mid,Medium,Australia,95900.95
2023,Software Engineer,Mid,Medium,Netherlands,83768.89
2023,Software Engineer,Mid,Medium,United Kingdom,76699.46
2023,Software Engineer,Mid,Medium,Canada,94522.14
2023,Software Engineer,Mid,Medium,Italy,63197.406
2023,Software Engineer,Mid,Medium,Singapore,69961.945
2023,Software Engineer,Mid,Medium,Germany,71295.2
2023,Software Engineer,Mid,Medium,Finland,49124.316
2023,Software Engineer,Mid,Large,United States,110380.64
2023,Software Engineer,Mid,Large,Australia,98681.016
2023,Software Engineer,Mid,Large,Netherlands,78545.734
2023,Software Engineer,Mid,Large,United Kingdom,75642.33
2023,Software Engineer,Mid,Large,Canada,87048.914
2023,Software Engineer,Mid,Large,Italy,62140.254
2023,Software Engineer,Mid,Large,Singapore,68996.016
2023,Software Engineer,Mid,Large,Germany,69487.805
2023,Software Engineer,Mid,Large,Finland,48067.17
2023,Software Engineer,Mid,Enterprise,United States,110624.734
2023,Software Engineer,Mid,Enterprise,Australia,98925.11
2023,Software Engineer,Mid,Enterprise,Netherlands,78789.83
2023,Software Engineer,Mid,Enterprise,United Kingdom,75886.42
2023,Software Engineer,Mid,Enterprise,Canada,87293.01
2023,Software Engineer,Mid,Enterprise,Italy,62384.348
2023,Software Engineer,Mid,Enterprise,Singapore,69240.11
2023,Software Engineer,Mid,Enterprise,Germany,69731.9
2023,Software Engineer,Mid,Enterprise,Finland,48311.26
2023,Software Engineer,Senior,Small,United States,132638.66
2023,Software Engineer,Senior,Small,Australia,129809.95
2023,Software Engineer,Senior,Small,Netherlands,95138.64
2023,Software Engineer,Senior,Small,United Kingdom,102271.66
2023,Software Engineer,Senior,Small,Canada,117875.22
2023,Software Engineer,Senior,Small,Italy,83553.914
2023,Software Engineer,Senior,Small,Singapore,107242.88
2023,Software Engineer,Senior,Small,Germany,93772.55
2023,Software Engineer,Senior,Small,Finland,74322.805
2023,Software Engineer,Senior,Medium,United States,127797.29
2023,Software Engineer,Senior,Medium,Australia,116376.805
2023,Software Engineer,Senior,Medium,Netherlands,87799.016
2023,Software Engineer,Senior,Medium,United Kingdom,96196.78
2023,Software Engineer,Senior,Medium,Canada,119709.54
2023,Software Engineer,Senior,Medium,Italy,77479.05
2023,Software Engineer,Senior,Medium,Singapore,101168.016
2023,Software Engineer,Senior,Medium,Germany,92141.984
2023,Software Engineer,Senior,Medium,Finland,68247.94
2023,Software Engineer,Senior,Large,United States,125643.945
2023,Software Engineer,Senior,Large,Australia,117719.66
2023,Software Engineer,Senior,Large,Netherlands,86829.125
2023,Software Engineer,Senior,Large,United Kingdom,94824.93
2023,Software Engineer,Senior,Large,Canada,111535.375
2023,Software Engineer,Senior,Large,Italy,77013.98
2023,Software Engineer,Senior,Large,Singapore,99796.164
2023,Software Engineer,Senior,Large,Germany,89663.71
2023,Software Engineer,Senior,Large,Finland,66876.086
2023,Software Engineer,Senior,Enterprise,United States,125436.12
2023,Software Engineer,Senior,Enterprise,Australia,118137.69
2023,Software Engineer,Senior,Enterprise,Netherlands,87073.22
2023,Software Engineer,Senior,Enterprise,United Kingdom,95069.02
2023,Software Engineer,Senior,Enterprise,Canada,111779.47
2023,Software Engineer,Senior,Enterprise,Italy,76351.29
2023,Software Engineer,Senior,Enterprise,Singapore,100040.26
2023,Software Engineer,Senior,Enterprise,Germany,89907.805
2023,Software Engineer,Senior,Enterprise,Finland,67120.18
2023,Software Engineer,Lead,Small,United States,155720.53
2023,Software Engineer,Lead,Small,Australia,167895.9
2023,Software Engineer,Lead,Small,Netherlands,134166.42
2023,Software Engineer,Lead,Small,United Kingdom,138743.66
2023,Software Engineer,Lead,Small,Canada,140193.62
2023,Software Engineer,Lead,Small,Italy,124835.88
2023,Software Engineer,Lead,Small,Singapore,150157.02
2023,Software Engineer,Lead,Small,Germany,130603.72
2023,Software Engineer,Lead,Small,Finland,111616.734
2023,Software Engineer,Lead,Medium,United States,147838.14
2023,Software Engineer,Lead,Medium,Australia,153719.25
2023,Software Engineer,Lead,Medium,Netherlands,126282.11
2023,Software Engineer,Lead,Medium,United Kingdom,132124.1
2023,Software Engineer,Lead,Medium,Canada,140318.56
2023,Software Engineer,Lead,Medium,Italy,118216.3
2023,Software Engineer,Lead,Medium,Singapore,143537.45
2023,Software Engineer,Lead,Medium,Germany,128196.44
2023,Software Engineer,Lead,Medium,Finland,104997.055
2023,Software Engineer,Lead,Large,United States,146428.55
2023,Software Engineer,Lead,Large,Australia,155260.9
2023,Software Engineer,Lead,Large,Netherlands,125312.2
2023,Software Engineer,Lead,Large,United Kingdom,130752.22
2023,Software Engineer,Lead,Large,Canada,133309.12
2023,Software Engineer,Lead,Large,Italy,117751.234
2023,Software Engineer,Lead,Large,Singapore,142165.58
2023,Software Engineer,Lead,Large,Germany,125950.164
2023,Software Engineer,Lead,Large,Finland,103625.2
2023,Software Engineer,Lead,Enterprise,United States,147032.64
2023,Software Engineer,Lead,Enterprise,Australia,155678.94
2023,Software Engineer,Lead,Enterprise,Netherlands,125556.3
2023,Software Engineer,Lead,Enterprise,United Kingdom,130996.31
2023,Software Engineer,Lead,Enterprise,Canada,133553.22
2023,Software Engineer,Lead,Enterprise,Italy,117088.55
2023,Software Engineer,Lead,Enterprise,Singapore,142409.67
2023,Software Engineer,Lead,Enterprise,Germany,126194.26
2023,Software Engineer,Lead,Enterprise,Finland,103869.3
2023,Research Scientist,Entry,Small,United States,161300.5
2023,Research Scientist,Entry,Small,Australia,114581.445
2023,Research Scientist,Entry,Small,Netherlands,140001.38
2023,Research Scientist,Entry,Small,United Kingdom,109127.42
2023,Research Scientist,Entry,Small,Canada,110244.48
2023,Research Scientist,Entry,Small,Italy,84565.836
2023,Research Scientist,Entry,Small,Singapore,108910.82
2023,Research Scientist,Entry,Small,Germany,90241.81
2023,Research Scientist,Entry,Small,Finland,51463.21
2023,Research Scientist,Entry,Medium,United States,175594.06
2023,Research Scientist,Entry,Medium,Australia,123907.14
2023,Research Scientist,Entry,Medium,Netherlands,148270.1
2023,Research Scientist,Entry,Medium,United Kingdom,119954.51
2023,Research Scientist,Entry,Medium,Canada,122435.266
2023,Research Scientist,Entry,Medium,Italy,92345.86
2023,Research Scientist,Entry,Medium,Singapore,116144.3
2023,Research Scientist,Entry,Medium,Germany,102109.984
2023,Research Scientist,Entry,Medium,Finland,59243.223
2023,Research Scientist,Entry,Large,United States,164054.62
2023,Research Scientist,Entry,Large,Australia,116964.52
2023,Research Scientist,Entry,Large,Netherlands,143176.39
2023,Research Scientist,Entry,Large,United Kingdom,116676.54
2023,Research Scientist,Entry,Large,Canada,114282.29
2023,Research Scientist,Entry,Large,Italy,89510.43
2023,Research Scientist,Entry,Large,Singapore,113644.88
2023,Research Scientist,Entry,Large,Germany,97617.51
2023,Research Scientist,Entry,Large,Finland,55501.03
2023,Research Scientist,Entry,Enterprise,United States,162931.11
2023,Research Scientist,Entry,Enterprise,Australia,118863.35
2023,Research Scientist,Entry,Enterprise,Netherlands,143420.48
2023,Research Scientist,Entry,Enterprise,United Kingdom,113409.33
2023,Research Scientist,Entry,Enterprise,Canada,114526.38
2023,Research Scientist,Entry,Enterprise,Italy,88847.74
2023,Research Scientist,Entry,Enterprise,Singapore,112946.4
2023,Research Scientist,Entry,Enterprise,Germany,97861.6
2023,Research Scientist,Entry,Enterprise,Finland,55745.12
2023,Research Scientist,Mid,Small,United States,176939.58
2023,Research Scientist,Mid,Small,Australia,135901.66
2023,Research Scientist,Mid,Small,Netherlands,158485.69
2023,Research Scientist,Mid,Small,United Kingdom,129154.305
2023,Research Scientist,Mid,Small,Canada,137648.17
2023,Research Scientist,Mid,Small,Italy,106783.875
2023,Research Scientist,Mid,Small,Singapore,124799.01
2023,Research Scientist,Mid,Small,Germany,111875.58
2023,Research Scientist,Mid,Small,Finland,77622.71
2023,Research Scientist,Mid,Medium,United States,183038.75
2023,Research Scientist,Mid,Medium,Australia,144016.66
2023,Research Scientist,Mid,Medium,Netherlands,164877.5
2023,Research Scientist,Mid,Medium,United Kingdom,138104.53
2023,Research Scientist,Mid,Medium,Canada,149299.34
2023,Research Scientist,Mid,Medium,Italy,112687.03
2023,Research Scientist,Mid,Medium,Singapore,130610.96
2023,Research Scientist,Mid,Medium,Germany,121866.88
2023,Research Scientist,Mid,Medium,Finland,83525.87
2023,Research Scientist,Mid,Large,United States,180084.98
2023,Research Scientist,Mid,Large,Australia,140497.89
2023,Research Scientist,Mid,Large,Netherlands,163873.84
2023,Research Scientist,Mid,Large,United Kingdom,138916.55
2023,Research Scientist,Mid,Large,Canada,143899.14
2023,Research Scientist,Mid,Large,Italy,113034.83
2023,Research Scientist,Mid,Large,Singapore,131746.17
2023,Research Scientist,Mid,Large,Germany,121464.414
2023,Research Scientist,Mid,Large,Finland,83873.664
2023,Research Scientist,Mid,Enterprise,United States,180329.08
2023,Research Scientist,Mid,Enterprise,Australia,142396.72
2023,Research Scientist,Mid,Enterprise,Netherlands,164117.94
2023,Research Scientist,Mid,Enterprise,United Kingdom,135649.33
2023,Research Scientist,Mid,Enterprise,Canada,144143.23
2023,Research Scientist,Mid,Enterprise,Italy,113278.92
2023,Research Scientist,Mid,Enterprise,Singapore,131047.72
2023,Research Scientist,Mid,Enterprise,Germany,121708.51
2023,Research Scientist,Mid,Enterprise,Finland,84117.76
2023,Research Scientist,Senior,Small,United States,187493.36
2023,Research Scientist,Senior,Small,Australia,151085.58
2023,Research Scientist,Senior,Small,Netherlands,162023.4
2023,Research Scientist,Senior,Small,United Kingdom,168155.58
2023,Research Scientist,Senior,Small,Canada,151605.1
2023,Research Scientist,Senior,Small,Italy,119172.43
2023,Research Scientist,Senior,Small,Singapore,152427.5
2023,Research Scientist,Senior,Small,Germany,126890.414
2023,Research Scientist,Senior,Small,Finland,98303.52
2023,Research Scientist,Senior,Medium,United States,199882.61
2023,Research Scientist,Senior,Medium,Australia,163507.14
2023,Research Scientist,Senior,Medium,Netherlands,173387.94
2023,Research Scientist,Senior,Medium,United Kingdom,185234.86
2023,Research Scientist,Senior,Medium,Canada,166614.6
2023,Research Scientist,Senior,Medium,Italy,130048.266
2023,Research Scientist,Senior,Medium,Singapore,162146.62
2023,Research Scientist,Senior,Medium,Germany,142210.58
2023,Research Scientist,Senior,Medium,Finland,109179.45
2023,Research Scientist,Senior,Large,United States,193137.6
2023,Research Scientist,Senior,Large,Australia,156424.8
2023,Research Scientist,Senior,Large,Netherlands,168328.48
2023,Research Scientist,Senior,Large,United Kingdom,177989.28
2023,Research Scientist,Senior,Large,Canada,157119.5
2023,Research Scientist,Senior,Large,Italy,127247.07
2023,Research Scientist,Senior,Large,Singapore,160291.64
2023,Research Scientist,Senior,Large,Germany,137396.06
2023,Research Scientist,Senior,Large,Finland,105471.4
2023,Research Scientist,Senior,Enterprise,United States,192929.77
2023,Research Scientist,Senior,Enterprise,Australia,158497.56
2023,Research Scientist,Senior,Enterprise,Netherlands,168572.58
2023,Research Scientist,Senior,Enterprise,United Kingdom,175567.56
2023,Research Scientist,Senior,Enterprise,Canada,157363.6
2023,Research Scientist,Senior,Enterprise,Italy,126584.37
2023,Research Scientist,Senior,Enterprise,Singapore,159593.14
2023,Research Scientist,Senior,Enterprise,Germany,137640.16
2023,Research Scientist,Senior,Enterprise,Finland,105715.49
2023,Research Scientist,Lead,Small,United States,216395.48
2023,Research Scientist,Lead,Small,Australia,193165.38
2023,Research Scientist,Lead,Small,Netherlands,204021.31
2023,Research Scientist,Lead,Small,United Kingdom,186742.12
2023,Research Scientist,Lead,Small,Canada,180048.34
2023,Research Scientist,Lead,Small,Italy,163583.1
2023,Research Scientist,Lead,Small,Singapore,198823.36
2023,Research Scientist,Lead,Small,Germany,170049.38
2023,Research Scientist,Lead,Small,Finland,139424.62
2023,Research Scientist,Lead,Medium,United States,229117.5
2023,Research Scientist,Lead,Medium,Australia,203882.6
2023,Research Scientist,Lead,Medium,Netherlands,213880.33
2023,Research Scientist,Lead,Medium,United Kingdom,202315.88
2023,Research Scientist,Lead,Medium,Canada,194041.06
2023,Research Scientist,Lead,Medium,Italy,172953.47
2023,Research Scientist,Lead,Medium,Singapore,207439.6
2023,Research Scientist,Lead,Medium,Germany,183632.02
2023,Research Scientist,Lead,Medium,Finland,148794.98
2023,Research Scientist,Lead,Large,United States,224064.89
2023,Research Scientist,Lead,Large,Australia,197587.67
2023,Research Scientist,Lead,Large,Netherlands,209409.47
2023,Research Scientist,Lead,Large,United Kingdom,196504.39
2023,Research Scientist,Lead,Large,Canada,186299.31
2023,Research Scientist,Lead,Large,Italy,170740.86
2023,Research Scientist,Lead,Large,Singapore,205770.58
2023,Research Scientist,Lead,Large,Germany,179638.22
2023,Research Scientist,Lead,Large,Finland,145675.6
2023,Research Scientist,Lead,Enterprise,United States,224308.98
2023,Research Scientist,Lead,Enterprise,Australia,199660.44
2023,Research Scientist,Lead,Enterprise,Netherlands,209653.56
2023,Research Scientist,Lead,Enterprise,United Kingdom,193237.19
2023,Research Scientist,Lead,Enterprise,Canada,186543.4
2023,Research Scientist,Lead,Enterprise,Italy,170078.16
2023,Research Scientist,Lead,Enterprise,Singapore,205072.08
2023,Research Scientist,Lead,Enterprise,Germany,179882.31
2023,Research Scientist,Lead,Enterprise,Finland,145919.69
2023,Solution Architect,Entry,Small,United States,105579.04
2023,Solution Architect,Entry,Small,Australia,86732.83
2023,Solution Architect,Entry,Small,Netherlands,65995.65
2023,Solution Architect,Entry,Small,United Kingdom,85629.65
2023,Solution Architect,Entry,Small,Canada,77358.945
2023,Solution Architect,Entry,Small,Italy,56214.258
2023,Solution Architect,Entry,Small,Singapore,76804.91
2023,Solution Architect,Entry,Small,Germany,63692.42
2023,Solution Architect,Entry,Small,Finland,46046.13
2023,Solution Architect,Entry,Medium,United States,105955.74
2023,Solution Architect,Entry,Medium,Australia,89696.695
2023,Solution Architect,Entry,Medium,Netherlands,66462.03
2023,Solution Architect,Entry,Medium,United Kingdom,87047.86
2023,Solution Architect,Entry,Medium,Canada,83640.33
2023,Solution Architect,Entry,Medium,Italy,57632.465
2023,Solution Architect,Entry,Medium,Singapore,77676.555
2023,Solution Architect,Entry,Medium,Germany,69198.82
2023,Solution Architect,Entry,Medium,Finland,47464.35
2023,Solution Architect,Entry,Large,United States,106036.9
2023,Solution Architect,Entry,Large,Australia,86825.85
2023,Solution Architect,Entry,Large,Netherlands,66880.61
2023,Solution Architect,Entry,Large,United Kingdom,90888.71
2023,Solution Architect,Entry,Large,Canada,79106.695
2023,Solution Architect,Entry,Large,Italy,58868.805
2023,Solution Architect,Entry,Large,Singapore,78552.664
2023,Solution Architect,Entry,Large,Germany,68778.1
2023,Solution Architect,Entry,Large,Finland,47793.89
2023,Solution Architect,Entry,Enterprise,United States,106606.65
2023,Solution Architect,Entry,Enterprise,Australia,88887.234
2023,Solution Architect,Entry,Enterprise,Netherlands,67287.26
2023,Solution Architect,Entry,Enterprise,United Kingdom,87784.055
2023,Solution Architect,Entry,Enterprise,Canada,79513.35
2023,Solution Architect,Entry,Enterprise,Italy,58368.676
2023,Solution Architect,Entry,Enterprise,Singapore,78959.31
2023,Solution Architect,Entry,Enterprise,Germany,69184.75
2023,Solution Architect,Entry,Enterprise,Finland,48200.535
2023,Solution Architect,Mid,Small,United States,142261.3
2023,Solution Architect,Mid,Small,Australia,109219.625
2023,Solution Architect,Mid,Small,Netherlands,85473.625
2023,Solution Architect,Mid,Small,United Kingdom,105708.52
2023,Solution Architect,Mid,Small,Canada,107093.266
2023,Solution Architect,Mid,Small,Italy,80656.05
2023,Solution Architect,Mid,Small,Singapore,95670.97
2023,Solution Architect,Mid,Small,Germany,83992.25
2023,Solution Architect,Mid,Small,Finland,65139.082
2023,Solution Architect,Mid,Medium,United States,145332.88
2023,Solution Architect,Mid,Medium,Australia,115245.15
2023,Solution Architect,Mid,Medium,Netherlands,88335.46
2023,Solution Architect,Mid,Medium,United Kingdom,109522.19
2023,Solution Architect,Mid,Medium,Canada,117323.02
2023,Solution Architect,Mid,Medium,Italy,84469.71
2023,Solution Architect,Mid,Medium,Singapore,99393.43
2023,Solution Architect,Mid,Medium,Germany,91894.06
2023,Solution Architect,Mid,Medium,Finland,68952.76
2023,Solution Architect,Mid,Large,United States,138345.67
2023,Solution Architect,Mid,Large,Australia,105327.81
2023,Solution Architect,Mid,Large,Netherlands,82373.75
2023,Solution Architect,Mid,Large,United Kingdom,108231.13
2023,Solution Architect,Mid,Large,Canada,104856.19
2023,Solution Architect,Mid,Large,Italy,78418.97
2023,Solution Architect,Mid,Large,Singapore,93433.89
2023,Solution Architect,Mid,Large,Germany,85093.055
2023,Solution Architect,Mid,Large,Finland,62902.0
2023,Solution Architect,Mid,Enterprise,United States,143288.92
2023,Solution Architect,Mid,Enterprise,Australia,111374.03
2023,Solution Architect,Mid,Enterprise,Netherlands,86765.234
2023,Solution Architect,Mid,Enterprise,United Kingdom,107862.93
2023,Solution Architect,Mid,Enterprise,Canada,109247.67
2023,Solution Architect,Mid,Enterprise,Italy,82810.45
2023,Solution Architect,Mid,Enterprise,Singapore,97825.375
2023,Solution Architect,Mid,Enterprise,Germany,89484.54
2023,Solution Architect,Mid,Enterprise,Finland,67293.5
2023,Solution Architect,Senior,Small,United States,177271.75
2023,Solution Architect,Senior,Small,Australia,142119.02
2023,Solution Architect,Senior,Small,Netherlands,119435.02
2023,Solution Architect,Senior,Small,United Kingdom,143328.03
2023,Solution Architect,Senior,Small,Canada,140485.66
2023,Solution Architect,Senior,Small,Italy,109004.516
2023,Solution Architect,Senior,Small,Singapore,136828.67
2023,Solution Architect,Senior,Small,Germany,117491.81
2023,Solution Architect,Senior,Small,Finland,98329.516
2023,Solution Architect,Senior,Medium,United States,182772.62
2023,Solution Architect,Senior,Medium,Australia,147932.12
2023,Solution Architect,Senior,Medium,Netherlands,122750.625
2023,Solution Architect,Senior,Medium,United Kingdom,147595.5
2023,Solution Architect,Senior,Medium,Canada,150540.17
2023,Solution Architect,Senior,Medium,Italy,113271.945
2023,Solution Architect,Senior,Medium,Singapore,141096.16
2023,Solution Architect,Senior,Medium,Germany,126203.55
2023,Solution Architect,Senior,Medium,Finland,102596.945
2023,Solution Architect,Senior,Large,United States,181671.64
2023,Solution Architect,Senior,Large,Australia,144401.42
2023,Solution Architect,Senior,Large,Netherlands,122683.27
2023,Solution Architect,Senior,Large,United Kingdom,150104.92
2023,Solution Architect,Senior,Large,Canada,144596.73
2023,Solution Architect,Senior,Large,Italy,114022.34
2023,Solution Architect,Senior,Large,Singapore,140939.75
2023,Solution Architect,Senior,Large,Germany,124940.74
2023,Solution Architect,Senior,Large,Finland,102440.56
2023,Solution Architect,Senior,Enterprise,United States,180346.28
2023,Solution Architect,Senior,Enterprise,Australia,145193.55
2023,Solution Architect,Senior,Enterprise,Netherlands,121646.73
2023,Solution Architect,Senior,Enterprise,United Kingdom,146402.56
2023,Solution Architect,Senior,Enterprise,Canada,143560.19
2023,Solution Architect,Senior,Enterprise,Italy,112079.016
2023,Solution Architect,Senior,Enterprise,Singapore,139903.2
2023,Solution Architect,Senior,Enterprise,Germany,123904.195
2023,Solution Architect,Senior,Enterprise,Finland,101404.016
2023,Solution Architect,Lead,Small,United States,193524.31
2023,Solution Architect,Lead,Small,Australia,170294.62
2023,Solution Architect,Lead,Small,Netherlands,148465.77
2023,Solution Architect,Lead,Small,United Kingdom,169204.69
2023,Solution Architect,Lead,Small,Canada,155346.81
2023,Solution Architect,Lead,Small,Italy,140289.42
2023,Solution Architect,Lead,Small,Singapore,170263.2
2023,Solution Architect,Lead,Small,Germany,146057.28
2023,Solution Architect,Lead,Small,Finland,125626.48
2023,Solution Architect,Lead,Medium,United States,194908.05
2023,Solution Architect,Lead,Medium,Australia,174988.84
2023,Solution Architect,Lead,Medium,Netherlands,150861.3
2023,Solution Architect,Lead,Medium,United Kingdom,172552.06
2023,Solution Architect,Lead,Medium,Canada,163316.53
2023,Solution Architect,Lead,Medium,Italy,143636.8
2023,Solution Architect,Lead,Medium,Singapore,173610.58
2023,Solution Architect,Lead,Medium,Germany,153616.92
2023,Solution Architect,Lead,Medium,Finland,128973.81
2023,Solution Architect,Lead,Large,United States,193107.62
2023,Solution Architect,Lead,Large,Australia,170213.73
2023,Solution Architect,Lead,Large,Netherlands,149350.73
2023,Solution Architect,Lead,Large,United Kingdom,174463.77
2023,Solution Architect,Lead,Large,Canada,157094.6
2023,Solution Architect,Lead,Large,Italy,142944.0
2023,Solution Architect,Lead,Large,Singapore,172010.98
2023,Solution Architect,Lead,Large,Germany,151142.94
2023,Solution Architect,Lead,Large,Finland,127374.23
2023,Solution Architect,Lead,Enterprise,United States,194037.39
2023,Solution Architect,Lead,Enterprise,Australia,172449.06
2023,Solution Architect,Lead,Enterprise,Netherlands,149757.39
2023,Solution Architect,Lead,Enterprise,United Kingdom,171359.12
2023,Solution Architect,Lead,Enterprise,Canada,157501.25
2023,Solution Architect,Lead,Enterprise,Italy,142443.86
2023,Solution Architect,Lead,Enterprise,Singapore,172417.64
2023,Solution Architect,Lead,Enterprise,Germany,151549.6
2023,Solution Architect,Lead,Enterprise,Finland,127780.86
2023,Software Architect,Entry,Small,United States,141985.34
2023,Software Architect,Entry,Small,Australia,118432.98
2023,Software Architect,Entry,Small,Netherlands,100521.234
2023,Software Architect,Entry,Small,United Kingdom,102623.0
2023,Software Architect,Entry,Small,Canada,111255.62
2023,Software Architect,Entry,Small,Italy,90739.87
2023,Software Architect,Entry,Small,Singapore,111223.016
2023,Software Architect,Entry,Small,Germany,98218.055
2023,Software Architect,Entry,Small,Finland,80571.78
2023,Software Architect,Entry,Medium,United States,149413.02
2023,Software Architect,Entry,Medium,Australia,128061.22
2023,Software Architect,Entry,Medium,Netherlands,108038.555
2023,Software Architect,Entry,Medium,United Kingdom,111092.15
2023,Software Architect,Entry,Medium,Canada,124587.93
2023,Software Architect,Entry,Medium,Italy,99209.016
2023,Software Architect,Entry,Medium,Singapore,119145.586
2023,Software Architect,Entry,Medium,Germany,110775.336
2023,Software Architect,Entry,Medium,Finland,89040.93
2023,Software Architect,Entry,Large,United States,131377.4
2023,Software Architect,Entry,Large,Australia,107296.99
2023,Software Architect,Entry,Large,Netherlands,90177.195
2023,Software Architect,Entry,Large,United Kingdom,96653.07
2023,Software Architect,Entry,Large,Canada,102002.39
2023,Software Architect,Entry,Large,Italy,82165.42
2023,Software Architect,Entry,Large,Singapore,101741.77
2023,Software Architect,Entry,Large,Germany,92074.695
2023,Software Architect,Entry,Large,Finland,71090.54
2023,Software Architect,Entry,Enterprise,United States,143012.97
2023,Software Architect,Entry,Enterprise,Australia,120587.38
2023,Software Architect,Entry,Enterprise,Netherlands,101812.84
2023,Software Architect,Entry,Enterprise,United Kingdom,104777.41
2023,Software Architect,Entry,Enterprise,Canada,113410.03
2023,Software Architect,Entry,Enterprise,Italy,92894.27
2023,Software Architect,Entry,Enterprise,Singapore,113377.42
2023,Software Architect,Entry,Enterprise,Germany,103710.336
2023,Software Architect,Entry,Enterprise,Finland,82726.19
2023,Software Architect,Mid,Small,United States,174668.4
2023,Software Architect,Mid,Small,Australia,140181.42
2023,Software Architect,Mid,Small,Netherlands,119459.8
2023,Software Architect,Mid,Small,United Kingdom,123937.86
2023,Software Architect,Mid,Small,Canada,136499.34
2023,Software Architect,Mid,Small,Italy,114642.21
2023,Software Architect,Mid,Small,Singapore,129549.63
2023,Software Architect,Mid,Small,Germany,117848.664
2023,Software Architect,Mid,Small,Finland,99125.266
2023,Software Architect,Mid,Medium,United States,182916.06
2023,Software Architect,Mid,Medium,Australia,151195.31
2023,Software Architect,Mid,Medium,Netherlands,127497.71
2023,Software Architect,Mid,Medium,United Kingdom,132927.56
2023,Software Architect,Mid,Medium,Canada,151905.27
2023,Software Architect,Mid,Medium,Italy,123631.97
2023,Software Architect,Mid,Medium,Singapore,138448.12
2023,Software Architect,Mid,Medium,Germany,130926.555
2023,Software Architect,Mid,Medium,Finland,108115.01
2023,Software Architect,Mid,Large,United States,164060.39
2023,Software Architect,Mid,Large,Australia,129045.59
2023,Software Architect,Mid,Large,Netherlands,109115.75
2023,Software Architect,Mid,Large,United Kingdom,117967.92
2023,Software Architect,Mid,Large,Canada,127246.195
2023,Software Architect,Mid,Large,Italy,105160.984
2023,Software Architect,Mid,Large,Singapore,120068.4
2023,Software Architect,Mid,Large,Germany,111705.31
2023,Software Architect,Mid,Large,Finland,89644.016
2023,Software Architect,Mid,Enterprise,United States,175696.03
2023,Software Architect,Mid,Enterprise,Australia,142335.86
2023,Software Architect,Mid,Enterprise,Netherlands,120751.41
2023,Software Architect,Mid,Enterprise,United Kingdom,126092.266
2023,Software Architect,Mid,Enterprise,Canada,138653.78
2023,Software Architect,Mid,Enterprise,Italy,116796.62
2023,Software Architect,Mid,Enterprise,Singapore,131704.02
2023,Software Architect,Mid,Enterprise,Germany,123340.945
2023,Software Architect,Mid,Enterprise,Finland,101279.67
2023,Software Architect,Senior,Small,United States,203889.64
2023,Software Architect,Senior,Small,Australia,163406.33
2023,Software Architect,Senior,Small,Netherlands,143685.75
2023,Software Architect,Senior,Small,United Kingdom,150022.52
2023,Software Architect,Senior,Small,Canada,166614.81
2023,Software Architect,Senior,Small,Italy,133255.23
2023,Software Architect,Senior,Small,Singapore,161246.83
2023,Software Architect,Senior,Small,Germany,143473.89
2023,Software Architect,Senior,Small,Finland,122580.39
2023,Software Architect,Senior,Medium,United States,214566.6
2023,Software Architect,Senior,Medium,Australia,174008.97
2023,Software Architect,Senior,Medium,Netherlands,152177.45
2023,Software Architect,Senior,Medium,United Kingdom,159466.06
2023,Software Architect,Senior,Medium,Canada,181845.4
2023,Software Architect,Senior,Medium,Italy,142698.78
2023,Software Architect,Senior,Medium,Singapore,170690.38
2023,Software Architect,Senior,Medium,Germany,157361.72
2023,Software Architect,Senior,Medium,Finland,132023.97
2023,Software Architect,Senior,Large,United States,195780.45
2023,Software Architect,Senior,Large,Australia,153016.53
2023,Software Architect,Senior,Large,Netherlands,134261.8
2023,Software Architect,Senior,Large,United Kingdom,144127.17
2023,Software Architect,Senior,Large,Canada,158281.72
2023,Software Architect,Senior,Large,Italy,125600.99
2023,Software Architect,Senior,Large,Singapore,152685.7
2023,Software Architect,Senior,Large,Germany,138250.6
2023,Software Architect,Senior,Large,Finland,114019.25
2023,Software Architect,Senior,Enterprise,United States,206964.17
2023,Software Architect,Senior,Enterprise,Australia,166480.86
2023,Software Architect,Senior,Enterprise,Netherlands,145897.47
2023,Software Architect,Senior,Enterprise,United Kingdom,153097.05
2023,Software Architect,Senior,Enterprise,Canada,169689.34
2023,Software Architect,Senior,Enterprise,Italy,136329.77
2023,Software Architect,Senior,Enterprise,Singapore,164321.36
2023,Software Architect,Senior,Enterprise,Germany,149886.3
2023,Software Architect,Senior,Enterprise,Finland,125654.89
2023,Software Architect,Lead,Small,United States,228342.31
2023,Software Architect,Lead,Small,Australia,200674.31
2023,Software Architect,Lead,Small,Netherlands,181869.69
2023,Software Architect,Lead,Small,United Kingdom,185081.62
2023,Software Architect,Lead,Small,Canada,188121.83
2023,Software Architect,Lead,Small,Italy,173693.34
2023,Software Architect,Lead,Small,Singapore,203834.36
2023,Software Architect,Lead,Small,Germany,179461.2
2023,Software Architect,Lead,Small,Finland,159030.28
2023,Software Architect,Lead,Medium,United States,234902.12
2023,Software Architect,Lead,Medium,Australia,210356.86
2023,Software Architect,Lead,Medium,Netherlands,189441.3
2023,Software Architect,Lead,Medium,United Kingdom,193605.08
2023,Software Architect,Lead,Medium,Canada,201267.62
2023,Software Architect,Lead,Medium,Italy,182216.8
2023,Software Architect,Lead,Medium,Singapore,212357.81
2023,Software Architect,Lead,Medium,Germany,192196.92
2023,Software Architect,Lead,Medium,Finland,167553.73
2023,Software Architect,Lead,Large,United States,216859.75
2023,Software Architect,Lead,Large,Australia,189364.44
2023,Software Architect,Lead,Large,Netherlands,171525.67
2023,Software Architect,Lead,Large,United Kingdom,179111.72
2023,Software Architect,Lead,Large,Canada,178868.64
2023,Software Architect,Lead,Large,Italy,165118.94
2023,Software Architect,Lead,Large,Singapore,194353.16
2023,Software Architect,Lead,Large,Germany,173317.88
2023,Software Architect,Lead,Large,Finland,149549.08
2023,Software Architect,Lead,Enterprise,United States,228855.39
2023,Software Architect,Lead,Enterprise,Australia,202828.75
2023,Software Architect,Lead,Enterprise,Netherlands,183161.31
2023,Software Architect,Lead,Enterprise,United Kingdom,187236.06
2023,Software Architect,Lead,Enterprise,Canada,190276.27
2023,Software Architect,Lead,Enterprise,Italy,175847.78
2023,Software Architect,Lead,Enterprise,Singapore,205988.8
2023,Software Architect,Lead,Enterprise,Germany,184953.52
2023,Software Architect,Lead,Enterprise,Finland,161184.72
2023,Database Engineer,Entry,Small,United States,93478.06
2023,Database Engineer,Entry,Small,Australia,72458.695
2023,Database Engineer,Entry,Small,Netherlands,52742.316
2023,Database Engineer,Entry,Small,United Kingdom,54443.375
2023,Database Engineer,Entry,Small,Canada,67621.95
2023,Database Engineer,Entry,Small,Italy,42961.01
2023,Database Engineer,Entry,Small,Singapore,63499.055
2023,Database Engineer,Entry,Small,Germany,50439.164
2023,Database Engineer,Entry,Small,Finland,33416.992
2023,Database Engineer,Entry,Medium,United States,94968.58
2023,Database Engineer,Entry,Medium,Australia,76536.375
2023,Database Engineer,Entry,Medium,Netherlands,54322.51
2023,Database Engineer,Entry,Medium,United Kingdom,56975.402
2023,Database Engineer,Entry,Medium,Canada,75017.15
2023,Database Engineer,Entry,Medium,Italy,45493.03
2023,Database Engineer,Entry,Medium,Singapore,65484.56
2023,Database Engineer,Entry,Medium,Germany,57059.33
2023,Database Engineer,Entry,Medium,Finland,35949.01
2023,Database Engineer,Entry,Large,United States,94261.58
2023,Database Engineer,Entry,Large,Australia,72714.27
2023,Database Engineer,Entry,Large,Netherlands,53789.836
2023,Database Engineer,Entry,Large,United Kingdom,59864.992
2023,Database Engineer,Entry,Large,Canada,69532.266
2023,Database Engineer,Entry,Large,Italy,45778.113
2023,Database Engineer,Entry,Large,Singapore,65409.41
2023,Database Engineer,Entry,Large,Germany,55687.363
2023,Database Engineer,Entry,Large,Finland,35327.31
2023,Database Engineer,Entry,Enterprise,United States,94505.67
2023,Database Engineer,Entry,Enterprise,Australia,74613.1
2023,Database Engineer,Entry,Enterprise,Netherlands,54033.926
2023,Database Engineer,Entry,Enterprise,United Kingdom,56597.78
2023,Database Engineer,Entry,Enterprise,Canada,69776.36
2023,Database Engineer,Entry,Enterprise,Italy,45115.418
2023,Database Engineer,Entry,Enterprise,Singapore,65653.5
2023,Database Engineer,Entry,Enterprise,Germany,55931.453
2023,Database Engineer,Entry,Enterprise,Finland,35571.4
2023,Database Engineer,Mid,Small,United States,118588.63
2023,Database Engineer,Mid,Small,Australia,88734.78
2023,Database Engineer,Mid,Small,Netherlands,66009.71
2023,Database Engineer,Mid,Small,United Kingdom,71115.32
2023,Database Engineer,Mid,Small,Canada,87194.46
2023,Database Engineer,Mid,Small,Italy,61192.098
2023,Database Engineer,Mid,Small,Singapore,76154.445
2023,Database Engineer,Mid,Small,Germany,64528.3
2023,Database Engineer,Mid,Small,Finland,46299.2
2023,Database Engineer,Mid,Medium,United States,120899.164
2023,Database Engineer,Mid,Medium,Australia,93999.27
2023,Database Engineer,Mid,Medium,Netherlands,68110.516
2023,Database Engineer,Mid,Medium,United Kingdom,74167.95
2023,Database Engineer,Mid,Medium,Canada,96663.19
2023,Database Engineer,Mid,Medium,Italy,64244.77
2023,Database Engineer,Mid,Medium,Singapore,79115.875
2023,Database Engineer,Mid,Medium,Germany,71669.12
2023,Database Engineer,Mid,Medium,Finland,49351.81
2023,Database Engineer,Mid,Large,United States,119372.15
2023,Database Engineer,Mid,Large,Australia,88990.36
2023,Database Engineer,Mid,Large,Netherlands,67057.23
2023,Database Engineer,Mid,Large,United Kingdom,76536.94
2023,Database Engineer,Mid,Large,Canada,89104.77
2023,Database Engineer,Mid,Large,Italy,63102.402
2023,Database Engineer,Mid,Large,Singapore,78064.76
2023,Database Engineer,Mid,Large,Germany,69776.53
2023,Database Engineer,Mid,Large,Finland,48209.516
2023,Database Engineer,Mid,Enterprise,United States,119616.24
2023,Database Engineer,Mid,Enterprise,Australia,90889.19
2023,Database Engineer,Mid,Enterprise,Netherlands,67301.32
2023,Database Engineer,Mid,Enterprise,United Kingdom,73269.73
2023,Database Engineer,Mid,Enterprise,Canada,89348.87
2023,Database Engineer,Mid,Enterprise,Italy,63346.5
2023,Database Engineer,Mid,Enterprise,Singapore,78308.85
2023,Database Engineer,Mid,Enterprise,Germany,70020.625
2023,Database Engineer,Mid,Enterprise,Finland,48453.605
2023,Database Engineer,Senior,Small,United States,154652.11
2023,Database Engineer,Senior,Small,Australia,116603.12
2023,Database Engineer,Senior,Small,Netherlands,94939.94
2023,Database Engineer,Senior,Small,United Kingdom,100875.92
2023,Database Engineer,Senior,Small,Canada,122014.2
2023,Database Engineer,Senior,Small,Italy,84509.43
2023,Database Engineer,Senior,Small,Singapore,112281.164
2023,Database Engineer,Senior,Small,Germany,94728.06
2023,Database Engineer,Senior,Small,Finland,74458.5
2023,Database Engineer,Senior,Medium,United States,159391.97
2023,Database Engineer,Senior,Medium,Australia,121655.17
2023,Database Engineer,Senior,Medium,Netherlands,97494.51
2023,Database Engineer,Senior,Medium,United Kingdom,104382.32
2023,Database Engineer,Senior,Medium,Canada,131307.53
2023,Database Engineer,Senior,Medium,Italy,88015.83
2023,Database Engineer,Senior,Medium,Singapore,115787.56
2023,Database Engineer,Senior,Medium,Germany,102678.766
2023,Database Engineer,Senior,Medium,Finland,77964.9
2023,Database Engineer,Senior,Large,United States,160339.45
2023,Database Engineer,Senior,Large,Australia,120009.84
2023,Database Engineer,Senior,Large,Netherlands,99312.55
2023,Database Engineer,Senior,Large,United Kingdom,108777.14
2023,Database Engineer,Senior,Large,Canada,127249.62
2023,Database Engineer,Senior,Large,Italy,90651.62
2023,Database Engineer,Senior,Large,Singapore,117516.57
2023,Database Engineer,Senior,Large,Germany,103301.35
2023,Database Engineer,Senior,Large,Finland,79693.91
2023,Database Engineer,Senior,Enterprise,United States,157726.64
2023,Database Engineer,Senior,Enterprise,Australia,119677.62
2023,Database Engineer,Senior,Enterprise,Netherlands,97151.64
2023,Database Engineer,Senior,Enterprise,United Kingdom,103950.42
2023,Database Engineer,Senior,Enterprise,Canada,125088.7
2023,Database Engineer,Senior,Enterprise,Italy,87583.93
2023,Database Engineer,Senior,Enterprise,Singapore,115355.664
2023,Database Engineer,Senior,Enterprise,Germany,101140.445
2023,Database Engineer,Senior,Enterprise,Finland,77533.0
2023,Database Engineer,Lead,Small,United States,178651.73
2023,Database Engineer,Lead,Small,Australia,153715.61
2023,Database Engineer,Lead,Small,Netherlands,132907.69
2023,Database Engineer,Lead,Small,United Kingdom,135718.88
2023,Database Engineer,Lead,Small,Canada,143304.95
2023,Database Engineer,Lead,Small,Italy,124731.43
2023,Database Engineer,Lead,Small,Singapore,154652.53
2023,Database Engineer,Lead,Small,Germany,130499.26
2023,Database Engineer,Lead,Small,Finland,110692.375
2023,Database Engineer,Lead,Medium,United States,179274.45
2023,Database Engineer,Lead,Medium,Australia,157648.81
2023,Database Engineer,Lead,Medium,Netherlands,134542.2
2023,Database Engineer,Lead,Medium,United Kingdom,138305.23
2023,Database Engineer,Lead,Medium,Canada,150513.66
2023,Database Engineer,Lead,Medium,Italy,127317.734
2023,Database Engineer,Lead,Medium,Singapore,157238.89
2023,Database Engineer,Lead,Medium,Germany,137297.83
2023,Database Engineer,Lead,Medium,Finland,113278.68
2023,Database Engineer,Lead,Large,United States,178560.72
2023,Database Engineer,Lead,Large,Australia,153797.28
2023,Database Engineer,Lead,Large,Netherlands,133955.22
2023,Database Engineer,Lead,Large,United Kingdom,141140.52
2023,Database Engineer,Lead,Large,Canada,145215.3
2023,Database Engineer,Lead,Large,Italy,127548.51
2023,Database Engineer,Lead,Large,Singapore,156562.88
2023,Database Engineer,Lead,Large,Germany,135747.42
2023,Database Engineer,Lead,Large,Finland,112602.69
2023,Database Engineer,Lead,Enterprise,United States,179164.81
2023,Database Engineer,Lead,Enterprise,Australia,155870.05
2023,Database Engineer,Lead,Enterprise,Netherlands,134199.31
2023,Database Engineer,Lead,Enterprise,United Kingdom,137873.31
2023,Database Engineer,Lead,Enterprise,Canada,145459.39
2023,Database Engineer,Lead,Enterprise,Italy,126885.82
2023,Database Engineer,Lead,Enterprise,Singapore,156806.97
2023,Database Engineer,Lead,Enterprise,Germany,135991.52
2023,Database Engineer,Lead,Enterprise,Finland,112846.78
2023,Data Scientist,Entry,Small,United States,110534.414
2023,Data Scientist,Entry,Small,Australia,89087.11
2023,Data Scientist,Entry,Small,Netherlands,65683.14
2023,Data Scientist,Entry,Small,United Kingdom,71461.73
2023,Data Scientist,Entry,Small,Canada,85000.91
2023,Data Scientist,Entry,Small,Italy,62482.645
2023,Data Scientist,Entry,Small,Singapore,81216.555
2023,Data Scientist,Entry,Small,Germany,68291.5
2023,Data Scientist,Entry,Small,Finland,47865.37
2023,Data Scientist,Entry,Medium,United States,112576.94
2023,Data Scientist,Entry,Medium,Australia,93716.8
2023,Data Scientist,Entry,Medium,Netherlands,67815.34
2023,Data Scientist,Entry,Medium,United Kingdom,74545.76
2023,Data Scientist,Entry,Medium,Canada,95113.016
2023,Data Scientist,Entry,Medium,Italy,65566.7
2023,Data Scientist,Entry,Medium,Singapore,83754.02
2023,Data Scientist,Entry,Medium,Germany,72060.38
2023,Data Scientist,Entry,Medium,Finland,50949.4
2023,Data Scientist,Entry,Large,United States,111665.414
2023,Data Scientist,Entry,Large,Australia,89690.17
2023,Data Scientist,Entry,Large,Netherlands,67078.14
2023,Data Scientist,Entry,Large,United Kingdom,77230.83
2023,Data Scientist,Entry,Large,Canada,87258.7
2023,Data Scientist,Entry,Large,Italy,64740.46
2023,Data Scientist,Entry,Large,Singapore,83474.35
2023,Data Scientist,Entry,Large,Germany,70888.4
2023,Data Scientist,Entry,Large,Finland,50123.168
2023,Data Scientist,Entry,Enterprise,United States,111665.414
2023,Data Scientist,Entry,Enterprise,Australia,91344.91
2023,Data Scientist,Entry,Enterprise,Netherlands,67078.14
2023,Data Scientist,Entry,Enterprise,United Kingdom,73719.52
2023,Data Scientist,Entry,Enterprise,Canada,87258.7
2023,Data Scientist,Entry,Enterprise,Italy,64740.46
2023,Data Scientist,Entry,Enterprise,Singapore,83474.35
2023,Data Scientist,Entry,Enterprise,Germany,70888.4
2023,Data Scientist,Entry,Enterprise,Finland,50123.168
2023,Data Scientist,Mid,Small,United States,142976.28
2023,Data Scientist,Mid,Small,Australia,109201.43
2023,Data Scientist,Mid,Small,Netherlands,83866.7
2023,Data Scientist,Mid,Small,United Kingdom,92145.32
2023,Data Scientist,Mid,Small,Canada,107079.51
2023,Data Scientist,Mid,Small,Italy,84317.43
2023,Data Scientist,Mid,Small,Singapore,99071.53
2023,Data Scientist,Mid,Small,Germany,87808.39
2023,Data Scientist,Mid,Small,Finland,63905.523
2023,Data Scientist,Mid,Medium,United States,145838.83
2023,Data Scientist,Mid,Medium,Australia,115017.93
2023,Data Scientist,Mid,Medium,Netherlands,86519.516
2023,Data Scientist,Mid,Medium,United Kingdom,95749.96
2023,Data Scientist,Mid,Medium,Canada,117100.24
2023,Data Scientist,Mid,Medium,Italy,87922.07
2023,Data Scientist,Mid,Medium,Singapore,102584.97
2023,Data Scientist,Mid,Medium,Germany,92097.88
2023,Data Scientist,Mid,Medium,Finland,67510.19
2023,Data Scientist,Mid,Large,United States,144107.3
2023,Data Scientist,Mid,Large,Australia,109804.49
2023,Data Scientist,Mid,Large,Netherlands,85261.7
2023,Data Scientist,Mid,Large,United Kingdom,97914.42
2023,Data Scientist,Mid,Large,Canada,109337.305
2023,Data Scientist,Mid,Large,Italy,84727.27
2023,Data Scientist,Mid,Large,Singapore,101329.33
2023,Data Scientist,Mid,Large,Germany,90405.29
2023,Data Scientist,Mid,Large,Finland,66163.34
2023,Data Scientist,Mid,Enterprise,United States,144107.3
2023,Data Scientist,Mid,Enterprise,Australia,111459.23
2023,Data Scientist,Mid,Enterprise,Netherlands,85261.7
2023,Data Scientist,Mid,Enterprise,United Kingdom,94403.12
2023,Data Scientist,Mid,Enterprise,Canada,109337.305
2023,Data Scientist,Mid,Enterprise,Italy,86575.23
2023,Data Scientist,Mid,Enterprise,Singapore,101329.33
2023,Data Scientist,Mid,Enterprise,Germany,90405.29
2023,Data Scientist,Mid,Enterprise,Finland,66163.34
2023,Data Scientist,Senior,Small,United States,173214.97
2023,Data Scientist,Senior,Small,Australia,135293.23
2023,Data Scientist,Senior,Small,Netherlands,110801.055
2023,Data Scientist,Senior,Small,United Kingdom,119956.03
2023,Data Scientist,Senior,Small,Canada,139862.67
2023,Data Scientist,Senior,Small,Italy,110380.54
2023,Data Scientist,Senior,Small,Singapore,132090.86
2023,Data Scientist,Senior,Small,Germany,114482.24
2023,Data Scientist,Senior,Small,Finland,90968.73
2023,Data Scientist,Senior,Medium,United States,178506.81
2023,Data Scientist,Senior,Medium,Australia,140897.3
2023,Data Scientist,Senior,Medium,Netherlands,113907.63
2023,Data Scientist,Senior,Medium,United Kingdom,124014.44
2023,Data Scientist,Senior,Medium,Canada,149708.16
2023,Data Scientist,Senior,Medium,Italy,114438.945
2023,Data Scientist,Senior,Medium,Singapore,136149.3
2023,Data Scientist,Senior,Medium,Germany,119581.66
2023,Data Scientist,Senior,Medium,Finland,95027.13
2023,Data Scientist,Senior,Large,United States,177603.56
2023,Data Scientist,Senior,Large,Australia,136642.48
2023,Data Scientist,Senior,Large,Netherlands,113116.15
2023,Data Scientist,Senior,Large,United Kingdom,125799.74
2023,Data Scientist,Senior,Large,Canada,143040.6
2023,Data Scientist,Senior,Large,Italy,111710.48
2023,Data Scientist,Senior,Large,Singapore,135268.78
2023,Data Scientist,Senior,Large,Germany,117999.234
2023,Data Scientist,Senior,Large,Finland,94146.62
2023,Data Scientist,Senior,Enterprise,United States,176392.89
2023,Data Scientist,Senior,Enterprise,Australia,138471.16
2023,Data Scientist,Senior,Enterprise,Netherlands,113116.15
2023,Data Scientist,Senior,Enterprise,United Kingdom,123133.92
2023,Data Scientist,Senior,Enterprise,Canada,143040.6
2023,Data Scientist,Senior,Enterprise,Italy,113558.43
2023,Data Scientist,Senior,Enterprise,Singapore,135268.78
2023,Data Scientist,Senior,Enterprise,Germany,117999.234
2023,Data Scientist,Senior,Enterprise,Finland,94146.62
2023,Data Scientist,Lead,Small,United States,196442.81
2023,Data Scientist,Lead,Small,Australia,171058.0
2023,Data Scientist,Lead,Small,Netherlands,146562.36
2023,Data Scientist,Lead,Small,United Kingdom,153179.83
2023,Data Scientist,Lead,Small,Canada,158485.69
2023,Data Scientist,Lead,Small,Italy,145270.45
2023,Data Scientist,Lead,Small,Singapore,172471.6
2023,Data Scientist,Lead,Small,Germany,148781.62
2023,Data Scientist,Lead,Small,Finland,126087.445
2023,Data Scientist,Lead,Medium,United States,197617.52
2023,Data Scientist,Lead,Medium,Australia,175543.19
2023,Data Scientist,Lead,Medium,Netherlands,148748.86
2023,Data Scientist,Lead,Medium,United Kingdom,156318.17
2023,Data Scientist,Lead,Medium,Canada,166246.38
2023,Data Scientist,Lead,Medium,Italy,148408.8
2023,Data Scientist,Lead,Medium,Singapore,175609.94
2023,Data Scientist,Lead,Medium,Germany,152728.94
2023,Data Scientist,Lead,Medium,Finland,129225.805
2023,Data Scientist,Lead,Large,United States,196699.28
2023,Data Scientist,Lead,Large,Australia,171487.16
2023,Data Scientist,Lead,Large,Netherlands,147957.38
2023,Data Scientist,Lead,Large,United Kingdom,158948.95
2023,Data Scientist,Lead,Large,Canada,160743.52
2023,Data Scientist,Lead,Large,Italy,145680.33
2023,Data Scientist,Lead,Large,Singapore,174729.42
2023,Data Scientist,Lead,Large,Germany,151378.55
2023,Data Scientist,Lead,Large,Finland,128345.266
2023,Data Scientist,Lead,Enterprise,United States,197059.28
2023,Data Scientist,Lead,Enterprise,Australia,173315.83
2023,Data Scientist,Lead,Enterprise,Netherlands,147957.38
2023,Data Scientist,Lead,Enterprise,United Kingdom,155437.66
2023,Data Scientist,Lead,Enterprise,Canada,160743.52
2023,Data Scientist,Lead,Enterprise,Italy,147528.28
2023,Data Scientist,Lead,Enterprise,Singapore,174729.42
2023,Data Scientist,Lead,Enterprise,Germany,151378.55
2023,Data Scientist,Lead,Enterprise,Finland,128345.266
2023,Data Engineer,Entry,Small,United States,100599.05
2023,Data Engineer,Entry,Small,Australia,84613.58
2023,Data Engineer,Entry,Small,Netherlands,56310.836
2023,Data Engineer,Entry,Small,United Kingdom,65563.32
2023,Data Engineer,Entry,Small,Canada,71228.19
2023,Data Engineer,Entry,Small,Italy,46932.914
2023,Data Engineer,Entry,Small,Singapore,61890.734
2023,Data Engineer,Entry,Small,Germany,56881.8
2023,Data Engineer,Entry,Small,Finland,43371.656
2023,Data Engineer,Entry,Medium,United States,107965.805
2023,Data Engineer,Entry,Medium,Australia,93999.89
2023,Data Engineer,Entry,Medium,Netherlands,62906.02
2023,Data Engineer,Entry,Medium,United Kingdom,69298.18
2023,Data Engineer,Entry,Medium,Canada,94230.3
2023,Data Engineer,Entry,Medium,Italy,53037.48
2023,Data Engineer,Entry,Medium,Singapore,68891.234
2023,Data Engineer,Entry,Medium,Germany,68517.05
2023,Data Engineer,Entry,Medium,Finland,50918.684
2023,Data Engineer,Entry,Large,United States,109551.88
2023,Data Engineer,Entry,Large,Australia,88330.1
2023,Data Engineer,Entry,Large,Netherlands,61501.46
2023,Data Engineer,Entry,Large,United Kingdom,73075.89
2023,Data Engineer,Entry,Large,Canada,82169.516
2023,Data Engineer,Entry,Large,Italy,53893.12
2023,Data Engineer,Entry,Large,Singapore,67944.21
2023,Data Engineer,Entry,Large,Germany,66273.19
2023,Data Engineer,Entry,Large,Finland,49425.086
2023,Data Engineer,Entry,Enterprise,United States,106168.48
2023,Data Engineer,Entry,Enterprise,Australia,89500.84
2023,Data Engineer,Entry,Enterprise,Netherlands,61017.46
2023,Data Engineer,Entry,Enterprise,United Kingdom,69080.57
2023,Data Engineer,Entry,Enterprise,Canada,81239.94
2023,Data Engineer,Entry,Enterprise,Italy,52502.336
2023,Data Engineer,Entry,Enterprise,Singapore,67460.21
2023,Data Engineer,Entry,Enterprise,Germany,65789.17
2023,Data Engineer,Entry,Enterprise,Finland,48941.086
2023,Data Engineer,Mid,Small,United States,126880.734
2023,Data Engineer,Mid,Small,Australia,98251.19
2023,Data Engineer,Mid,Small,Netherlands,68381.96
2023,Data Engineer,Mid,Small,United Kingdom,82402.516
2023,Data Engineer,Mid,Small,Canada,92677.22
2023,Data Engineer,Mid,Small,Italy,63967.754
2023,Data Engineer,Mid,Small,Singapore,73349.88
2023,Data Engineer,Mid,Small,Germany,71713.8
2023,Data Engineer,Mid,Small,Finland,52567.246
2023,Data Engineer,Mid,Medium,United States,140903.25
2023,Data Engineer,Mid,Medium,Australia,115208.0
2023,Data Engineer,Mid,Medium,Netherlands,81881.445
2023,Data Engineer,Mid,Medium,United Kingdom,90652.95
2023,Data Engineer,Mid,Medium,Canada,126075.234
2023,Data Engineer,Mid,Medium,Italy,76976.66
2023,Data Engineer,Mid,Medium,Singapore,87709.99
2023,Data Engineer,Mid,Medium,Germany,88314.17
2023,Data Engineer,Mid,Medium,Finland,67018.59
2023,Data Engineer,Mid,Large,United States,140064.44
2023,Data Engineer,Mid,Large,Australia,105860.65
2023,Data Engineer,Mid,Large,Netherlands,77803.414
2023,Data Engineer,Mid,Large,United Kingdom,92186.04
2023,Data Engineer,Mid,Large,Canada,107849.375
2023,Data Engineer,Mid,Large,Italy,74252.03
2023,Data Engineer,Mid,Large,Singapore,83634.13
2023,Data Engineer,Mid,Large,Germany,83396.84
2023,Data Engineer,Mid,Large,Finland,62851.508
2023,Data Engineer,Mid,Enterprise,United States,137992.44
2023,Data Engineer,Mid,Enterprise,Australia,108680.7
2023,Data Engineer,Mid,Enterprise,Netherlands,78630.84
2023,Data Engineer,Mid,Enterprise,United Kingdom,89502.164
2023,Data Engineer,Mid,Enterprise,Canada,108231.22
2023,Data Engineer,Mid,Enterprise,Italy,75079.46
2023,Data Engineer,Mid,Enterprise,Singapore,84461.56
2023,Data Engineer,Mid,Enterprise,Germany,84224.27
2023,Data Engineer,Mid,Enterprise,Finland,63678.945
2023,Data Engineer,Senior,Small,United States,154479.92
2023,Data Engineer,Senior,Small,Australia,123916.42
2023,Data Engineer,Senior,Small,Netherlands,91729.74
2023,Data Engineer,Senior,Small,United Kingdom,106787.445
2023,Data Engineer,Senior,Small,Canada,119840.055
2023,Data Engineer,Senior,Small,Italy,81751.19
2023,Data Engineer,Senior,Small,Singapore,98330.12
2023,Data Engineer,Senior,Small,Germany,95735.53
2023,Data Engineer,Senior,Small,Finland,73585.84
2023,Data Engineer,Senior,Medium,United States,168898.0
2023,Data Engineer,Senior,Medium,Australia,139753.72
2023,Data Engineer,Senior,Medium,Netherlands,104776.06
2023,Data Engineer,Senior,Medium,United Kingdom,114266.71
2023,Data Engineer,Senior,Medium,Canada,150217.03
2023,Data Engineer,Senior,Medium,Italy,94306.9
2023,Data Engineer,Senior,Medium,Singapore,112328.266
2023,Data Engineer,Senior,Medium,Germany,112238.9
2023,Data Engineer,Senior,Medium,Finland,87583.99
2023,Data Engineer,Senior,Large,United States,168128.72
2023,Data Engineer,Senior,Large,Australia,131702.84
2023,Data Engineer,Senior,Large,Netherlands,101164.36
2023,Data Engineer,Senior,Large,United Kingdom,115420.64
2023,Data Engineer,Senior,Large,Canada,135025.22
2023,Data Engineer,Senior,Large,Italy,92955.39
2023,Data Engineer,Senior,Large,Singapore,108627.54
2023,Data Engineer,Senior,Large,Germany,107431.74
2023,Data Engineer,Senior,Large,Finland,83883.266
2023,Data Engineer,Senior,Enterprise,United States,165604.8
2023,Data Engineer,Senior,Enterprise,Australia,134358.95
2023,Data Engineer,Senior,Enterprise,Netherlands,101991.79
2023,Data Engineer,Senior,Enterprise,United Kingdom,113582.25
2023,Data Engineer,Senior,Enterprise,Canada,135407.06
2023,Data Engineer,Senior,Enterprise,Italy,92876.03
2023,Data Engineer,Senior,Enterprise,Singapore,109454.96
2023,Data Engineer,Senior,Enterprise,Germany,108259.17
2023,Data Engineer,Senior,Enterprise,Finland,84710.69
2023,Data Engineer,Lead,Small,United States,176026.9
2023,Data Engineer,Lead,Small,Australia,159531.42
2023,Data Engineer,Lead,Small,Netherlands,128937.48
2023,Data Engineer,Lead,Small,United Kingdom,142009.8
2023,Data Engineer,Lead,Small,Canada,139869.8
2023,Data Engineer,Lead,Small,Italy,121164.516
2023,Data Engineer,Lead,Small,Singapore,144256.92
2023,Data Engineer,Lead,Small,Germany,131342.14
2023,Data Engineer,Lead,Small,Finland,110617.9
2023,Data Engineer,Lead,Medium,United States,188361.58
2023,Data Engineer,Lead,Medium,Australia,175156.95
2023,Data Engineer,Lead,Medium,Netherlands,141970.62
2023,Data Engineer,Lead,Medium,United Kingdom,149475.97
2023,Data Engineer,Lead,Medium,Canada,169069.08
2023,Data Engineer,Lead,Medium,Italy,133707.06
2023,Data Engineer,Lead,Medium,Singapore,158241.97
2023,Data Engineer,Lead,Medium,Germany,147600.36
2023,Data Engineer,Lead,Medium,Finland,124602.92
2023,Data Engineer,Lead,Large,United States,188336.06
2023,Data Engineer,Lead,Large,Australia,167304.88
2023,Data Engineer,Lead,Large,Netherlands,138358.89
2023,Data Engineer,Lead,Large,United Kingdom,151475.34
2023,Data Engineer,Lead,Large,Canada,155041.97
2023,Data Engineer,Lead,Large,Italy,132355.53
2023,Data Engineer,Lead,Large,Singapore,154541.2
2023,Data Engineer,Lead,Large,Germany,143025.2
2023,Data Engineer,Lead,Large,Finland,120902.195
2023,Data Engineer,Lead,Enterprise,United States,186624.06
2023,Data Engineer,Lead,Enterprise,Australia,169960.98
2023,Data Engineer,Lead,Enterprise,Netherlands,139186.33
2023,Data Engineer,Lead,Enterprise,United Kingdom,148791.48
2023,Data Engineer,Lead,Enterprise,Canada,155423.81
2023,Data Engineer,Lead,Enterprise,Italy,132276.17
2023,Data Engineer,Lead,Enterprise,Singapore,155368.64
2023,Data Engineer,Lead,Enterprise,Germany,143852.64
2023,Data Engineer,Lead,Enterprise,Finland,121729.62
2023,Data Analyst,Entry,Small,United States,77038.22
2023,Data Analyst,Entry,Small,Australia,77913.4
2023,Data Analyst,Entry,Small,Netherlands,53686.094
2023,Data Analyst,Entry,Small,United Kingdom,57168.15
2023,Data Analyst,Entry,Small,Canada,63178.87
2023,Data Analyst,Entry,Small,Italy,42710.426
2023,Data Analyst,Entry,Small,Singapore,57437.55
2023,Data Analyst,Entry,Small,Germany,51151.496
2023,Data Analyst,Entry,Small,Finland,40286.793
2023,Data Analyst,Entry,Medium,United States,93006.28
2023,Data Analyst,Entry,Medium,Australia,85259.2
2023,Data Analyst,Entry,Medium,Netherlands,57517.0
2023,Data Analyst,Entry,Medium,United Kingdom,63395.77
2023,Data Analyst,Entry,Medium,Canada,72968.82
2023,Data Analyst,Entry,Medium,Italy,47493.152
2023,Data Analyst,Entry,Medium,Singapore,62716.695
2023,Data Analyst,Entry,Medium,Germany,60022.367
2023,Data Analyst,Entry,Medium,Finland,45069.516
2023,Data Analyst,Entry,Large,United States,82003.375
2023,Data Analyst,Entry,Large,Australia,78168.98
2023,Data Analyst,Entry,Large,Netherlands,54733.613
2023,Data Analyst,Entry,Large,United Kingdom,63369.316
2023,Data Analyst,Entry,Large,Canada,65089.188
2023,Data Analyst,Entry,Large,Italy,45527.527
2023,Data Analyst,Entry,Large,Singapore,60452.863
2023,Data Analyst,Entry,Large,Germany,56399.695
2023,Data Analyst,Entry,Large,Finland,42197.11
2023,Data Analyst,Entry,Enterprise,United States,81834.45
2023,Data Analyst,Entry,Enterprise,Australia,80067.805
2023,Data Analyst,Entry,Enterprise,Netherlands,54977.703
2023,Data Analyst,Entry,Enterprise,United Kingdom,59575.09
2023,Data Analyst,Entry,Enterprise,Canada,65333.28
2023,Data Analyst,Entry,Enterprise,Italy,44864.832
2023,Data Analyst,Entry,Enterprise,Singapore,60634.934
2023,Data Analyst,Entry,Enterprise,Germany,56643.785
2023,Data Analyst,Entry,Enterprise,Finland,42441.2
2023,Data Analyst,Mid,Small,United States,86754.49
2023,Data Analyst,Mid,Small,Australia,96926.33
2023,Data Analyst,Mid,Small,Netherlands,65434.055
2023,Data Analyst,Mid,Small,United Kingdom,71738.98
2023,Data Analyst,Mid,Small,Canada,83785.31
2023,Data Analyst,Mid,Small,Italy,60226.04
2023,Data Analyst,Mid,Small,Singapore,68623.07
2023,Data Analyst,Mid,Small,Germany,63631.223
2023,Data Analyst,Mid,Small,Finland,58765.047
2023,Data Analyst,Mid,Medium,United States,105301.99
2023,Data Analyst,Mid,Medium,Australia,103892.516
2023,Data Analyst,Mid,Medium,Netherlands,68219.18
2023,Data Analyst,Mid,Medium,United Kingdom,75475.9
2023,Data Analyst,Mid,Medium,Canada,93692.56
2023,Data Analyst,Mid,Medium,Italy,63962.945
2023,Data Analyst,Mid,Medium,Singapore,73311.78
2023,Data Analyst,Mid,Medium,Germany,71456.36
2023,Data Analyst,Mid,Medium,Finland,62501.95
2023,Data Analyst,Mid,Large,United States,92464.22
2023,Data Analyst,Mid,Large,Australia,97181.91
2023,Data Analyst,Mid,Large,Netherlands,66481.6
2023,Data Analyst,Mid,Large,United Kingdom,77687.625
2023,Data Analyst,Mid,Large,Canada,85695.625
2023,Data Analyst,Mid,Large,Italy,62136.363
2023,Data Analyst,Mid,Large,Singapore,71638.39
2023,Data Analyst,Mid,Large,Germany,68879.484
2023,Data Analyst,Mid,Large,Finland,60675.363
2023,Data Analyst,Mid,Enterprise,United States,91699.74
2023,Data Analyst,Mid,Enterprise,Australia,99080.734
2023,Data Analyst,Mid,Enterprise,Netherlands,66725.695
2023,Data Analyst,Mid,Enterprise,United Kingdom,73893.38
2023,Data Analyst,Mid,Enterprise,Canada,85939.72
2023,Data Analyst,Mid,Enterprise,Italy,62380.453
2023,Data Analyst,Mid,Enterprise,Singapore,71820.47
2023,Data Analyst,Mid,Enterprise,Germany,69123.58
2023,Data Analyst,Mid,Enterprise,Finland,60919.453
2023,Data Analyst,Senior,Small,United States,109825.71
2023,Data Analyst,Senior,Small,Australia,110805.984
2023,Data Analyst,Senior,Small,Netherlands,83881.945
2023,Data Analyst,Senior,Small,United Kingdom,91976.05
2023,Data Analyst,Senior,Small,Canada,104287.984
2023,Data Analyst,Senior,Small,Italy,73061.0
2023,Data Analyst,Senior,Small,Singapore,93952.13
2023,Data Analyst,Senior,Small,Germany,83279.63
2023,Data Analyst,Senior,Small,Finland,76543.46
2023,Data Analyst,Senior,Medium,United States,129342.06
2023,Data Analyst,Senior,Medium,Australia,117215.445
2023,Data Analyst,Senior,Medium,Netherlands,86776.51
2023,Data Analyst,Senior,Medium,United Kingdom,94876.195
2023,Data Analyst,Senior,Medium,Canada,114181.58
2023,Data Analyst,Senior,Medium,Italy,76907.39
2023,Data Analyst,Senior,Medium,Singapore,98841.52
2023,Data Analyst,Senior,Medium,Germany,91570.33
2023,Data Analyst,Senior,Medium,Finland,80389.85
2023,Data Analyst,Senior,Large,United States,118045.75
2023,Data Analyst,Senior,Large,Australia,110860.016
2023,Data Analyst,Senior,Large,Netherlands,84901.85
2023,Data Analyst,Senior,Large,United Kingdom,97051.59
2023,Data Analyst,Senior,Large,Canada,106170.69
2023,Data Analyst,Senior,Large,Italy,75850.484
2023,Data Analyst,Senior,Large,Singapore,96939.84
2023,Data Analyst,Senior,Large,Germany,88500.22
2023,Data Analyst,Senior,Large,Finland,78426.164
2023,Data Analyst,Senior,Enterprise,United States,116087.87
2023,Data Analyst,Senior,Enterprise,Australia,112932.78
2023,Data Analyst,Senior,Enterprise,Netherlands,85145.945
2023,Data Analyst,Senior,Enterprise,United Kingdom,94102.84
2023,Data Analyst,Senior,Enterprise,Canada,106414.78
2023,Data Analyst,Senior,Enterprise,Italy,75187.8
2023,Data Analyst,Senior,Enterprise,Singapore,97121.93
2023,Data Analyst,Senior,Enterprise,Germany,88744.31
2023,Data Analyst,Senior,Enterprise,Finland,78670.26
2023,Data Analyst,Lead,Small,United States,135371.0
2023,Data Analyst,Lead,Small,Australia,134046.12
2023,Data Analyst,Lead,Small,Netherlands,109147.41
2023,Data Analyst,Lead,Small,United Kingdom,114119.21
2023,Data Analyst,Lead,Small,Canada,115567.516
2023,Data Analyst,Lead,Small,Italy,100580.6
2023,Data Analyst,Lead,Small,Singapore,122007.81
2023,Data Analyst,Lead,Small,Germany,106348.48
2023,Data Analyst,Lead,Small,Finland,99780.6
2023,Data Analyst,Lead,Medium,United States,149433.64
2023,Data Analyst,Lead,Medium,Australia,139310.28
2023,Data Analyst,Lead,Medium,Netherlands,111095.44
2023,Data Analyst,Lead,Medium,United Kingdom,116072.83
2023,Data Analyst,Lead,Medium,Canada,122490.22
2023,Data Analyst,Lead,Medium,Italy,103480.46
2023,Data Analyst,Lead,Medium,Singapore,126277.46
2023,Data Analyst,Lead,Medium,Germany,113460.625
2023,Data Analyst,Lead,Medium,Finland,102680.46
2023,Data Analyst,Lead,Large,United States,144814.19
2023,Data Analyst,Lead,Large,Australia,133653.47
2023,Data Analyst,Lead,Large,Netherlands,110194.92
2023,Data Analyst,Lead,Large,United Kingdom,120067.85
2023,Data Analyst,Lead,Large,Canada,117124.086
2023,Data Analyst,Lead,Large,Italy,103397.695
2023,Data Analyst,Lead,Large,Singapore,126127.61
2023,Data Analyst,Lead,Large,Germany,111596.67
2023,Data Analyst,Lead,Large,Finland,101690.914
2023,Data Analyst,Lead,Enterprise,United States,144919.16
2023,Data Analyst,Lead,Enterprise,Australia,136200.56
2023,Data Analyst,Lead,Enterprise,Netherlands,110439.016
2023,Data Analyst,Lead,Enterprise,United Kingdom,116273.62
2023,Data Analyst,Lead,Enterprise,Canada,117368.18
2023,Data Analyst,Lead,Enterprise,Italy,102735.01
2023,Data Analyst,Lead,Enterprise,Singapore,125532.01
2023,Data Analyst,Lead,Enterprise,Germany,111840.766
2023,Data Analyst,Lead,Enterprise,Finland,101935.01
2023,AI Engineer,Entry,Small,United States,112190.87
2023,AI Engineer,Entry,Small,Australia,89357.91
2023,AI Engineer,Entry,Small,Netherlands,69664.46
2023,AI Engineer,Entry,Small,United Kingdom,79094.17
2023,AI Engineer,Entry,Small,Canada,79828.64
2023,AI Engineer,Entry,Small,Italy,59926.965
2023,AI Engineer,Entry,Small,Singapore,79524.016
2023,AI Engineer,Entry,Small,Germany,67405.164
2023,AI Engineer,Entry,Small,Finland,51004.695
2023,AI Engineer,Entry,Medium,United States,114856.234
2023,AI Engineer,Entry,Medium,Australia,94703.805
2023,AI Engineer,Entry,Medium,Netherlands,72512.875
2023,AI Engineer,Entry,Medium,United Kingdom,82894.414
2023,AI Engineer,Entry,Medium,Canada,91107.72
2023,AI Engineer,Entry,Medium,Italy,63727.246
2023,AI Engineer,Entry,Medium,Singapore,83111.51
2023,AI Engineer,Entry,Medium,Germany,74484.19
2023,AI Engineer,Entry,Medium,Finland,54804.95
2023,AI Engineer,Entry,Large,United States,113429.88
2023,AI Engineer,Entry,Large,Australia,90068.984
2023,AI Engineer,Entry,Large,Netherlands,71167.48
2023,AI Engineer,Entry,Large,United Kingdom,84971.29
2023,AI Engineer,Entry,Large,Canada,82194.45
2023,AI Engineer,Entry,Large,Italy,63199.566
2023,AI Engineer,Entry,Large,Singapore,82223.64
2023,AI Engineer,Entry,Large,Germany,73108.86
2023,AI Engineer,Entry,Large,Finland,52855.72
2023,AI Engineer,Entry,Enterprise,United States,113429.88
2023,AI Engineer,Entry,Enterprise,Australia,91723.72
2023,AI Engineer,Entry,Enterprise,Netherlands,71167.48
2023,AI Engineer,Entry,Enterprise,United Kingdom,81459.984
2023,AI Engineer,Entry,Enterprise,Canada,82194.45
2023,AI Engineer,Entry,Enterprise,Italy,62292.78
2023,AI Engineer,Entry,Enterprise,Singapore,82223.64
2023,AI Engineer,Entry,Enterprise,Germany,73108.86
2023,AI Engineer,Entry,Enterprise,Finland,53370.508
2023,AI Engineer,Mid,Small,United States,148057.84
2023,AI Engineer,Mid,Small,Australia,112612.055
2023,AI Engineer,Mid,Small,Netherlands,89909.79
2023,AI Engineer,Mid,Small,United Kingdom,100420.88
2023,AI Engineer,Mid,Small,Canada,111138.516
2023,AI Engineer,Mid,Small,Italy,85136.1
2023,AI Engineer,Mid,Small,Singapore,99157.43
2023,AI Engineer,Mid,Small,Germany,88472.305
2023,AI Engineer,Mid,Small,Finland,74915.58
2023,AI Engineer,Mid,Medium,United States,152337.95
2023,AI Engineer,Mid,Medium,Australia,119144.766
2023,AI Engineer,Mid,Medium,Netherlands,93278.81
2023,AI Engineer,Mid,Medium,United Kingdom,104741.734
2023,AI Engineer,Mid,Medium,Canada,124491.125
2023,AI Engineer,Mid,Medium,Italy,89456.95
2023,AI Engineer,Mid,Medium,Singapore,103720.89
2023,AI Engineer,Mid,Medium,Germany,96071.94
2023,AI Engineer,Mid,Medium,Finland,79236.43
2023,AI Engineer,Mid,Large,United States,149296.88
2023,AI Engineer,Mid,Large,Australia,113323.13
2023,AI Engineer,Mid,Large,Netherlands,91412.805
2023,AI Engineer,Mid,Large,United Kingdom,106298.0
2023,AI Engineer,Mid,Large,Canada,113504.33
2023,AI Engineer,Mid,Large,Italy,87501.914
2023,AI Engineer,Mid,Large,Singapore,101857.055
2023,AI Engineer,Mid,Large,Germany,94176.0
2023,AI Engineer,Mid,Large,Finland,76766.61
2023,AI Engineer,Mid,Enterprise,United States,149296.88
2023,AI Engineer,Mid,Enterprise,Australia,114977.87
2023,AI Engineer,Mid,Enterprise,Netherlands,91412.805
2023,AI Engineer,Mid,Enterprise,United Kingdom,102786.695
2023,AI Engineer,Mid,Enterprise,Canada,113504.33
2023,AI Engineer,Mid,Enterprise,Italy,87501.914
2023,AI Engineer,Mid,Enterprise,Singapore,101857.055
2023,AI Engineer,Mid,Enterprise,Germany,94176.0
2023,AI Engineer,Mid,Enterprise,Finland,77281.39
2023,AI Engineer,Senior,Small,United States,180148.12
2023,AI Engineer,Senior,Small,Australia,137052.39
2023,AI Engineer,Senior,Small,Netherlands,116269.24
2023,AI Engineer,Senior,Small,United Kingdom,127781.914
2023,AI Engineer,Senior,Small,Canada,142530.17
2023,AI Engineer,Senior,Small,Italy,105025.54
2023,AI Engineer,Senior,Small,Singapore,132130.8
2023,AI Engineer,Senior,Small,Germany,115244.17
2023,AI Engineer,Senior,Small,Finland,97957.875
2023,AI Engineer,Senior,Medium,United States,186857.53
2023,AI Engineer,Senior,Medium,Australia,143372.69
2023,AI Engineer,Senior,Medium,Netherlands,120092.03
2023,AI Engineer,Senior,Medium,United Kingdom,132556.47
2023,AI Engineer,Senior,Medium,Canada,155707.53
2023,AI Engineer,Senior,Medium,Italy,109800.16
2023,AI Engineer,Senior,Medium,Singapore,137239.27
2023,AI Engineer,Senior,Medium,Germany,123421.71
2023,AI Engineer,Senior,Medium,Finland,102732.49
2023,AI Engineer,Senior,Large,United States,183885.98
2023,AI Engineer,Senior,Large,Australia,138509.66
2023,AI Engineer,Senior,Large,Netherlands,118692.35
2023,AI Engineer,Senior,Large,United Kingdom,133733.58
2023,AI Engineer,Senior,Large,Canada,145816.11
2023,AI Engineer,Senior,Large,Italy,109218.23
2023,AI Engineer,Senior,Large,Singapore,135750.55
2023,AI Engineer,Senior,Large,Germany,121867.96
2023,AI Engineer,Senior,Large,Finland,100729.0
2023,AI Engineer,Senior,Enterprise,United States,183434.06
2023,AI Engineer,Senior,Enterprise,Australia,140338.33
2023,AI Engineer,Senior,Enterprise,Netherlands,118692.35
2023,AI Engineer,Senior,Enterprise,United Kingdom,131067.76
2023,AI Engineer,Senior,Enterprise,Canada,145816.11
2023,AI Engineer,Senior,Enterprise,Italy,108311.445
2023,AI Engineer,Senior,Enterprise,Singapore,135750.55
2023,AI Engineer,Senior,Enterprise,Germany,121867.96
2023,AI Engineer,Senior,Enterprise,Finland,101243.78
2023,AI Engineer,Lead,Small,United States,202919.05
2023,AI Engineer,Lead,Small,Australia,173160.22
2023,AI Engineer,Lead,Small,Netherlands,152375.1
2023,AI Engineer,Lead,Small,United Kingdom,161620.06
2023,AI Engineer,Lead,Small,Canada,162816.33
2023,AI Engineer,Lead,Small,Italy,144242.64
2023,AI Engineer,Lead,Small,Singapore,173497.53
2023,AI Engineer,Lead,Small,Germany,150010.5
2023,AI Engineer,Lead,Small,Finland,133186.92
2023,AI Engineer,Lead,Medium,United States,205511.31
2023,AI Engineer,Lead,Medium,Australia,178361.62
2023,AI Engineer,Lead,Medium,Netherlands,155277.81
2023,AI Engineer,Lead,Medium,United Kingdom,165474.62
2023,AI Engineer,Lead,Medium,Canada,173908.89
2023,AI Engineer,Lead,Medium,Italy,148097.2
2023,AI Engineer,Lead,Medium,Singapore,177685.92
2023,AI Engineer,Lead,Medium,Germany,157267.97
2023,AI Engineer,Lead,Medium,Finland,137041.48
2023,AI Engineer,Lead,Large,United States,203283.53
2023,AI Engineer,Lead,Large,Australia,173697.39
2023,AI Engineer,Lead,Large,Netherlands,153878.12
2023,AI Engineer,Lead,Large,United Kingdom,167497.2
2023,AI Engineer,Lead,Large,Canada,165182.17
2023,AI Engineer,Lead,Large,Italy,147515.28
2023,AI Engineer,Lead,Large,Singapore,176197.2
2023,AI Engineer,Lead,Large,Germany,155714.22
2023,AI Engineer,Lead,Large,Finland,135037.98
2023,AI Engineer,Lead,Enterprise,United States,203643.53
2023,AI Engineer,Lead,Enterprise,Australia,175526.06
2023,AI Engineer,Lead,Enterprise,Netherlands,153878.12
2023,AI Engineer,Lead,Enterprise,United Kingdom,163985.9
2023,AI Engineer,Lead,Enterprise,Canada,165182.17
2023,AI Engineer,Lead,Enterprise,Italy,146608.48
2023,AI Engineer,Lead,Enterprise,Singapore,176197.2
2023,AI Engineer,Lead,Enterprise,Germany,155714.22
2023,AI Engineer,Lead,Enterprise,Finland,135552.77
2023,Quantitative Analyst,Entry,Small,United States,101495.51
2023,Quantitative Analyst,Entry,Small,Australia,146517.72
2023,Quantitative Analyst,Entry,Small,Netherlands,127186.766
2023,Quantitative Analyst,Entry,Small,United Kingdom,131423.39
2023,Quantitative Analyst,Entry,Small,Canada,95797.26
2023,Quantitative Analyst,Entry,Small,Italy,118192.48
2023,Quantitative Analyst,Entry,Small,Singapore,138279.42
2023,Quantitative Analyst,Entry,Small,Germany,124883.586
2023,Quantitative Analyst,Entry,Small,Finland,108319.2
2023,Quantitative Analyst,Entry,Medium,United States,103747.055
2023,Quantitative Analyst,Entry,Medium,Australia,151356.44
2023,Quantitative Analyst,Entry,Medium,Netherlands,129527.99
2023,Quantitative Analyst,Entry,Medium,United Kingdom,134716.4
2023,Quantitative Analyst,Entry,Medium,Canada,103953.484
2023,Quantitative Analyst,Entry,Medium,Italy,121485.53
2023,Quantitative Analyst,Entry,Medium,Singapore,141025.95
2023,Quantitative Analyst,Entry,Medium,Germany,132264.78
2023,Quantitative Analyst,Entry,Medium,Finland,111612.26
2023,Quantitative Analyst,Entry,Large,United States,106829.21
2023,Quantitative Analyst,Entry,Large,Australia,149020.11
2023,Quantitative Analyst,Entry,Large,Netherlands,130481.07
2023,Quantitative Analyst,Entry,Large,United Kingdom,139091.77
2023,Quantitative Analyst,Entry,Large,Canada,99954.36
2023,Quantitative Analyst,Entry,Large,Italy,123256.36
2023,Quantitative Analyst,Entry,Large,Singapore,142436.55
2023,Quantitative Analyst,Entry,Large,Germany,132378.56
2023,Quantitative Analyst,Entry,Large,Finland,112476.305
2023,Quantitative Analyst,Entry,Enterprise,United States,102523.12
2023,Quantitative Analyst,Entry,Enterprise,Australia,148672.16
2023,Quantitative Analyst,Entry,Enterprise,Netherlands,128478.375
2023,Quantitative Analyst,Entry,Enterprise,United Kingdom,133577.77
2023,Quantitative Analyst,Entry,Enterprise,Canada,97951.664
2023,Quantitative Analyst,Entry,Enterprise,Italy,120346.88
2023,Quantitative Analyst,Entry,Enterprise,Singapore,140433.86
2023,Quantitative Analyst,Entry,Enterprise,Germany,130375.875
2023,Quantitative Analyst,Entry,Enterprise,Finland,110473.61
2023,Quantitative Analyst,Mid,Small,United States,131462.36
2023,Quantitative Analyst,Mid,Small,Australia,90918.6
2023,Quantitative Analyst,Mid,Small,Netherlands,67683.57
2023,Quantitative Analyst,Mid,Small,United Kingdom,71785.21
2023,Quantitative Analyst,Mid,Small,Canada,88810.27
2023,Quantitative Analyst,Mid,Small,Italy,63653.05
2023,Quantitative Analyst,Mid,Small,Singapore,81087.42
2023,Quantitative Analyst,Mid,Small,Germany,66202.2
2023,Quantitative Analyst,Mid,Small,Finland,48430.87
2023,Quantitative Analyst,Mid,Medium,United States,132390.17
2023,Quantitative Analyst,Mid,Medium,Australia,94800.33
2023,Quantitative Analyst,Mid,Medium,Netherlands,68401.625
2023,Quantitative Analyst,Mid,Medium,United Kingdom,73455.08
2023,Quantitative Analyst,Mid,Medium,Canada,96896.25
2023,Quantitative Analyst,Mid,Medium,Italy,65322.94
2023,Quantitative Analyst,Mid,Medium,Singapore,82666.09
2023,Quantitative Analyst,Mid,Medium,Germany,71960.22
2023,Quantitative Analyst,Mid,Medium,Finland,50100.742
2023,Quantitative Analyst,Mid,Large,United States,142054.36
2023,Quantitative Analyst,Mid,Large,Australia,96960.84
2023,Quantitative Analyst,Mid,Large,Netherlands,74517.75
2023,Quantitative Analyst,Mid,Large,United Kingdom,82993.49
2023,Quantitative Analyst,Mid,Large,Canada,96507.25
2023,Quantitative Analyst,Mid,Large,Italy,71350.05
2023,Quantitative Analyst,Mid,Large,Singapore,88784.41
2023,Quantitative Analyst,Mid,Large,Germany,77237.06
2023,Quantitative Analyst,Mid,Large,Finland,56127.906
2023,Quantitative Analyst,Mid,Enterprise,United States,132490.0
2023,Quantitative Analyst,Mid,Enterprise,Australia,93073.01
2023,Quantitative Analyst,Mid,Enterprise,Netherlands,68975.18
2023,Quantitative Analyst,Mid,Enterprise,United Kingdom,73939.62
2023,Quantitative Analyst,Mid,Enterprise,Canada,90964.68
2023,Quantitative Analyst,Mid,Enterprise,Italy,65807.48
2023,Quantitative Analyst,Mid,Enterprise,Singapore,83241.83
2023,Quantitative Analyst,Mid,Enterprise,Germany,71694.49
2023,Quantitative Analyst,Mid,Enterprise,Finland,50585.277
2023,Quantitative Analyst,Senior,Small,United States,132482.17
2023,Quantitative Analyst,Senior,Small,Australia,96406.67
2023,Quantitative Analyst,Senior,Small,Netherlands,74233.516
2023,Quantitative Analyst,Senior,Small,United Kingdom,86357.1
2023,Quantitative Analyst,Senior,Small,Canada,98182.336
2023,Quantitative Analyst,Senior,Small,Italy,67531.15
2023,Quantitative Analyst,Senior,Small,Singapore,98925.88
2023,Quantitative Analyst,Senior,Small,Germany,74021.66
2023,Quantitative Analyst,Senior,Small,Finland,54209.86
2023,Quantitative Analyst,Senior,Medium,United States,137983.05
2023,Quantitative Analyst,Senior,Medium,Australia,102219.74
2023,Quantitative Analyst,Senior,Medium,Netherlands,77549.12
2023,Quantitative Analyst,Senior,Medium,United Kingdom,90624.53
2023,Quantitative Analyst,Senior,Medium,Canada,108236.86
2023,Quantitative Analyst,Senior,Medium,Italy,71798.58
2023,Quantitative Analyst,Senior,Medium,Singapore,103193.305
2023,Quantitative Analyst,Senior,Medium,Germany,82733.39
2023,Quantitative Analyst,Senior,Medium,Finland,58477.27
2023,Quantitative Analyst,Senior,Large,United States,138192.3
2023,Quantitative Analyst,Senior,Large,Australia,97408.41
2023,Quantitative Analyst,Senior,Large,Netherlands,76201.125
2023,Quantitative Analyst,Senior,Large,United Kingdom,91853.33
2023,Quantitative Analyst,Senior,Large,Canada,101012.74
2023,Quantitative Analyst,Senior,Large,Italy,71268.336
2023,Quantitative Analyst,Senior,Large,Singapore,101756.29
2023,Quantitative Analyst,Senior,Large,Germany,80189.945
2023,Quantitative Analyst,Senior,Large,Finland,57040.254
2023,Quantitative Analyst,Senior,Enterprise,United States,135556.7
2023,Quantitative Analyst,Senior,Enterprise,Australia,99481.17
2023,Quantitative Analyst,Senior,Enterprise,Netherlands,76445.22
2023,Quantitative Analyst,Senior,Enterprise,United Kingdom,89431.6
2023,Quantitative Analyst,Senior,Enterprise,Canada,101256.836
2023,Quantitative Analyst,Senior,Enterprise,Italy,70605.65
2023,Quantitative Analyst,Senior,Enterprise,Singapore,102000.38
2023,Quantitative Analyst,Senior,Enterprise,Germany,80434.04
2023,Quantitative Analyst,Senior,Enterprise,Finland,57284.348
2023,Quantitative Analyst,Lead,Small,United States,177866.25
2023,Quantitative Analyst,Lead,Small,Australia,149086.31
2023,Quantitative Analyst,Lead,Small,Netherlands,127768.555
2023,Quantitative Analyst,Lead,Small,United Kingdom,133574.89
2023,Quantitative Analyst,Lead,Small,Canada,138079.62
2023,Quantitative Analyst,Lead,Small,Italy,121021.37
2023,Quantitative Analyst,Lead,Small,Singapore,155448.88
2023,Quantitative Analyst,Lead,Small,Germany,125360.03
2023,Quantitative Analyst,Lead,Small,Finland,106010.98
2023,Quantitative Analyst,Lead,Medium,United States,179249.98
2023,Quantitative Analyst,Lead,Medium,Australia,153780.53
2023,Quantitative Analyst,Lead,Medium,Netherlands,130164.05
2023,Quantitative Analyst,Lead,Medium,United Kingdom,136922.27
2023,Quantitative Analyst,Lead,Medium,Canada,146049.34
2023,Quantitative Analyst,Lead,Medium,Italy,124368.7
2023,Quantitative Analyst,Lead,Medium,Singapore,158796.25
2023,Quantitative Analyst,Lead,Medium,Germany,132919.58
2023,Quantitative Analyst,Lead,Medium,Finland,109358.31
2023,Quantitative Analyst,Lead,Large,United States,184753.17
2023,Quantitative Analyst,Lead,Large,Australia,151414.77
2023,Quantitative Analyst,Lead,Large,Netherlands,131062.79
2023,Quantitative Analyst,Lead,Large,United Kingdom,141243.31
2023,Quantitative Analyst,Lead,Large,Canada,142236.75
2023,Quantitative Analyst,Lead,Large,Italy,126085.23
2023,Quantitative Analyst,Lead,Large,Singapore,159606.0
2023,Quantitative Analyst,Lead,Large,Germany,132854.94
2023,Quantitative Analyst,Lead,Large,Finland,110168.08
2023,Quantitative Analyst,Lead,Enterprise,United States,178379.33
2023,Quantitative Analyst,Lead,Enterprise,Australia,151240.75
2023,Quantitative Analyst,Lead,Enterprise,Netherlands,129060.164
2023,Quantitative Analyst,Lead,Enterprise,United Kingdom,135729.28
2023,Quantitative Analyst,Lead,Enterprise,Canada,140234.06
2023,Quantitative Analyst,Lead,Enterprise,Italy,123175.77
2023,Quantitative Analyst,Lead,Enterprise,Singapore,157603.31
2023,Quantitative Analyst,Lead,Enterprise,Germany,130852.3
2023,Quantitative Analyst,Lead,Enterprise,Finland,108165.38
2023,Data Visualization,Entry,Small,United States,99223.12
2023,Data Visualization,Entry,Small,Australia,84584.21
2023,Data Visualization,Entry,Small,Netherlands,64974.29
2023,Data Visualization,Entry,Small,United Kingdom,67744.42
2023,Data Visualization,Entry,Small,Canada,76278.5
2023,Data Visualization,Entry,Small,Italy,55192.93
2023,Data Visualization,Entry,Small,Singapore,75655.875
2023,Data Visualization,Entry,Small,Germany,62615.81
2023,Data Visualization,Entry,Small,Finland,45648.902
2023,Data Visualization,Entry,Medium,United States,101474.664
2023,Data Visualization,Entry,Medium,Australia,89422.92
2023,Data Visualization,Entry,Medium,Netherlands,67315.55
2023,Data Visualization,Entry,Medium,United Kingdom,71037.48
2023,Data Visualization,Entry,Medium,Canada,84434.73
2023,Data Visualization,Entry,Medium,Italy,58485.99
2023,Data Visualization,Entry,Medium,Singapore,78402.37
2023,Data Visualization,Entry,Medium,Germany,69997.055
2023,Data Visualization,Entry,Medium,Finland,48941.96
2023,Data Visualization,Entry,Large,United States,100250.73
2023,Data Visualization,Entry,Large,Australia,85083.88
2023,Data Visualization,Entry,Large,Netherlands,66265.93
2023,Data Visualization,Entry,Large,United Kingdom,73410.13
2023,Data Visualization,Entry,Large,Canada,78432.91
2023,Data Visualization,Entry,Large,Italy,58254.125
2023,Data Visualization,Entry,Large,Singapore,77810.28
2023,Data Visualization,Entry,Large,Germany,68108.14
2023,Data Visualization,Entry,Large,Finland,47803.31
2023,Data Visualization,Entry,Enterprise,United States,100250.73
2023,Data Visualization,Entry,Enterprise,Australia,86738.62
2023,Data Visualization,Entry,Enterprise,Netherlands,66265.93
2023,Data Visualization,Entry,Enterprise,United Kingdom,69898.83
2023,Data Visualization,Entry,Enterprise,Canada,78432.91
2023,Data Visualization,Entry,Enterprise,Italy,57347.34
2023,Data Visualization,Entry,Enterprise,Singapore,77810.28
2023,Data Visualization,Entry,Enterprise,Germany,68108.14
2023,Data Visualization,Entry,Enterprise,Finland,47803.31
2023,Data Visualization,Mid,Small,United States,106978.18
2023,Data Visualization,Mid,Small,Australia,83980.79
2023,Data Visualization,Mid,Small,Netherlands,61362.023
2023,Data Visualization,Mid,Small,United Kingdom,65137.97
2023,Data Visualization,Mid,Small,Canada,80220.695
2023,Data Visualization,Mid,Small,Italy,56544.492
2023,Data Visualization,Mid,Small,Singapore,71431.73
2023,Data Visualization,Mid,Small,Germany,59825.387
2023,Data Visualization,Mid,Small,Finland,41651.605
2023,Data Visualization,Mid,Medium,United States,110049.734
2023,Data Visualization,Mid,Medium,Australia,90006.31
2023,Data Visualization,Mid,Medium,Netherlands,64223.867
2023,Data Visualization,Mid,Medium,United Kingdom,68951.664
2023,Data Visualization,Mid,Medium,Canada,90450.45
2023,Data Visualization,Mid,Medium,Italy,60358.164
2023,Data Visualization,Mid,Medium,Singapore,75154.19
2023,Data Visualization,Mid,Medium,Germany,67727.23
2023,Data Visualization,Mid,Medium,Finland,45465.266
2023,Data Visualization,Mid,Large,United States,108005.79
2023,Data Visualization,Mid,Large,Australia,84480.46
2023,Data Visualization,Mid,Large,Netherlands,62653.633
2023,Data Visualization,Mid,Large,United Kingdom,70803.71
2023,Data Visualization,Mid,Large,Canada,82375.1
2023,Data Visualization,Mid,Large,Italy,58698.9
2023,Data Visualization,Mid,Large,Singapore,73586.13
2023,Data Visualization,Mid,Large,Germany,65317.688
2023,Data Visualization,Mid,Large,Finland,43806.01
2023,Data Visualization,Mid,Enterprise,United States,108005.79
2023,Data Visualization,Mid,Enterprise,Australia,86135.195
2023,Data Visualization,Mid,Enterprise,Netherlands,62653.633
2023,Data Visualization,Mid,Enterprise,United Kingdom,67292.41
2023,Data Visualization,Mid,Enterprise,Canada,82375.1
2023,Data Visualization,Mid,Enterprise,Italy,58698.9
2023,Data Visualization,Mid,Enterprise,Singapore,73586.13
2023,Data Visualization,Mid,Enterprise,Germany,65317.688
2023,Data Visualization,Mid,Enterprise,Finland,43806.01
2023,Data Visualization,Senior,Small,United States,117464.86
2023,Data Visualization,Senior,Small,Australia,85052.8
2023,Data Visualization,Senior,Small,Netherlands,63495.94
2023,Data Visualization,Senior,Small,United Kingdom,70501.04
2023,Data Visualization,Senior,Small,Canada,84736.71
2023,Data Visualization,Senior,Small,Italy,53065.445
2023,Data Visualization,Senior,Small,Singapore,81036.83
2023,Data Visualization,Senior,Small,Germany,63284.074
2023,Data Visualization,Senior,Small,Finland,43014.484
2023,Data Visualization,Senior,Medium,United States,122965.69
2023,Data Visualization,Senior,Medium,Australia,90865.88
2023,Data Visualization,Senior,Medium,Netherlands,66811.586
2023,Data Visualization,Senior,Medium,United Kingdom,74768.47
2023,Data Visualization,Senior,Medium,Canada,94791.195
2023,Data Visualization,Senior,Medium,Italy,57332.848
2023,Data Visualization,Senior,Medium,Singapore,85304.26
2023,Data Visualization,Senior,Medium,Germany,71995.84
2023,Data Visualization,Senior,Medium,Finland,47281.906
2023,Data Visualization,Senior,Large,United States,120991.27
2023,Data Visualization,Senior,Large,Australia,86298.625
2023,Data Visualization,Senior,Large,Netherlands,65707.69
2023,Data Visualization,Senior,Large,United Kingdom,76241.36
2023,Data Visualization,Senior,Large,Canada,87811.21
2023,Data Visualization,Senior,Large,Italy,57046.707
2023,Data Visualization,Senior,Large,Singapore,84111.33
2023,Data Visualization,Senior,Large,Germany,69696.49
2023,Data Visualization,Senior,Large,Finland,46088.98
2023,Data Visualization,Senior,Enterprise,United States,120539.36
2023,Data Visualization,Senior,Enterprise,Australia,88127.3
2023,Data Visualization,Senior,Enterprise,Netherlands,65707.69
2023,Data Visualization,Senior,Enterprise,United Kingdom,73575.54
2023,Data Visualization,Senior,Enterprise,Canada,87811.21
2023,Data Visualization,Senior,Enterprise,Italy,56139.92
2023,Data Visualization,Senior,Enterprise,Singapore,84111.33
2023,Data Visualization,Senior,Enterprise,Germany,69696.49
2023,Data Visualization,Senior,Enterprise,Finland,46088.98
2023,Data Visualization,Lead,Small,United States,147115.16
2023,Data Visualization,Lead,Small,Australia,126699.17
2023,Data Visualization,Lead,Small,Netherlands,105997.57
2023,Data Visualization,Lead,Small,United Kingdom,109877.82
2023,Data Visualization,Lead,Small,Canada,110561.44
2023,Data Visualization,Lead,Small,Italy,97821.2
2023,Data Visualization,Lead,Small,Singapore,127942.08
2023,Data Visualization,Lead,Small,Germany,103589.08
2023,Data Visualization,Lead,Small,Finland,83782.19
2023,Data Visualization,Lead,Medium,United States,148498.89
2023,Data Visualization,Lead,Medium,Australia,131393.28
2023,Data Visualization,Lead,Medium,Netherlands,108393.08
2023,Data Visualization,Lead,Medium,United Kingdom,113225.16
2023,Data Visualization,Lead,Medium,Canada,118531.09
2023,Data Visualization,Lead,Medium,Italy,101168.54
2023,Data Visualization,Lead,Medium,Singapore,131289.33
2023,Data Visualization,Lead,Medium,Germany,111148.7
2023,Data Visualization,Lead,Medium,Finland,87129.52
2023,Data Visualization,Lead,Large,United States,147268.23
2023,Data Visualization,Lead,Large,Australia,127024.91
2023,Data Visualization,Lead,Large,Netherlands,107289.18
2023,Data Visualization,Lead,Large,United Kingdom,115543.53
2023,Data Visualization,Lead,Large,Canada,112715.84
2023,Data Visualization,Lead,Large,Italy,100882.39
2023,Data Visualization,Lead,Large,Singapore,130096.484
2023,Data Visualization,Lead,Large,Germany,109081.37
2023,Data Visualization,Lead,Large,Finland,85936.59
2023,Data Visualization,Lead,Enterprise,United States,147628.23
2023,Data Visualization,Lead,Enterprise,Australia,128853.6
2023,Data Visualization,Lead,Enterprise,Netherlands,107289.18
2023,Data Visualization,Lead,Enterprise,United Kingdom,112032.23
2023,Data Visualization,Lead,Enterprise,Canada,112715.84
2023,Data Visualization,Lead,Enterprise,Italy,99975.61
2023,Data Visualization,Lead,Enterprise,Singapore,130096.484
2023,Data Visualization,Lead,Enterprise,Germany,109081.37
2023,Data Visualization,Lead,Enterprise,Finland,85936.59
2024,Computer Vision Engineer,Entry,Small,United States,130334.68
2024,Computer Vision Engineer,Entry,Small,Australia,95725.766
2024,Computer Vision Engineer,Entry,Small,Netherlands,71510.19
2024,Computer Vision Engineer,Entry,Small,United Kingdom,70062.53
2024,Computer Vision Engineer,Entry,Small,Canada,87226.41
2024,Computer Vision Engineer,Entry,Small,Italy,63023.76
2024,Computer Vision Engineer,Entry,Small,Singapore,85217.625
2024,Computer Vision Engineer,Entry,Small,Germany,71237.11
2024,Computer Vision Engineer,Entry,Small,Finland,52766.305
2024,Computer Vision Engineer,Entry,Medium,United States,132586.2
2024,Computer Vision Engineer,Entry,Medium,Australia,100564.48
2024,Computer Vision Engineer,Entry,Medium,Netherlands,73851.414
2024,Computer Vision Engineer,Entry,Medium,United Kingdom,73355.586
2024,Computer Vision Engineer,Entry,Medium,Canada,95382.63
2024,Computer Vision Engineer,Entry,Medium,Italy,66316.84
2024,Computer Vision Engineer,Entry,Medium,Singapore,87745.93
2024,Computer Vision Engineer,Entry,Medium,Germany,78032.664
2024,Computer Vision Engineer,Entry,Medium,Finland,56059.367
2024,Computer Vision Engineer,Entry,Large,United States,131118.2
2024,Computer Vision Engineer,Entry,Large,Australia,95981.34
2024,Computer Vision Engineer,Entry,Large,Netherlands,72557.7
2024,Computer Vision Engineer,Entry,Large,United Kingdom,71972.84
2024,Computer Vision Engineer,Entry,Large,Canada,89136.72
2024,Computer Vision Engineer,Entry,Large,Italy,65840.88
2024,Computer Vision Engineer,Entry,Large,Singapore,86817.66
2024,Computer Vision Engineer,Entry,Large,Germany,76258.88
2024,Computer Vision Engineer,Entry,Large,Finland,54676.62
2024,Computer Vision Engineer,Entry,Enterprise,United States,131362.28
2024,Computer Vision Engineer,Entry,Enterprise,Australia,97880.17
2024,Computer Vision Engineer,Entry,Enterprise,Netherlands,72801.8
2024,Computer Vision Engineer,Entry,Enterprise,United Kingdom,72216.94
2024,Computer Vision Engineer,Entry,Enterprise,Canada,89380.81
2024,Computer Vision Engineer,Entry,Enterprise,Italy,65178.203
2024,Computer Vision Engineer,Entry,Enterprise,Singapore,87372.03
2024,Computer Vision Engineer,Entry,Enterprise,Germany,76502.98
2024,Computer Vision Engineer,Entry,Enterprise,Finland,54920.71
2024,Computer Vision Engineer,Mid,Small,United States,158672.81
2024,Computer Vision Engineer,Mid,Small,Australia,115341.086
2024,Computer Vision Engineer,Mid,Small,Netherlands,89122.54
2024,Computer Vision Engineer,Mid,Small,United Kingdom,89892.195
2024,Computer Vision Engineer,Mid,Small,Canada,108391.72
2024,Computer Vision Engineer,Mid,Small,Italy,86246.59
2024,Computer Vision Engineer,Mid,Small,Singapore,103134.805
2024,Computer Vision Engineer,Mid,Small,Germany,89594.13
2024,Computer Vision Engineer,Mid,Small,Finland,69834.66
2024,Computer Vision Engineer,Mid,Medium,United States,161744.39
2024,Computer Vision Engineer,Mid,Medium,Australia,121366.61
2024,Computer Vision Engineer,Mid,Medium,Netherlands,91984.375
2024,Computer Vision Engineer,Mid,Medium,United Kingdom,93705.86
2024,Computer Vision Engineer,Mid,Medium,Canada,118621.48
2024,Computer Vision Engineer,Mid,Medium,Italy,90060.26
2024,Computer Vision Engineer,Mid,Medium,Singapore,106639.08
2024,Computer Vision Engineer,Mid,Medium,Germany,96910.3
2024,Computer Vision Engineer,Mid,Medium,Finland,73648.32
2024,Computer Vision Engineer,Mid,Large,United States,159456.34
2024,Computer Vision Engineer,Mid,Large,Australia,115596.664
2024,Computer Vision Engineer,Mid,Large,Netherlands,90170.055
2024,Computer Vision Engineer,Mid,Large,United Kingdom,91802.51
2024,Computer Vision Engineer,Mid,Large,Canada,110302.03
2024,Computer Vision Engineer,Mid,Large,Italy,88156.91
2024,Computer Vision Engineer,Mid,Large,Singapore,104734.82
2024,Computer Vision Engineer,Mid,Large,Germany,94615.91
2024,Computer Vision Engineer,Mid,Large,Finland,71744.97
2024,Computer Vision Engineer,Mid,Enterprise,United States,159700.44
2024,Computer Vision Engineer,Mid,Enterprise,Australia,117495.49
2024,Computer Vision Engineer,Mid,Enterprise,Netherlands,90414.15
2024,Computer Vision Engineer,Mid,Enterprise,United Kingdom,92046.6
2024,Computer Vision Engineer,Mid,Enterprise,Canada,110546.125
2024,Computer Vision Engineer,Mid,Enterprise,Italy,88401.0
2024,Computer Vision Engineer,Mid,Enterprise,Singapore,105289.21
2024,Computer Vision Engineer,Mid,Enterprise,Germany,94860.0
2024,Computer Vision Engineer,Mid,Enterprise,Finland,71989.06
2024,Computer Vision Engineer,Senior,Small,United States,198297.56
2024,Computer Vision Engineer,Senior,Small,Australia,143006.53
2024,Computer Vision Engineer,Senior,Small,Netherlands,116572.484
2024,Computer Vision Engineer,Senior,Small,United Kingdom,120238.28
2024,Computer Vision Engineer,Senior,Small,Canada,142994.11
2024,Computer Vision Engineer,Senior,Small,Italy,108844.57
2024,Computer Vision Engineer,Senior,Small,Singapore,141022.3
2024,Computer Vision Engineer,Senior,Small,Germany,119078.34
2024,Computer Vision Engineer,Senior,Small,Finland,98080.25
2024,Computer Vision Engineer,Senior,Medium,United States,204664.05
2024,Computer Vision Engineer,Senior,Medium,Australia,149366.36
2024,Computer Vision Engineer,Senior,Medium,Netherlands,120434.81
2024,Computer Vision Engineer,Senior,Medium,United Kingdom,125052.44
2024,Computer Vision Engineer,Senior,Medium,Canada,153595.36
2024,Computer Vision Engineer,Senior,Medium,Italy,113658.73
2024,Computer Vision Engineer,Senior,Medium,Singapore,145618.31
2024,Computer Vision Engineer,Senior,Medium,Germany,128156.55
2024,Computer Vision Engineer,Senior,Medium,Finland,102894.41
2024,Computer Vision Engineer,Senior,Large,United States,201579.92
2024,Computer Vision Engineer,Senior,Large,Australia,144008.3
2024,Computer Vision Engineer,Senior,Large,Netherlands,118540.09
2024,Computer Vision Engineer,Senior,Large,United Kingdom,123068.69
2024,Computer Vision Engineer,Senior,Large,Canada,145824.55
2024,Computer Vision Engineer,Senior,Large,Italy,112581.76
2024,Computer Vision Engineer,Senior,Large,Singapore,143542.45
2024,Computer Vision Engineer,Senior,Large,Germany,125246.63
2024,Computer Vision Engineer,Senior,Large,Finland,100910.66
2024,Computer Vision Engineer,Senior,Enterprise,United States,201372.1
2024,Computer Vision Engineer,Senior,Enterprise,Australia,146081.06
2024,Computer Vision Engineer,Senior,Enterprise,Netherlands,118784.19
2024,Computer Vision Engineer,Senior,Enterprise,United Kingdom,123312.78
2024,Computer Vision Engineer,Senior,Enterprise,Canada,146068.64
2024,Computer Vision Engineer,Senior,Enterprise,Italy,111919.07
2024,Computer Vision Engineer,Senior,Enterprise,Singapore,143785.94
2024,Computer Vision Engineer,Senior,Enterprise,Germany,125490.73
2024,Computer Vision Engineer,Senior,Enterprise,Finland,101154.75
2024,Computer Vision Engineer,Lead,Small,United States,212815.7
2024,Computer Vision Engineer,Lead,Small,Australia,174853.17
2024,Computer Vision Engineer,Lead,Small,Netherlands,151510.73
2024,Computer Vision Engineer,Lead,Small,United Kingdom,151180.45
2024,Computer Vision Engineer,Lead,Small,Canada,160118.7
2024,Computer Vision Engineer,Lead,Small,Italy,144596.66
2024,Computer Vision Engineer,Lead,Small,Singapore,179830.69
2024,Computer Vision Engineer,Lead,Small,Germany,150379.66
2024,Computer Vision Engineer,Lead,Small,Finland,129844.31
2024,Computer Vision Engineer,Lead,Medium,United States,214225.08
2024,Computer Vision Engineer,Lead,Medium,Australia,179873.73
2024,Computer Vision Engineer,Lead,Medium,Netherlands,154232.61
2024,Computer Vision Engineer,Lead,Medium,United Kingdom,154854.17
2024,Computer Vision Engineer,Lead,Medium,Canada,168414.77
2024,Computer Vision Engineer,Lead,Medium,Italy,148270.38
2024,Computer Vision Engineer,Lead,Medium,Singapore,182139.5
2024,Computer Vision Engineer,Lead,Medium,Germany,158085.39
2024,Computer Vision Engineer,Lead,Medium,Finland,133518.0
2024,Computer Vision Engineer,Lead,Large,United States,212724.69
2024,Computer Vision Engineer,Lead,Large,Australia,174934.84
2024,Computer Vision Engineer,Lead,Large,Netherlands,152558.27
2024,Computer Vision Engineer,Lead,Large,United Kingdom,153090.8
2024,Computer Vision Engineer,Lead,Large,Canada,162029.05
2024,Computer Vision Engineer,Lead,Large,Italy,147413.8
2024,Computer Vision Engineer,Lead,Large,Singapore,181430.75
2024,Computer Vision Engineer,Lead,Large,Germany,155627.88
2024,Computer Vision Engineer,Lead,Large,Finland,131754.62
2024,Computer Vision Engineer,Lead,Enterprise,United States,213328.78
2024,Computer Vision Engineer,Lead,Enterprise,Australia,177007.61
2024,Computer Vision Engineer,Lead,Enterprise,Netherlands,152802.36
2024,Computer Vision Engineer,Lead,Enterprise,United Kingdom,153334.89
2024,Computer Vision Engineer,Lead,Enterprise,Canada,162273.14
2024,Computer Vision Engineer,Lead,Enterprise,Italy,146751.1
2024,Computer Vision Engineer,Lead,Enterprise,Singapore,181674.23
2024,Computer Vision Engineer,Lead,Enterprise,Germany,155871.97
2024,Computer Vision Engineer,Lead,Enterprise,Finland,131998.72
2024,Machine Learning Engineer,Entry,Small,United States,135283.4
2024,Machine Learning Engineer,Entry,Small,Australia,130612.73
2024,Machine Learning Engineer,Entry,Small,Netherlands,82324.5
2024,Machine Learning Engineer,Entry,Small,United Kingdom,81648.33
2024,Machine Learning Engineer,Entry,Small,Canada,105188.58
2024,Machine Learning Engineer,Entry,Small,Italy,70986.36
2024,Machine Learning Engineer,Entry,Small,Singapore,92237.56
2024,Machine Learning Engineer,Entry,Small,Germany,80237.04
2024,Machine Learning Engineer,Entry,Small,Finland,56165.785
2024,Machine Learning Engineer,Entry,Medium,United States,150934.89
2024,Machine Learning Engineer,Entry,Medium,Australia,149090.52
2024,Machine Learning Engineer,Entry,Medium,Netherlands,93702.85
2024,Machine Learning Engineer,Entry,Medium,United Kingdom,95388.51
2024,Machine Learning Engineer,Entry,Medium,Canada,124353.45
2024,Machine Learning Engineer,Entry,Medium,Italy,85288.06
2024,Machine Learning Engineer,Entry,Medium,Singapore,105992.7
2024,Machine Learning Engineer,Entry,Medium,Germany,100364.61
2024,Machine Learning Engineer,Entry,Medium,Finland,70467.51
2024,Machine Learning Engineer,Entry,Large,United States,137143.55
2024,Machine Learning Engineer,Entry,Large,Australia,124180.23
2024,Machine Learning Engineer,Entry,Large,Netherlands,82451.0
2024,Machine Learning Engineer,Entry,Large,United Kingdom,83558.64
2024,Machine Learning Engineer,Entry,Large,Canada,108067.69
2024,Machine Learning Engineer,Entry,Large,Italy,74533.99
2024,Machine Learning Engineer,Entry,Large,Singapore,94878.414
2024,Machine Learning Engineer,Entry,Large,Germany,86215.77
2024,Machine Learning Engineer,Entry,Large,Finland,58806.645
2024,Machine Learning Engineer,Entry,Enterprise,United States,137847.11
2024,Machine Learning Engineer,Entry,Enterprise,Australia,134303.27
2024,Machine Learning Engineer,Entry,Enterprise,Netherlands,83500.64
2024,Machine Learning Engineer,Entry,Enterprise,United Kingdom,84005.2
2024,Machine Learning Engineer,Entry,Enterprise,Canada,108879.07
2024,Machine Learning Engineer,Entry,Enterprise,Italy,74676.85
2024,Machine Learning Engineer,Entry,Enterprise,Singapore,95928.055
2024,Machine Learning Engineer,Entry,Enterprise,Germany,87441.55
2024,Machine Learning Engineer,Entry,Enterprise,Finland,59856.293
2024,Machine Learning Engineer,Mid,Small,United States,167014.12
2024,Machine Learning Engineer,Mid,Small,Australia,136776.69
2024,Machine Learning Engineer,Mid,Small,Netherlands,101825.09
2024,Machine Learning Engineer,Mid,Small,United Kingdom,107678.09
2024,Machine Learning Engineer,Mid,Small,Canada,119536.055
2024,Machine Learning Engineer,Mid,Small,Italy,94941.16
2024,Machine Learning Engineer,Mid,Small,Singapore,111595.69
2024,Machine Learning Engineer,Mid,Small,Germany,100049.86
2024,Machine Learning Engineer,Mid,Small,Finland,74436.586
2024,Machine Learning Engineer,Mid,Medium,United States,183269.89
2024,Machine Learning Engineer,Mid,Medium,Australia,154263.02
2024,Machine Learning Engineer,Mid,Medium,Netherlands,111545.78
2024,Machine Learning Engineer,Mid,Medium,United Kingdom,120540.41
2024,Machine Learning Engineer,Mid,Medium,Canada,138596.25
2024,Machine Learning Engineer,Mid,Medium,Italy,107585.195
2024,Machine Learning Engineer,Mid,Medium,Singapore,124148.52
2024,Machine Learning Engineer,Mid,Medium,Germany,118519.766
2024,Machine Learning Engineer,Mid,Medium,Finland,87080.625
2024,Machine Learning Engineer,Mid,Large,United States,170087.1
2024,Machine Learning Engineer,Mid,Large,Australia,130344.04
2024,Machine Learning Engineer,Mid,Large,Netherlands,101951.59
2024,Machine Learning Engineer,Mid,Large,United Kingdom,109588.41
2024,Machine Learning Engineer,Mid,Large,Canada,122415.164
2024,Machine Learning Engineer,Mid,Large,Italy,97582.01
2024,Machine Learning Engineer,Mid,Large,Singapore,114236.54
2024,Machine Learning Engineer,Mid,Large,Germany,106028.59
2024,Machine Learning Engineer,Mid,Large,Finland,77077.44
2024,Machine Learning Engineer,Mid,Enterprise,United States,169577.84
2024,Machine Learning Engineer,Mid,Enterprise,Australia,140467.2
2024,Machine Learning Engineer,Mid,Enterprise,Netherlands,103001.234
2024,Machine Learning Engineer,Mid,Enterprise,United Kingdom,110034.97
2024,Machine Learning Engineer,Mid,Enterprise,Canada,123226.55
2024,Machine Learning Engineer,Mid,Enterprise,Italy,98631.65
2024,Machine Learning Engineer,Mid,Enterprise,Singapore,115286.18
2024,Machine Learning Engineer,Mid,Enterprise,Germany,107254.37
2024,Machine Learning Engineer,Mid,Enterprise,Finland,78127.08
2024,Machine Learning Engineer,Senior,Small,United States,189009.5
2024,Machine Learning Engineer,Senior,Small,Australia,184326.9
2024,Machine Learning Engineer,Senior,Small,Netherlands,118502.8
2024,Machine Learning Engineer,Senior,Small,United Kingdom,130273.195
2024,Machine Learning Engineer,Senior,Small,Canada,156314.75
2024,Machine Learning Engineer,Senior,Small,Italy,112234.74
2024,Machine Learning Engineer,Senior,Small,Singapore,142256.05
2024,Machine Learning Engineer,Senior,Small,Germany,125807.92
2024,Machine Learning Engineer,Senior,Small,Finland,96572.125
2024,Machine Learning Engineer,Senior,Medium,United States,211779.73
2024,Machine Learning Engineer,Senior,Medium,Australia,197716.58
2024,Machine Learning Engineer,Senior,Medium,Netherlands,124793.086
2024,Machine Learning Engineer,Senior,Medium,United Kingdom,139398.17
2024,Machine Learning Engineer,Senior,Medium,Canada,171915.78
2024,Machine Learning Engineer,Senior,Medium,Italy,121448.39
2024,Machine Learning Engineer,Senior,Medium,Singapore,151469.7
2024,Machine Learning Engineer,Senior,Medium,Germany,141203.45
2024,Machine Learning Engineer,Senior,Medium,Finland,105785.766
2024,Machine Learning Engineer,Senior,Large,United States,194056.53
2024,Machine Learning Engineer,Senior,Large,Australia,179328.44
2024,Machine Learning Engineer,Senior,Large,Netherlands,120237.414
2024,Machine Learning Engineer,Senior,Large,United Kingdom,132870.58
2024,Machine Learning Engineer,Senior,Large,Canada,160563.77
2024,Machine Learning Engineer,Senior,Large,Italy,117390.49
2024,Machine Learning Engineer,Senior,Large,Singapore,146505.05
2024,Machine Learning Engineer,Senior,Large,Germany,133394.61
2024,Machine Learning Engineer,Senior,Large,Finland,100821.09
2024,Machine Learning Engineer,Senior,Enterprise,United States,193387.14
2024,Machine Learning Engineer,Senior,Enterprise,Australia,188704.53
2024,Machine Learning Engineer,Senior,Enterprise,Netherlands,120366.04
2024,Machine Learning Engineer,Senior,Enterprise,United Kingdom,133317.14
2024,Machine Learning Engineer,Senior,Enterprise,Canada,160692.39
2024,Machine Learning Engineer,Senior,Enterprise,Italy,116612.336
2024,Machine Learning Engineer,Senior,Enterprise,Singapore,146633.67
2024,Machine Learning Engineer,Senior,Enterprise,Germany,133699.36
2024,Machine Learning Engineer,Senior,Enterprise,Finland,100949.72
2024,Machine Learning Engineer,Lead,Small,United States,212167.62
2024,Machine Learning Engineer,Lead,Small,Australia,216373.33
2024,Machine Learning Engineer,Lead,Small,Netherlands,162147.27
2024,Machine Learning Engineer,Lead,Small,United Kingdom,165104.95
2024,Machine Learning Engineer,Lead,Small,Canada,171987.44
2024,Machine Learning Engineer,Lead,Small,Italy,152255.14
2024,Machine Learning Engineer,Lead,Small,Singapore,185546.98
2024,Machine Learning Engineer,Lead,Small,Germany,159515.56
2024,Machine Learning Engineer,Lead,Small,Finland,132604.42
2024,Machine Learning Engineer,Lead,Medium,United States,227729.44
2024,Machine Learning Engineer,Lead,Medium,Australia,227808.88
2024,Machine Learning Engineer,Lead,Medium,Netherlands,166682.22
2024,Machine Learning Engineer,Lead,Medium,United Kingdom,171176.52
2024,Machine Learning Engineer,Lead,Medium,Canada,184668.4
2024,Machine Learning Engineer,Lead,Medium,Italy,159713.45
2024,Machine Learning Engineer,Lead,Medium,Singapore,193005.3
2024,Machine Learning Engineer,Lead,Medium,Germany,172923.86
2024,Machine Learning Engineer,Lead,Medium,Finland,140062.75
2024,Machine Learning Engineer,Lead,Large,United States,214074.27
2024,Machine Learning Engineer,Lead,Large,Australia,210687.73
2024,Machine Learning Engineer,Lead,Large,Netherlands,163194.8
2024,Machine Learning Engineer,Lead,Large,United Kingdom,167015.3
2024,Machine Learning Engineer,Lead,Large,Canada,175549.33
2024,Machine Learning Engineer,Lead,Large,Italy,156723.83
2024,Machine Learning Engineer,Lead,Large,Singapore,189108.88
2024,Machine Learning Engineer,Lead,Large,Germany,166415.33
2024,Machine Learning Engineer,Lead,Large,Finland,136166.33
2024,Machine Learning Engineer,Lead,Enterprise,United States,214216.8
2024,Machine Learning Engineer,Lead,Enterprise,Australia,220063.84
2024,Machine Learning Engineer,Lead,Enterprise,Netherlands,163323.42
2024,Machine Learning Engineer,Lead,Enterprise,United Kingdom,167461.86
2024,Machine Learning Engineer,Lead,Enterprise,Canada,175677.95
2024,Machine Learning Engineer,Lead,Enterprise,Italy,155945.66
2024,Machine Learning Engineer,Lead,Enterprise,Singapore,189237.5
2024,Machine Learning Engineer,Lead,Enterprise,Germany,166720.08
2024,Machine Learning Engineer,Lead,Enterprise,Finland,136294.95
2024,Research Engineer,Entry,Small,United States,134216.73
2024,Research Engineer,Entry,Small,Australia,50706.895
2024,Research Engineer,Entry,Small,Netherlands,54611.89
2024,Research Engineer,Entry,Small,United Kingdom,221971.75
2024,Research Engineer,Entry,Small,Canada,64115.203
2024,Research Engineer,Entry,Small,Italy,59823.316
2024,Research Engineer,Entry,Small,Singapore,62771.887
2024,Research Engineer,Entry,Small,Germany,69307.79
2024,Research Engineer,Entry,Small,Finland,37989.855
2024,Research Engineer,Entry,Medium,United States,151378.2
2024,Research Engineer,Entry,Medium,Australia,60780.656
2024,Research Engineer,Entry,Medium,Netherlands,66301.5
2024,Research Engineer,Entry,Medium,United Kingdom,239402.58
2024,Research Engineer,Entry,Medium,Canada,80827.99
2024,Research Engineer,Entry,Medium,Italy,72464.75
2024,Research Engineer,Entry,Medium,Singapore,74992.234
2024,Research Engineer,Entry,Medium,Germany,92940.75
2024,Research Engineer,Entry,Medium,Finland,50631.266
2024,Research Engineer,Entry,Large,United States,142336.05
2024,Research Engineer,Entry,Large,Australia,52146.176
2024,Research Engineer,Entry,Large,Netherlands,57430.285
2024,Research Engineer,Entry,Large,United Kingdom,188136.7
2024,Research Engineer,Entry,Large,Canada,67796.4
2024,Research Engineer,Entry,Large,Italy,64411.33
2024,Research Engineer,Entry,Large,Singapore,66453.11
2024,Research Engineer,Entry,Large,Germany,77783.58
2024,Research Engineer,Entry,Large,Finland,41671.055
2024,Research Engineer,Entry,Enterprise,United States,142218.14
2024,Research Engineer,Entry,Enterprise,Australia,52861.3
2024,Research Engineer,Entry,Enterprise,Netherlands,58145.395
2024,Research Engineer,Entry,Enterprise,United Kingdom,224126.19
2024,Research Engineer,Entry,Enterprise,Canada,68511.516
2024,Research Engineer,Entry,Enterprise,Italy,64219.664
2024,Research Engineer,Entry,Enterprise,Singapore,67168.23
2024,Research Engineer,Entry,Enterprise,Germany,78498.695
2024,Research Engineer,Entry,Enterprise,Finland,42386.17
2024,Research Engineer,Mid,Small,United States,177785.22
2024,Research Engineer,Mid,Small,Australia,78460.48
2024,Research Engineer,Mid,Small,Netherlands,84041.55
2024,Research Engineer,Mid,Small,United Kingdom,303504.2
2024,Research Engineer,Mid,Small,Canada,97919.86
2024,Research Engineer,Mid,Small,Italy,90763.63
2024,Research Engineer,Mid,Small,Singapore,92323.234
2024,Research Engineer,Mid,Small,Germany,94972.086
2024,Research Engineer,Mid,Small,Finland,68429.46
2024,Research Engineer,Mid,Medium,United States,196880.0
2024,Research Engineer,Mid,Medium,Australia,91186.98
2024,Research Engineer,Mid,Medium,Netherlands,99991.82
2024,Research Engineer,Mid,Medium,United Kingdom,327265.94
2024,Research Engineer,Mid,Medium,Canada,120446.266
2024,Research Engineer,Mid,Medium,Italy,107665.734
2024,Research Engineer,Mid,Medium,Singapore,109134.13
2024,Research Engineer,Mid,Medium,Germany,122865.73
2024,Research Engineer,Mid,Medium,Finland,85331.56
2024,Research Engineer,Mid,Large,United States,186665.05
2024,Research Engineer,Mid,Large,Australia,79899.76
2024,Research Engineer,Mid,Large,Netherlands,85901.55
2024,Research Engineer,Mid,Large,United Kingdom,266835.34
2024,Research Engineer,Mid,Large,Canada,100642.66
2024,Research Engineer,Mid,Large,Italy,93486.43
2024,Research Engineer,Mid,Large,Singapore,95046.03
2024,Research Engineer,Mid,Large,Germany,102489.46
2024,Research Engineer,Mid,Large,Finland,71152.26
2024,Research Engineer,Mid,Enterprise,United States,186233.03
2024,Research Engineer,Mid,Enterprise,Australia,80614.88
2024,Research Engineer,Mid,Enterprise,Netherlands,86616.66
2024,Research Engineer,Mid,Enterprise,United Kingdom,305658.6
2024,Research Engineer,Mid,Enterprise,Canada,101357.78
2024,Research Engineer,Mid,Enterprise,Italy,94201.54
2024,Research Engineer,Mid,Enterprise,Singapore,95761.14
2024,Research Engineer,Mid,Enterprise,Germany,103204.586
2024,Research Engineer,Mid,Enterprise,Finland,71867.37
2024,Research Engineer,Senior,Small,United States,189386.61
2024,Research Engineer,Senior,Small,Australia,112412.88
2024,Research Engineer,Senior,Small,Netherlands,129112.49
2024,Research Engineer,Senior,Small,United Kingdom,347073.97
2024,Research Engineer,Senior,Small,Canada,134978.45
2024,Research Engineer,Senior,Small,Italy,125850.625
2024,Research Engineer,Senior,Small,Singapore,145176.25
2024,Research Engineer,Senior,Small,Germany,149645.14
2024,Research Engineer,Senior,Small,Finland,114548.38
2024,Research Engineer,Senior,Medium,United States,217925.12
2024,Research Engineer,Senior,Medium,Australia,128928.516
2024,Research Engineer,Senior,Medium,Netherlands,150361.77
2024,Research Engineer,Senior,Medium,United Kingdom,371486.5
2024,Research Engineer,Senior,Medium,Canada,162174.83
2024,Research Engineer,Senior,Medium,Italy,148051.72
2024,Research Engineer,Senior,Medium,Singapore,167377.38
2024,Research Engineer,Senior,Medium,Germany,183193.92
2024,Research Engineer,Senior,Medium,Finland,136749.4
2024,Research Engineer,Senior,Large,United States,207767.5
2024,Research Engineer,Senior,Large,Australia,117821.13
2024,Research Engineer,Senior,Large,Netherlands,135899.83
2024,Research Engineer,Senior,Large,United Kingdom,328290.94
2024,Research Engineer,Senior,Large,Canada,142628.61
2024,Research Engineer,Senior,Large,Italy,134407.55
2024,Research Engineer,Senior,Large,Singapore,152826.4
2024,Research Engineer,Senior,Large,Germany,162089.88
2024,Research Engineer,Senior,Large,Finland,122198.5
2024,Research Engineer,Senior,Enterprise,United States,205650.3
2024,Research Engineer,Senior,Enterprise,Australia,118065.234
2024,Research Engineer,Senior,Enterprise,Netherlands,136143.92
2024,Research Engineer,Senior,Enterprise,United Kingdom,350148.44
2024,Research Engineer,Senior,Enterprise,Canada,142872.7
2024,Research Engineer,Senior,Enterprise,Italy,133744.84
2024,Research Engineer,Senior,Enterprise,Singapore,153070.5
2024,Research Engineer,Senior,Enterprise,Germany,162333.97
2024,Research Engineer,Senior,Enterprise,Finland,122442.59
2024,Research Engineer,Lead,Small,United States,209763.23
2024,Research Engineer,Lead,Small,Australia,131913.98
2024,Research Engineer,Lead,Small,Netherlands,149514.92
2024,Research Engineer,Lead,Small,United Kingdom,304093.22
2024,Research Engineer,Lead,Small,Canada,148044.14
2024,Research Engineer,Lead,Small,Italy,151900.83
2024,Research Engineer,Lead,Small,Singapore,169055.12
2024,Research Engineer,Lead,Small,Germany,165210.12
2024,Research Engineer,Lead,Small,Finland,131397.95
2024,Research Engineer,Lead,Medium,United States,232341.25
2024,Research Engineer,Lead,Medium,Australia,145403.88
2024,Research Engineer,Lead,Medium,Netherlands,167937.25
2024,Research Engineer,Lead,Medium,United Kingdom,325678.8
2024,Research Engineer,Lead,Medium,Canada,171248.86
2024,Research Engineer,Lead,Medium,Italy,171275.0
2024,Research Engineer,Lead,Medium,Singapore,188429.3
2024,Research Engineer,Lead,Medium,Germany,195699.94
2024,Research Engineer,Lead,Medium,Finland,150772.12
2024,Research Engineer,Lead,Large,United States,223223.39
2024,Research Engineer,Lead,Large,Australia,135931.11
2024,Research Engineer,Lead,Large,Netherlands,154911.14
2024,Research Engineer,Lead,Large,United Kingdom,281296.16
2024,Research Engineer,Lead,Large,Canada,154303.17
2024,Research Engineer,Lead,Large,Italy,159066.66
2024,Research Engineer,Lead,Large,Singapore,175314.16
2024,Research Engineer,Lead,Large,Germany,176263.73
2024,Research Engineer,Lead,Large,Finland,137656.98
2024,Research Engineer,Lead,Enterprise,United States,223465.48
2024,Research Engineer,Lead,Enterprise,Australia,136646.23
2024,Research Engineer,Lead,Enterprise,Netherlands,155626.27
2024,Research Engineer,Lead,Enterprise,United Kingdom,306247.6
2024,Research Engineer,Lead,Enterprise,Canada,155018.3
2024,Research Engineer,Lead,Enterprise,Italy,158874.98
2024,Research Engineer,Lead,Enterprise,Singapore,176029.28
2024,Research Engineer,Lead,Enterprise,Germany,176978.86
2024,Research Engineer,Lead,Enterprise,Finland,138372.11
2024,Software Engineer,Entry,Small,United States,121093.19
2024,Software Engineer,Entry,Small,Australia,106622.31
2024,Software Engineer,Entry,Small,Netherlands,71405.414
2024,Software Engineer,Entry,Small,United Kingdom,69593.26
2024,Software Engineer,Entry,Small,Canada,87288.18
2024,Software Engineer,Entry,Small,Italy,64525.414
2024,Software Engineer,Entry,Small,Singapore,78783.29
2024,Software Engineer,Entry,Small,Germany,71379.5
2024,Software Engineer,Entry,Small,Finland,54197.816
2024,Software Engineer,Entry,Medium,United States,120372.38
2024,Software Engineer,Entry,Medium,Australia,105026.055
2024,Software Engineer,Entry,Medium,Netherlands,70774.29
2024,Software Engineer,Entry,Medium,United Kingdom,66855.39
2024,Software Engineer,Entry,Medium,Canada,93285.664
2024,Software Engineer,Entry,Medium,Italy,64846.11
2024,Software Engineer,Entry,Medium,Singapore,78557.43
2024,Software Engineer,Entry,Medium,Germany,75788.35
2024,Software Engineer,Entry,Medium,Finland,54518.516
2024,Software Engineer,Entry,Large,United States,119938.484
2024,Software Engineer,Entry,Large,Australia,108532.625
2024,Software Engineer,Entry,Large,Netherlands,72452.93
2024,Software Engineer,Entry,Large,United Kingdom,74138.1
2024,Software Engineer,Entry,Large,Canada,89198.49
2024,Software Engineer,Entry,Large,Italy,67342.49
2024,Software Engineer,Entry,Large,Singapore,80693.6
2024,Software Engineer,Entry,Large,Germany,76627.695
2024,Software Engineer,Entry,Large,Finland,56108.133
2024,Software Engineer,Entry,Enterprise,United States,122120.8
2024,Software Engineer,Entry,Enterprise,Australia,108776.72
2024,Software Engineer,Entry,Enterprise,Netherlands,72697.02
2024,Software Engineer,Entry,Enterprise,United Kingdom,71747.664
2024,Software Engineer,Entry,Enterprise,Canada,89442.586
2024,Software Engineer,Entry,Enterprise,Italy,66679.805
2024,Software Engineer,Entry,Enterprise,Singapore,80937.695
2024,Software Engineer,Entry,Enterprise,Germany,76871.79
2024,Software Engineer,Entry,Enterprise,Finland,56352.223
2024,Software Engineer,Mid,Small,United States,150815.75
2024,Software Engineer,Mid,Small,Australia,122678.586
2024,Software Engineer,Mid,Small,Netherlands,102896.65
2024,Software Engineer,Mid,Small,United Kingdom,103071.68
2024,Software Engineer,Mid,Small,Canada,111043.89
2024,Software Engineer,Mid,Small,Italy,89111.09
2024,Software Engineer,Mid,Small,Singapore,96138.23
2024,Software Engineer,Mid,Small,Germany,92429.89
2024,Software Engineer,Mid,Small,Finland,74067.25
2024,Software Engineer,Mid,Medium,United States,154713.67
2024,Software Engineer,Mid,Medium,Australia,128552.586
2024,Software Engineer,Mid,Medium,Netherlands,110839.86
2024,Software Engineer,Mid,Medium,United Kingdom,107972.05
2024,Software Engineer,Mid,Medium,Canada,122099.97
2024,Software Engineer,Mid,Medium,Italy,93751.08
2024,Software Engineer,Mid,Medium,Singapore,100687.01
2024,Software Engineer,Mid,Medium,Germany,101158.02
2024,Software Engineer,Mid,Medium,Finland,78707.234
2024,Software Engineer,Mid,Large,United States,148685.25
2024,Software Engineer,Mid,Large,Australia,123613.12
2024,Software Engineer,Mid,Large,Netherlands,102968.38
2024,Software Engineer,Mid,Large,United Kingdom,104006.21
2024,Software Engineer,Mid,Large,Canada,111978.42
2024,Software Engineer,Mid,Large,Italy,90045.625
2024,Software Engineer,Mid,Large,Singapore,97072.76
2024,Software Engineer,Mid,Large,Germany,96702.305
2024,Software Engineer,Mid,Large,Finland,75001.78
2024,Software Engineer,Mid,Enterprise,United States,151843.38
2024,Software Engineer,Mid,Enterprise,Australia,124832.99
2024,Software Engineer,Mid,Enterprise,Netherlands,104188.26
2024,Software Engineer,Mid,Enterprise,United Kingdom,105226.086
2024,Software Engineer,Mid,Enterprise,Canada,113198.3
2024,Software Engineer,Mid,Enterprise,Italy,91265.5
2024,Software Engineer,Mid,Enterprise,Singapore,98292.63
2024,Software Engineer,Mid,Enterprise,Germany,97922.18
2024,Software Engineer,Mid,Enterprise,Finland,76221.66
2024,Software Engineer,Senior,Small,United States,182900.64
2024,Software Engineer,Senior,Small,Australia,147580.03
2024,Software Engineer,Senior,Small,Netherlands,110898.15
2024,Software Engineer,Senior,Small,United Kingdom,122688.22
2024,Software Engineer,Senior,Small,Canada,136688.62
2024,Software Engineer,Senior,Small,Italy,104236.46
2024,Software Engineer,Senior,Small,Singapore,128379.45
2024,Software Engineer,Senior,Small,Germany,113484.31
2024,Software Engineer,Senior,Small,Finland,94034.57
2024,Software Engineer,Senior,Medium,United States,190945.6
2024,Software Engineer,Senior,Medium,Australia,153678.6
2024,Software Engineer,Senior,Medium,Netherlands,116126.0
2024,Software Engineer,Senior,Medium,United Kingdom,128823.4
2024,Software Engineer,Senior,Medium,Canada,149983.56
2024,Software Engineer,Senior,Medium,Italy,110729.07
2024,Software Engineer,Senior,Medium,Singapore,134872.03
2024,Software Engineer,Senior,Medium,Germany,124421.23
2024,Software Engineer,Senior,Medium,Finland,100527.18
2024,Software Engineer,Senior,Large,United States,182129.86
2024,Software Engineer,Senior,Large,Australia,148695.73
2024,Software Engineer,Senior,Large,Netherlands,111324.99
2024,Software Engineer,Senior,Large,United Kingdom,123977.86
2024,Software Engineer,Senior,Large,Canada,137978.27
2024,Software Engineer,Senior,Large,Italy,106432.88
2024,Software Engineer,Senior,Large,Singapore,129669.086
2024,Software Engineer,Senior,Large,Germany,118111.836
2024,Software Engineer,Senior,Large,Finland,95324.21
2024,Software Engineer,Senior,Enterprise,United States,185975.17
2024,Software Engineer,Senior,Enterprise,Australia,150654.56
2024,Software Engineer,Senior,Enterprise,Netherlands,113109.85
2024,Software Engineer,Senior,Enterprise,United Kingdom,125762.72
2024,Software Engineer,Senior,Enterprise,Canada,139763.16
2024,Software Engineer,Senior,Enterprise,Italy,107310.96
2024,Software Engineer,Senior,Enterprise,Singapore,131453.89
2024,Software Engineer,Senior,Enterprise,Germany,119896.695
2024,Software Engineer,Senior,Enterprise,Finland,97109.07
2024,Software Engineer,Lead,Small,United States,204427.3
2024,Software Engineer,Lead,Small,Australia,183854.92
2024,Software Engineer,Lead,Small,Netherlands,150351.2
2024,Software Engineer,Lead,Small,United Kingdom,157527.36
2024,Software Engineer,Lead,Small,Canada,157992.19
2024,Software Engineer,Lead,Small,Italy,144503.36
2024,Software Engineer,Lead,Small,Singapore,170278.53
2024,Software Engineer,Lead,Small,Germany,149300.44
2024,Software Engineer,Lead,Small,Finland,130313.445
2024,Software Engineer,Lead,Medium,United States,207418.42
2024,Software Engineer,Lead,Medium,Australia,188216.78
2024,Software Engineer,Lead,Medium,Netherlands,154041.19
2024,Software Engineer,Lead,Medium,United Kingdom,162742.5
2024,Software Engineer,Lead,Medium,Canada,168584.52
2024,Software Engineer,Lead,Medium,Italy,149458.12
2024,Software Engineer,Lead,Medium,Singapore,175233.3
2024,Software Engineer,Lead,Medium,Germany,158467.47
2024,Software Engineer,Lead,Medium,Finland,135268.17
2024,Software Engineer,Lead,Large,United States,200848.14
2024,Software Engineer,Lead,Large,Australia,184615.53
2024,Software Engineer,Lead,Large,Netherlands,150422.94
2024,Software Engineer,Lead,Large,United Kingdom,158461.9
2024,Software Engineer,Lead,Large,Canada,158926.73
2024,Software Engineer,Lead,Large,Italy,146344.7
2024,Software Engineer,Lead,Large,Singapore,171213.08
2024,Software Engineer,Lead,Large,Germany,153572.86
2024,Software Engineer,Lead,Large,Finland,131247.95
2024,Software Engineer,Lead,Enterprise,United States,204940.38
2024,Software Engineer,Lead,Enterprise,Australia,186009.36
2024,Software Engineer,Lead,Enterprise,Netherlands,151642.83
2024,Software Engineer,Lead,Enterprise,United Kingdom,159681.8
2024,Software Engineer,Lead,Enterprise,Canada,160146.62
2024,Software Engineer,Lead,Enterprise,Italy,146657.8
2024,Software Engineer,Lead,Enterprise,Singapore,172432.97
2024,Software Engineer,Lead,Enterprise,Germany,154792.75
2024,Software Engineer,Lead,Enterprise,Finland,132467.84
2024,Research Scientist,Entry,Small,United States,167990.89
2024,Research Scientist,Entry,Small,Australia,117998.24
2024,Research Scientist,Entry,Small,Netherlands,165912.19
2024,Research Scientist,Entry,Small,United Kingdom,108822.14
2024,Research Scientist,Entry,Small,Canada,112980.29
2024,Research Scientist,Entry,Small,Italy,85409.086
2024,Research Scientist,Entry,Small,Singapore,109158.07
2024,Research Scientist,Entry,Small,Germany,90395.305
2024,Research Scientist,Entry,Small,Finland,41037.13
2024,Research Scientist,Entry,Medium,United States,191897.94
2024,Research Scientist,Entry,Medium,Australia,130942.65
2024,Research Scientist,Entry,Medium,Netherlands,175774.42
2024,Research Scientist,Entry,Medium,United Kingdom,121019.63
2024,Research Scientist,Entry,Medium,Canada,128789.805
2024,Research Scientist,Entry,Medium,Italy,96807.85
2024,Research Scientist,Entry,Medium,Singapore,120010.26
2024,Research Scientist,Entry,Medium,Germany,113879.21
2024,Research Scientist,Entry,Medium,Finland,48859.785
2024,Research Scientist,Entry,Large,United States,171268.05
2024,Research Scientist,Entry,Large,Australia,118814.4
2024,Research Scientist,Entry,Large,Netherlands,166997.28
2024,Research Scientist,Entry,Large,United Kingdom,109267.84
2024,Research Scientist,Entry,Large,Canada,115451.18
2024,Research Scientist,Entry,Large,Italy,88786.76
2024,Research Scientist,Entry,Large,Singapore,112325.195
2024,Research Scientist,Entry,Large,Germany,96204.08
2024,Research Scientist,Entry,Large,Finland,41482.836
2024,Research Scientist,Entry,Enterprise,United States,171646.69
2024,Research Scientist,Entry,Enterprise,Australia,122215.39
2024,Research Scientist,Entry,Enterprise,Netherlands,167241.38
2024,Research Scientist,Entry,Enterprise,United Kingdom,111014.1
2024,Research Scientist,Entry,Enterprise,Canada,117197.44
2024,Research Scientist,Entry,Enterprise,Italy,89626.234
2024,Research Scientist,Entry,Enterprise,Singapore,113128.875
2024,Research Scientist,Entry,Enterprise,Germany,97950.336
2024,Research Scientist,Entry,Enterprise,Finland,43229.098
2024,Research Scientist,Mid,Small,United States,168426.97
2024,Research Scientist,Mid,Small,Australia,132104.78
2024,Research Scientist,Mid,Small,Netherlands,178116.88
2024,Research Scientist,Mid,Small,United Kingdom,118022.2
2024,Research Scientist,Mid,Small,Canada,131524.97
2024,Research Scientist,Mid,Small,Italy,101361.414
2024,Research Scientist,Mid,Small,Singapore,121570.8
2024,Research Scientist,Mid,Small,Germany,104944.36
2024,Research Scientist,Mid,Small,Finland,60930.91
2024,Research Scientist,Mid,Medium,United States,189081.72
2024,Research Scientist,Mid,Medium,Australia,148780.56
2024,Research Scientist,Mid,Medium,Netherlands,191044.3
2024,Research Scientist,Mid,Medium,United Kingdom,133284.9
2024,Research Scientist,Mid,Medium,Canada,151736.97
2024,Research Scientist,Mid,Medium,Italy,115825.375
2024,Research Scientist,Mid,Medium,Singapore,135943.56
2024,Research Scientist,Mid,Medium,Germany,129811.836
2024,Research Scientist,Mid,Medium,Finland,71818.78
2024,Research Scientist,Mid,Large,United States,172095.4
2024,Research Scientist,Mid,Large,Australia,135134.11
2024,Research Scientist,Mid,Large,Netherlands,181415.1
2024,Research Scientist,Mid,Large,United Kingdom,120681.05
2024,Research Scientist,Mid,Large,Canada,136209.03
2024,Research Scientist,Mid,Large,Italy,106045.445
2024,Research Scientist,Mid,Large,Singapore,126951.07
2024,Research Scientist,Mid,Large,Germany,112966.27
2024,Research Scientist,Mid,Large,Finland,63589.742
2024,Research Scientist,Mid,Enterprise,United States,173841.66
2024,Research Scientist,Mid,Enterprise,Australia,138535.1
2024,Research Scientist,Mid,Enterprise,Netherlands,181659.19
2024,Research Scientist,Mid,Enterprise,United Kingdom,122427.305
2024,Research Scientist,Mid,Enterprise,Canada,137955.28
2024,Research Scientist,Mid,Enterprise,Italy,107791.7
2024,Research Scientist,Mid,Enterprise,Singapore,127754.75
2024,Research Scientist,Mid,Enterprise,Germany,114712.53
2024,Research Scientist,Mid,Enterprise,Finland,65336.023
2024,Research Scientist,Senior,Small,United States,191014.25
2024,Research Scientist,Senior,Small,Australia,155675.23
2024,Research Scientist,Senior,Small,Netherlands,184695.19
2024,Research Scientist,Senior,Small,United Kingdom,189675.42
2024,Research Scientist,Senior,Small,Canada,154056.44
2024,Research Scientist,Senior,Small,Italy,122324.516
2024,Research Scientist,Senior,Small,Singapore,155301.95
2024,Research Scientist,Senior,Small,Germany,129072.88
2024,Research Scientist,Senior,Small,Finland,95731.85
2024,Research Scientist,Senior,Medium,United States,209504.5
2024,Research Scientist,Senior,Medium,Australia,173878.92
2024,Research Scientist,Senior,Medium,Netherlands,199816.7
2024,Research Scientist,Senior,Medium,United Kingdom,215775.19
2024,Research Scientist,Senior,Medium,Canada,174848.06
2024,Research Scientist,Senior,Medium,Italy,138982.47
2024,Research Scientist,Senior,Medium,Singapore,170803.2
2024,Research Scientist,Senior,Medium,Germany,158172.1
2024,Research Scientist,Senior,Medium,Finland,108813.83
2024,Research Scientist,Senior,Large,United States,197181.52
2024,Research Scientist,Senior,Large,Australia,161537.48
2024,Research Scientist,Senior,Large,Netherlands,191000.27
2024,Research Scientist,Senior,Large,United Kingdom,195341.16
2024,Research Scientist,Senior,Large,Canada,160093.88
2024,Research Scientist,Senior,Large,Italy,130922.13
2024,Research Scientist,Senior,Large,Singapore,163689.12
2024,Research Scientist,Senior,Large,Germany,140101.56
2024,Research Scientist,Senior,Large,Finland,101397.56
2024,Research Scientist,Senior,Enterprise,United States,198475.84
2024,Research Scientist,Senior,Enterprise,Australia,165112.4
2024,Research Scientist,Senior,Enterprise,Netherlands,191244.36
2024,Research Scientist,Senior,Enterprise,United Kingdom,197087.4
2024,Research Scientist,Senior,Enterprise,Canada,161840.12
2024,Research Scientist,Senior,Enterprise,Italy,131761.58
2024,Research Scientist,Senior,Enterprise,Singapore,164492.78
2024,Research Scientist,Senior,Enterprise,Germany,141847.81
2024,Research Scientist,Senior,Enterprise,Finland,103143.82
2024,Research Scientist,Lead,Small,United States,215270.47
2024,Research Scientist,Lead,Small,Australia,196322.95
2024,Research Scientist,Lead,Small,Netherlands,227541.83
2024,Research Scientist,Lead,Small,United Kingdom,201170.56
2024,Research Scientist,Lead,Small,Canada,181863.75
2024,Research Scientist,Lead,Small,Italy,166099.27
2024,Research Scientist,Lead,Small,Singapore,201059.39
2024,Research Scientist,Lead,Small,Germany,169095.25
2024,Research Scientist,Lead,Small,Finland,136217.02
2024,Research Scientist,Lead,Medium,United States,233774.61
2024,Research Scientist,Lead,Medium,Australia,210732.36
2024,Research Scientist,Lead,Medium,Netherlands,239067.84
2024,Research Scientist,Lead,Medium,United Kingdom,218188.17
2024,Research Scientist,Lead,Medium,Canada,199548.66
2024,Research Scientist,Lead,Medium,Italy,179161.83
2024,Research Scientist,Lead,Medium,Singapore,213367.81
2024,Research Scientist,Lead,Medium,Germany,194367.06
2024,Research Scientist,Lead,Medium,Finland,145703.48
2024,Research Scientist,Lead,Large,United States,223462.9
2024,Research Scientist,Lead,Large,Australia,199178.34
2024,Research Scientist,Lead,Large,Netherlands,230840.05
2024,Research Scientist,Lead,Large,United Kingdom,203829.44
2024,Research Scientist,Lead,Large,Canada,186547.81
2024,Research Scientist,Lead,Large,Italy,171690.12
2024,Research Scientist,Lead,Large,Singapore,206439.7
2024,Research Scientist,Lead,Large,Germany,177117.19
2024,Research Scientist,Lead,Large,Finland,138875.89
2024,Research Scientist,Lead,Enterprise,United States,225209.16
2024,Research Scientist,Lead,Enterprise,Australia,202753.27
2024,Research Scientist,Lead,Enterprise,Netherlands,231084.14
2024,Research Scientist,Lead,Enterprise,United Kingdom,205575.69
2024,Research Scientist,Lead,Enterprise,Canada,188294.06
2024,Research Scientist,Lead,Enterprise,Italy,172529.58
2024,Research Scientist,Lead,Enterprise,Singapore,207243.36
2024,Research Scientist,Lead,Enterprise,Germany,178863.44
2024,Research Scientist,Lead,Enterprise,Finland,140622.14
2024,Solution Architect,Entry,Small,United States,110226.76
2024,Solution Architect,Entry,Small,Australia,91198.12
2024,Solution Architect,Entry,Small,Netherlands,66830.13
2024,Solution Architect,Entry,Small,United Kingdom,83923.61
2024,Solution Architect,Entry,Small,Canada,81143.25
2024,Solution Architect,Entry,Small,Italy,58106.01
2024,Solution Architect,Entry,Small,Singapore,78554.51
2024,Solution Architect,Entry,Small,Germany,64893.32
2024,Solution Architect,Entry,Small,Finland,46967.105
2024,Solution Architect,Entry,Medium,United States,110603.46
2024,Solution Architect,Entry,Medium,Australia,94161.984
2024,Solution Architect,Entry,Medium,Netherlands,67296.516
2024,Solution Architect,Entry,Medium,United Kingdom,85341.82
2024,Solution Architect,Entry,Medium,Canada,87424.63
2024,Solution Architect,Entry,Medium,Italy,59524.22
2024,Solution Architect,Entry,Medium,Singapore,79426.16
2024,Solution Architect,Entry,Medium,Germany,70399.71
2024,Solution Architect,Entry,Medium,Finland,48385.32
2024,Solution Architect,Entry,Large,United States,110684.62
2024,Solution Architect,Entry,Large,Australia,91291.14
2024,Solution Architect,Entry,Large,Netherlands,67715.09
2024,Solution Architect,Entry,Large,United Kingdom,85671.37
2024,Solution Architect,Entry,Large,Canada,82891.0
2024,Solution Architect,Entry,Large,Italy,60760.543
2024,Solution Architect,Entry,Large,Singapore,80302.266
2024,Solution Architect,Entry,Large,Germany,69978.99
2024,Solution Architect,Entry,Large,Finland,48714.867
2024,Solution Architect,Entry,Enterprise,United States,111254.37
2024,Solution Architect,Entry,Enterprise,Australia,93352.52
2024,Solution Architect,Entry,Enterprise,Netherlands,68121.74
2024,Solution Architect,Entry,Enterprise,United Kingdom,86078.016
2024,Solution Architect,Entry,Enterprise,Canada,83297.66
2024,Solution Architect,Entry,Enterprise,Italy,60260.406
2024,Solution Architect,Entry,Enterprise,Singapore,80708.914
2024,Solution Architect,Entry,Enterprise,Germany,70385.64
2024,Solution Architect,Entry,Enterprise,Finland,49121.51
2024,Solution Architect,Mid,Small,United States,144208.66
2024,Solution Architect,Mid,Small,Australia,112310.805
2024,Solution Architect,Mid,Small,Netherlands,86040.96
2024,Solution Architect,Mid,Small,United Kingdom,103576.35
2024,Solution Architect,Mid,Small,Canada,107858.15
2024,Solution Architect,Mid,Small,Italy,82121.66
2024,Solution Architect,Mid,Small,Singapore,97973.45
2024,Solution Architect,Mid,Small,Germany,84766.99
2024,Solution Architect,Mid,Small,Finland,65633.92
2024,Solution Architect,Mid,Medium,United States,147280.23
2024,Solution Architect,Mid,Medium,Australia,118336.33
2024,Solution Architect,Mid,Medium,Netherlands,88902.8
2024,Solution Architect,Mid,Medium,United Kingdom,107390.016
2024,Solution Architect,Mid,Medium,Canada,118087.91
2024,Solution Architect,Mid,Medium,Italy,85935.32
2024,Solution Architect,Mid,Medium,Singapore,101695.914
2024,Solution Architect,Mid,Medium,Germany,92668.805
2024,Solution Architect,Mid,Medium,Finland,69447.586
2024,Solution Architect,Mid,Large,United States,140293.03
2024,Solution Architect,Mid,Large,Australia,108418.99
2024,Solution Architect,Mid,Large,Netherlands,82941.086
2024,Solution Architect,Mid,Large,United Kingdom,102587.66
2024,Solution Architect,Mid,Large,Canada,105621.07
2024,Solution Architect,Mid,Large,Italy,79884.58
2024,Solution Architect,Mid,Large,Singapore,95736.375
2024,Solution Architect,Mid,Large,Germany,85867.8
2024,Solution Architect,Mid,Large,Finland,63396.824
2024,Solution Architect,Mid,Enterprise,United States,145236.28
2024,Solution Architect,Mid,Enterprise,Australia,114465.21
2024,Solution Architect,Mid,Enterprise,Netherlands,87332.57
2024,Solution Architect,Mid,Enterprise,United Kingdom,105730.76
2024,Solution Architect,Mid,Enterprise,Canada,110012.555
2024,Solution Architect,Mid,Enterprise,Italy,84276.06
2024,Solution Architect,Mid,Enterprise,Singapore,100127.86
2024,Solution Architect,Mid,Enterprise,Germany,90259.28
2024,Solution Architect,Mid,Enterprise,Finland,67788.33
2024,Solution Architect,Senior,Small,United States,179118.34
2024,Solution Architect,Senior,Small,Australia,144343.06
2024,Solution Architect,Senior,Small,Netherlands,117083.98
2024,Solution Architect,Senior,Small,United Kingdom,139987.56
2024,Solution Architect,Senior,Small,Canada,140571.39
2024,Solution Architect,Senior,Small,Italy,109791.0
2024,Solution Architect,Senior,Small,Singapore,138734.7
2024,Solution Architect,Senior,Small,Germany,117307.516
2024,Solution Architect,Senior,Small,Finland,98145.22
2024,Solution Architect,Senior,Medium,United States,184938.1
2024,Solution Architect,Senior,Medium,Australia,150156.14
2024,Solution Architect,Senior,Medium,Netherlands,120399.58
2024,Solution Architect,Senior,Medium,United Kingdom,144255.03
2024,Solution Architect,Senior,Medium,Canada,150625.9
2024,Solution Architect,Senior,Medium,Italy,114058.43
2024,Solution Architect,Senior,Medium,Singapore,143002.16
2024,Solution Architect,Senior,Medium,Germany,126019.25
2024,Solution Architect,Senior,Medium,Finland,102412.65
2024,Solution Architect,Senior,Large,United States,183518.23
2024,Solution Architect,Senior,Large,Australia,146625.47
2024,Solution Architect,Senior,Large,Netherlands,120332.23
2024,Solution Architect,Senior,Large,United Kingdom,144098.66
2024,Solution Architect,Senior,Large,Canada,144682.47
2024,Solution Architect,Senior,Large,Italy,114808.83
2024,Solution Architect,Senior,Large,Singapore,142845.78
2024,Solution Architect,Senior,Large,Germany,124756.445
2024,Solution Architect,Senior,Large,Finland,102256.266
2024,Solution Architect,Senior,Enterprise,United States,182192.88
2024,Solution Architect,Senior,Enterprise,Australia,147417.6
2024,Solution Architect,Senior,Enterprise,Netherlands,119295.68
2024,Solution Architect,Senior,Enterprise,United Kingdom,143062.1
2024,Solution Architect,Senior,Enterprise,Canada,143645.92
2024,Solution Architect,Senior,Enterprise,Italy,112865.5
2024,Solution Architect,Senior,Enterprise,Singapore,141809.23
2024,Solution Architect,Senior,Enterprise,Germany,123719.9
2024,Solution Architect,Senior,Enterprise,Finland,101219.72
2024,Solution Architect,Lead,Small,United States,193314.33
2024,Solution Architect,Lead,Small,Australia,170637.02
2024,Solution Architect,Lead,Small,Netherlands,147268.48
2024,Solution Architect,Lead,Small,United Kingdom,165347.77
2024,Solution Architect,Lead,Small,Canada,154347.03
2024,Solution Architect,Lead,Small,Italy,139990.4
2024,Solution Architect,Lead,Small,Singapore,171083.7
2024,Solution Architect,Lead,Small,Germany,144787.48
2024,Solution Architect,Lead,Small,Finland,124356.68
2024,Solution Architect,Lead,Medium,United States,194698.06
2024,Solution Architect,Lead,Medium,Australia,175331.23
2024,Solution Architect,Lead,Medium,Netherlands,149664.02
2024,Solution Architect,Lead,Medium,United Kingdom,168695.14
2024,Solution Architect,Lead,Medium,Canada,162316.75
2024,Solution Architect,Lead,Medium,Italy,143337.78
2024,Solution Architect,Lead,Medium,Singapore,174431.08
2024,Solution Architect,Lead,Medium,Germany,152347.12
2024,Solution Architect,Lead,Medium,Finland,127704.016
2024,Solution Architect,Lead,Large,United States,192897.64
2024,Solution Architect,Lead,Large,Australia,170556.12
2024,Solution Architect,Lead,Large,Netherlands,148153.45
2024,Solution Architect,Lead,Large,United Kingdom,167095.55
2024,Solution Architect,Lead,Large,Canada,156094.81
2024,Solution Architect,Lead,Large,Italy,142644.98
2024,Solution Architect,Lead,Large,Singapore,172831.48
2024,Solution Architect,Lead,Large,Germany,149873.14
2024,Solution Architect,Lead,Large,Finland,126104.43
2024,Solution Architect,Lead,Enterprise,United States,193827.4
2024,Solution Architect,Lead,Enterprise,Australia,172791.45
2024,Solution Architect,Lead,Enterprise,Netherlands,148560.11
2024,Solution Architect,Lead,Enterprise,United Kingdom,167502.2
2024,Solution Architect,Lead,Enterprise,Canada,156501.47
2024,Solution Architect,Lead,Enterprise,Italy,142144.84
2024,Solution Architect,Lead,Enterprise,Singapore,173238.14
2024,Solution Architect,Lead,Enterprise,Germany,150279.8
2024,Solution Architect,Lead,Enterprise,Finland,126511.086
2024,Software Architect,Entry,Small,United States,147577.16
2024,Software Architect,Entry,Small,Australia,123697.21
2024,Software Architect,Entry,Small,Netherlands,101355.73
2024,Software Architect,Entry,Small,United Kingdom,101715.91
2024,Software Architect,Entry,Small,Canada,115838.87
2024,Software Architect,Entry,Small,Italy,93430.57
2024,Software Architect,Entry,Small,Singapore,113771.56
2024,Software Architect,Entry,Small,Germany,100217.89
2024,Software Architect,Entry,Small,Finland,82291.7
2024,Software Architect,Entry,Medium,United States,155004.8
2024,Software Architect,Entry,Medium,Australia,133325.4
2024,Software Architect,Entry,Medium,Netherlands,108873.03
2024,Software Architect,Entry,Medium,United Kingdom,110185.055
2024,Software Architect,Entry,Medium,Canada,129171.18
2024,Software Architect,Entry,Medium,Italy,101899.72
2024,Software Architect,Entry,Medium,Singapore,121694.13
2024,Software Architect,Entry,Medium,Germany,112775.17
2024,Software Architect,Entry,Medium,Finland,90760.85
2024,Software Architect,Entry,Large,United States,136969.12
2024,Software Architect,Entry,Large,Australia,112561.23
2024,Software Architect,Entry,Large,Netherlands,91011.68
2024,Software Architect,Entry,Large,United Kingdom,92234.68
2024,Software Architect,Entry,Large,Canada,106585.64
2024,Software Architect,Entry,Large,Italy,84856.125
2024,Software Architect,Entry,Large,Singapore,104290.32
2024,Software Architect,Entry,Large,Germany,94074.53
2024,Software Architect,Entry,Large,Finland,72810.46
2024,Software Architect,Entry,Enterprise,United States,148604.78
2024,Software Architect,Entry,Enterprise,Australia,125851.62
2024,Software Architect,Entry,Enterprise,Netherlands,102647.336
2024,Software Architect,Entry,Enterprise,United Kingdom,103870.31
2024,Software Architect,Entry,Enterprise,Canada,117993.28
2024,Software Architect,Entry,Enterprise,Italy,95584.98
2024,Software Architect,Entry,Enterprise,Singapore,115925.97
2024,Software Architect,Entry,Enterprise,Germany,105710.17
2024,Software Architect,Entry,Enterprise,Finland,84446.11
2024,Software Architect,Mid,Small,United States,177414.7
2024,Software Architect,Mid,Small,Australia,144071.6
2024,Software Architect,Mid,Small,Netherlands,120027.13
2024,Software Architect,Mid,Small,United Kingdom,122604.625
2024,Software Architect,Mid,Small,Canada,138063.19
2024,Software Architect,Mid,Small,Italy,116906.77
2024,Software Architect,Mid,Small,Singapore,132651.0
2024,Software Architect,Mid,Small,Germany,119422.34
2024,Software Architect,Mid,Small,Finland,100419.03
2024,Software Architect,Mid,Medium,United States,185662.36
2024,Software Architect,Mid,Medium,Australia,155085.44
2024,Software Architect,Mid,Medium,Netherlands,128065.05
2024,Software Architect,Mid,Medium,United Kingdom,131594.38
2024,Software Architect,Mid,Medium,Canada,153469.08
2024,Software Architect,Mid,Medium,Italy,125896.516
2024,Software Architect,Mid,Medium,Singapore,141549.55
2024,Software Architect,Mid,Medium,Germany,132500.25
2024,Software Architect,Mid,Medium,Finland,109408.79
2024,Software Architect,Mid,Large,United States,166806.69
2024,Software Architect,Mid,Large,Australia,132935.64
2024,Software Architect,Mid,Large,Netherlands,109683.09
2024,Software Architect,Mid,Large,United Kingdom,113123.39
2024,Software Architect,Mid,Large,Canada,128810.01
2024,Software Architect,Mid,Large,Italy,107425.53
2024,Software Architect,Mid,Large,Singapore,123169.82
2024,Software Architect,Mid,Large,Germany,113278.99
2024,Software Architect,Mid,Large,Finland,90937.8
2024,Software Architect,Mid,Enterprise,United States,178442.33
2024,Software Architect,Mid,Enterprise,Australia,146226.03
2024,Software Architect,Mid,Enterprise,Netherlands,121318.74
2024,Software Architect,Mid,Enterprise,United Kingdom,124759.03
2024,Software Architect,Mid,Enterprise,Canada,140217.62
2024,Software Architect,Mid,Enterprise,Italy,119061.18
2024,Software Architect,Mid,Enterprise,Singapore,134805.42
2024,Software Architect,Mid,Enterprise,Germany,124914.64
2024,Software Architect,Mid,Enterprise,Finland,102573.44
2024,Software Architect,Senior,Small,United States,205881.38
2024,Software Architect,Senior,Small,Australia,165630.36
2024,Software Architect,Senior,Small,Netherlands,141334.69
2024,Software Architect,Senior,Small,United Kingdom,146682.06
2024,Software Architect,Senior,Small,Canada,166700.55
2024,Software Architect,Senior,Small,Italy,134041.69
2024,Software Architect,Senior,Small,Singapore,163152.84
2024,Software Architect,Senior,Small,Germany,143289.56
2024,Software Architect,Senior,Small,Finland,122396.086
2024,Software Architect,Senior,Medium,United States,216877.2
2024,Software Architect,Senior,Medium,Australia,176233.0
2024,Software Architect,Senior,Medium,Netherlands,149826.42
2024,Software Architect,Senior,Medium,United Kingdom,156125.61
2024,Software Architect,Senior,Medium,Canada,181931.14
2024,Software Architect,Senior,Medium,Italy,143485.27
2024,Software Architect,Senior,Medium,Singapore,172596.39
2024,Software Architect,Senior,Medium,Germany,157177.42
2024,Software Architect,Senior,Medium,Finland,131839.64
2024,Software Architect,Senior,Large,United States,197772.19
2024,Software Architect,Senior,Large,Australia,155240.56
2024,Software Architect,Senior,Large,Netherlands,131910.81
2024,Software Architect,Senior,Large,United Kingdom,138120.92
2024,Software Architect,Senior,Large,Canada,158367.45
2024,Software Architect,Senior,Large,Italy,126387.49
2024,Software Architect,Senior,Large,Singapore,154591.7
2024,Software Architect,Senior,Large,Germany,138066.31
2024,Software Architect,Senior,Large,Finland,113834.95
2024,Software Architect,Senior,Enterprise,United States,208955.9
2024,Software Architect,Senior,Enterprise,Australia,168704.89
2024,Software Architect,Senior,Enterprise,Netherlands,143546.4
2024,Software Architect,Senior,Enterprise,United Kingdom,149756.6
2024,Software Architect,Senior,Enterprise,Canada,169775.08
2024,Software Architect,Senior,Enterprise,Italy,137116.22
2024,Software Architect,Senior,Enterprise,Singapore,166227.38
2024,Software Architect,Senior,Enterprise,Germany,149701.97
2024,Software Architect,Senior,Enterprise,Finland,125470.586
2024,Software Architect,Lead,Small,United States,229076.4
2024,Software Architect,Lead,Small,Australia,201815.64
2024,Software Architect,Lead,Small,Netherlands,180672.4
2024,Software Architect,Lead,Small,United Kingdom,182023.64
2024,Software Architect,Lead,Small,Canada,187920.98
2024,Software Architect,Lead,Small,Italy,174193.27
2024,Software Architect,Lead,Small,Singapore,205453.8
2024,Software Architect,Lead,Small,Germany,178990.34
2024,Software Architect,Lead,Small,Finland,158559.42
2024,Software Architect,Lead,Medium,United States,235636.22
2024,Software Architect,Lead,Medium,Australia,211498.19
2024,Software Architect,Lead,Medium,Netherlands,188244.02
2024,Software Architect,Lead,Medium,United Kingdom,190547.1
2024,Software Architect,Lead,Medium,Canada,201066.78
2024,Software Architect,Lead,Medium,Italy,182716.72
2024,Software Architect,Lead,Medium,Singapore,213977.25
2024,Software Architect,Lead,Medium,Germany,191726.06
2024,Software Architect,Lead,Medium,Finland,167082.88
2024,Software Architect,Lead,Large,United States,217593.84
2024,Software Architect,Lead,Large,Australia,190505.77
2024,Software Architect,Lead,Large,Netherlands,170328.39
2024,Software Architect,Lead,Large,United Kingdom,172542.44
2024,Software Architect,Lead,Large,Canada,178667.8
2024,Software Architect,Lead,Large,Italy,165618.86
2024,Software Architect,Lead,Large,Singapore,195972.6
2024,Software Architect,Lead,Large,Germany,172847.02
2024,Software Architect,Lead,Large,Finland,149078.22
2024,Software Architect,Lead,Enterprise,United States,229589.48
2024,Software Architect,Lead,Enterprise,Australia,203970.08
2024,Software Architect,Lead,Enterprise,Netherlands,181964.03
2024,Software Architect,Lead,Enterprise,United Kingdom,184178.08
2024,Software Architect,Lead,Enterprise,Canada,190075.42
2024,Software Architect,Lead,Enterprise,Italy,176347.7
2024,Software Architect,Lead,Enterprise,Singapore,207608.23
2024,Software Architect,Lead,Enterprise,Germany,184482.66
2024,Software Architect,Lead,Enterprise,Finland,160713.86
2024,Database Engineer,Entry,Small,United States,97066.44
2024,Database Engineer,Entry,Small,Australia,75719.5
2024,Database Engineer,Entry,Small,Netherlands,51573.36
2024,Database Engineer,Entry,Small,United Kingdom,51532.848
2024,Database Engineer,Entry,Small,Canada,70201.77
2024,Database Engineer,Entry,Small,Italy,43648.266
2024,Database Engineer,Entry,Small,Singapore,64044.176
2024,Database Engineer,Entry,Small,Germany,50435.555
2024,Database Engineer,Entry,Small,Finland,33133.477
2024,Database Engineer,Entry,Medium,United States,98235.24
2024,Database Engineer,Entry,Medium,Australia,79475.47
2024,Database Engineer,Entry,Medium,Netherlands,52831.85
2024,Database Engineer,Entry,Medium,United Kingdom,53743.145
2024,Database Engineer,Entry,Medium,Canada,77275.26
2024,Database Engineer,Entry,Medium,Italy,45858.58
2024,Database Engineer,Entry,Medium,Singapore,65707.96
2024,Database Engineer,Entry,Medium,Germany,56734.01
2024,Database Engineer,Entry,Medium,Finland,35343.785
2024,Database Engineer,Entry,Large,United States,97849.95
2024,Database Engineer,Entry,Large,Australia,75975.08
2024,Database Engineer,Entry,Large,Netherlands,52620.88
2024,Database Engineer,Entry,Large,United Kingdom,53443.164
2024,Database Engineer,Entry,Large,Canada,72112.086
2024,Database Engineer,Entry,Large,Italy,46465.367
2024,Database Engineer,Entry,Large,Singapore,65954.52
2024,Database Engineer,Entry,Large,Germany,55683.754
2024,Database Engineer,Entry,Large,Finland,35043.793
2024,Database Engineer,Entry,Enterprise,United States,98094.05
2024,Database Engineer,Entry,Enterprise,Australia,77873.91
2024,Database Engineer,Entry,Enterprise,Netherlands,52864.97
2024,Database Engineer,Entry,Enterprise,United Kingdom,53687.254
2024,Database Engineer,Entry,Enterprise,Canada,72356.18
2024,Database Engineer,Entry,Enterprise,Italy,45802.67
2024,Database Engineer,Entry,Enterprise,Singapore,66198.62
2024,Database Engineer,Entry,Enterprise,Germany,55927.844
2024,Database Engineer,Entry,Enterprise,Finland,35287.883
2024,Database Engineer,Mid,Small,United States,119461.195
2024,Database Engineer,Mid,Small,Australia,90751.164
2024,Database Engineer,Mid,Small,Netherlands,64703.277
2024,Database Engineer,Mid,Small,United Kingdom,67908.35
2024,Database Engineer,Mid,Small,Canada,86884.54
2024,Database Engineer,Mid,Small,Italy,61582.914
2024,Database Engineer,Mid,Small,Singapore,77382.13
2024,Database Engineer,Mid,Small,Germany,64228.25
2024,Database Engineer,Mid,Small,Finland,45719.223
2024,Database Engineer,Mid,Medium,United States,121450.01
2024,Database Engineer,Mid,Medium,Australia,95693.945
2024,Database Engineer,Mid,Medium,Netherlands,66482.4
2024,Database Engineer,Mid,Medium,United Kingdom,70639.27
2024,Database Engineer,Mid,Medium,Canada,96031.555
2024,Database Engineer,Mid,Medium,Italy,64313.87
2024,Database Engineer,Mid,Medium,Singapore,80021.85
2024,Database Engineer,Mid,Medium,Germany,71047.35
2024,Database Engineer,Mid,Medium,Finland,48450.137
2024,Database Engineer,Mid,Large,United States,120244.71
2024,Database Engineer,Mid,Large,Australia,91006.74
2024,Database Engineer,Mid,Large,Netherlands,65750.82
2024,Database Engineer,Mid,Large,United Kingdom,69818.664
2024,Database Engineer,Mid,Large,Canada,88794.85
2024,Database Engineer,Mid,Large,Italy,63493.227
2024,Database Engineer,Mid,Large,Singapore,79292.445
2024,Database Engineer,Mid,Large,Germany,69476.48
2024,Database Engineer,Mid,Large,Finland,47629.54
2024,Database Engineer,Mid,Enterprise,United States,120488.805
2024,Database Engineer,Mid,Enterprise,Australia,92905.57
2024,Database Engineer,Mid,Enterprise,Netherlands,65994.914
2024,Database Engineer,Mid,Enterprise,United Kingdom,70062.76
2024,Database Engineer,Mid,Enterprise,Canada,89038.945
2024,Database Engineer,Mid,Enterprise,Italy,63737.324
2024,Database Engineer,Mid,Enterprise,Singapore,79536.54
2024,Database Engineer,Mid,Enterprise,Germany,69720.57
2024,Database Engineer,Mid,Enterprise,Finland,47873.63
2024,Database Engineer,Senior,Small,United States,154366.75
2024,Database Engineer,Senior,Small,Australia,116550.04
2024,Database Engineer,Senior,Small,Netherlands,90311.79
2024,Database Engineer,Senior,Small,United Kingdom,95258.375
2024,Database Engineer,Senior,Small,Canada,120695.38
2024,Database Engineer,Senior,Small,Italy,83018.81
2024,Database Engineer,Senior,Small,Singapore,111910.06
2024,Database Engineer,Senior,Small,Germany,92266.664
2024,Database Engineer,Senior,Small,Finland,71997.1
2024,Database Engineer,Senior,Medium,United States,159103.77
2024,Database Engineer,Senior,Medium,Australia,121280.38
2024,Database Engineer,Senior,Medium,Netherlands,92544.65
2024,Database Engineer,Senior,Medium,United Kingdom,98443.06
2024,Database Engineer,Senior,Medium,Canada,129667.14
2024,Database Engineer,Senior,Medium,Italy,86203.5
2024,Database Engineer,Senior,Medium,Singapore,115094.75
2024,Database Engineer,Senior,Medium,Germany,99895.66
2024,Database Engineer,Senior,Medium,Finland,75181.79
2024,Database Engineer,Senior,Large,United States,159381.73
2024,Database Engineer,Senior,Large,Australia,119284.41
2024,Database Engineer,Senior,Large,Netherlands,94012.03
2024,Database Engineer,Senior,Large,United Kingdom,99821.41
2024,Database Engineer,Senior,Large,Canada,125258.445
2024,Database Engineer,Senior,Large,Italy,88488.63
2024,Database Engineer,Senior,Large,Singapore,116473.1
2024,Database Engineer,Senior,Large,Germany,100167.586
2024,Database Engineer,Senior,Large,Finland,76560.14
2024,Database Engineer,Senior,Enterprise,United States,157441.28
2024,Database Engineer,Senior,Enterprise,Australia,119624.54
2024,Database Engineer,Senior,Enterprise,Netherlands,92523.49
2024,Database Engineer,Senior,Enterprise,United Kingdom,98332.875
2024,Database Engineer,Senior,Enterprise,Canada,123769.88
2024,Database Engineer,Senior,Enterprise,Italy,86093.31
2024,Database Engineer,Senior,Enterprise,Singapore,114984.56
2024,Database Engineer,Senior,Enterprise,Germany,98679.05
2024,Database Engineer,Senior,Enterprise,Finland,75071.6
2024,Database Engineer,Lead,Small,United States,177512.11
2024,Database Engineer,Lead,Small,Australia,152983.22
2024,Database Engineer,Lead,Small,Netherlands,129836.74
2024,Database Engineer,Lead,Small,United Kingdom,130787.17
2024,Database Engineer,Lead,Small,Canada,141230.39
2024,Database Engineer,Lead,Small,Italy,123357.63
2024,Database Engineer,Lead,Small,Singapore,154398.25
2024,Database Engineer,Lead,Small,Germany,128154.69
2024,Database Engineer,Lead,Small,Finland,108347.81
2024,Database Engineer,Lead,Medium,United States,177813.11
2024,Database Engineer,Lead,Medium,Australia,156594.7
2024,Database Engineer,Lead,Medium,Netherlands,131149.48
2024,Database Engineer,Lead,Medium,United Kingdom,133051.81
2024,Database Engineer,Lead,Medium,Canada,148117.38
2024,Database Engineer,Lead,Medium,Italy,125622.266
2024,Database Engineer,Lead,Medium,Singapore,156662.89
2024,Database Engineer,Lead,Medium,Germany,134631.53
2024,Database Engineer,Lead,Medium,Finland,110612.41
2024,Database Engineer,Lead,Large,United States,177421.1
2024,Database Engineer,Lead,Large,Australia,153064.89
2024,Database Engineer,Lead,Large,Netherlands,130884.27
2024,Database Engineer,Lead,Large,United Kingdom,132697.52
2024,Database Engineer,Lead,Large,Canada,143140.73
2024,Database Engineer,Lead,Large,Italy,126174.76
2024,Database Engineer,Lead,Large,Singapore,156308.6
2024,Database Engineer,Lead,Large,Germany,133402.84
2024,Database Engineer,Lead,Large,Finland,110258.125
2024,Database Engineer,Lead,Enterprise,United States,178025.19
2024,Database Engineer,Lead,Enterprise,Australia,155137.66
2024,Database Engineer,Lead,Enterprise,Netherlands,131128.31
2024,Database Engineer,Lead,Enterprise,United Kingdom,132941.61
2024,Database Engineer,Lead,Enterprise,Canada,143384.83
2024,Database Engineer,Lead,Enterprise,Italy,125512.07
2024,Database Engineer,Lead,Enterprise,Singapore,156552.69
2024,Database Engineer,Lead,Enterprise,Germany,133646.94
2024,Database Engineer,Lead,Enterprise,Finland,110502.22
2024,Data Scientist,Entry,Small,United States,116270.39
2024,Data Scientist,Entry,Small,Australia,93682.664
2024,Data Scientist,Entry,Small,Netherlands,66644.63
2024,Data Scientist,Entry,Small,United Kingdom,64505.75
2024,Data Scientist,Entry,Small,Canada,89728.33
2024,Data Scientist,Entry,Small,Italy,65317.543
2024,Data Scientist,Entry,Small,Singapore,83909.27
2024,Data Scientist,Entry,Small,Germany,70435.51
2024,Data Scientist,Entry,Small,Finland,49729.457
2024,Data Scientist,Entry,Medium,United States,118312.914
2024,Data Scientist,Entry,Medium,Australia,98312.35
2024,Data Scientist,Entry,Medium,Netherlands,68776.836
2024,Data Scientist,Entry,Medium,United Kingdom,67589.83
2024,Data Scientist,Entry,Medium,Canada,99840.44
2024,Data Scientist,Entry,Medium,Italy,68401.58
2024,Data Scientist,Entry,Medium,Singapore,86446.74
2024,Data Scientist,Entry,Medium,Germany,74204.39
2024,Data Scientist,Entry,Medium,Finland,52813.484
2024,Data Scientist,Entry,Large,United States,117401.39
2024,Data Scientist,Entry,Large,Australia,94285.73
2024,Data Scientist,Entry,Large,Netherlands,68039.63
2024,Data Scientist,Entry,Large,United Kingdom,66763.59
2024,Data Scientist,Entry,Large,Canada,91986.125
2024,Data Scientist,Entry,Large,Italy,67575.34
2024,Data Scientist,Entry,Large,Singapore,86167.07
2024,Data Scientist,Entry,Large,Germany,73032.41
2024,Data Scientist,Entry,Large,Finland,51987.254
2024,Data Scientist,Entry,Enterprise,United States,117401.39
2024,Data Scientist,Entry,Enterprise,Australia,95940.46
2024,Data Scientist,Entry,Enterprise,Netherlands,68039.63
2024,Data Scientist,Entry,Enterprise,United Kingdom,66763.59
2024,Data Scientist,Entry,Enterprise,Canada,91986.125
2024,Data Scientist,Entry,Enterprise,Italy,67575.34
2024,Data Scientist,Entry,Enterprise,Singapore,86167.07
2024,Data Scientist,Entry,Enterprise,Germany,73032.41
2024,Data Scientist,Entry,Enterprise,Finland,51987.254
2024,Data Scientist,Mid,Small,United States,145722.58
2024,Data Scientist,Mid,Small,Australia,111659.65
2024,Data Scientist,Mid,Small,Netherlands,83873.18
2024,Data Scientist,Mid,Small,United Kingdom,85210.97
2024,Data Scientist,Mid,Small,Canada,108643.33
2024,Data Scientist,Mid,Small,Italy,86581.984
2024,Data Scientist,Mid,Small,Singapore,102172.96
2024,Data Scientist,Mid,Small,Germany,89382.08
2024,Data Scientist,Mid,Small,Finland,65199.32
2024,Data Scientist,Mid,Medium,United States,148585.12
2024,Data Scientist,Mid,Medium,Australia,117476.15
2024,Data Scientist,Mid,Medium,Netherlands,86525.99
2024,Data Scientist,Mid,Medium,United Kingdom,88815.61
2024,Data Scientist,Mid,Medium,Canada,118664.06
2024,Data Scientist,Mid,Medium,Italy,90186.625
2024,Data Scientist,Mid,Medium,Singapore,105686.4
2024,Data Scientist,Mid,Medium,Germany,93671.57
2024,Data Scientist,Mid,Medium,Finland,68803.96
2024,Data Scientist,Mid,Large,United States,146853.6
2024,Data Scientist,Mid,Large,Australia,112262.71
2024,Data Scientist,Mid,Large,Netherlands,85268.18
2024,Data Scientist,Mid,Large,United Kingdom,87468.766
2024,Data Scientist,Mid,Large,Canada,110901.125
2024,Data Scientist,Mid,Large,Italy,86991.83
2024,Data Scientist,Mid,Large,Singapore,104430.76
2024,Data Scientist,Mid,Large,Germany,91978.98
2024,Data Scientist,Mid,Large,Finland,67457.12
2024,Data Scientist,Mid,Enterprise,United States,146853.6
2024,Data Scientist,Mid,Enterprise,Australia,113917.445
2024,Data Scientist,Mid,Enterprise,Netherlands,85268.18
2024,Data Scientist,Mid,Enterprise,United Kingdom,87468.766
2024,Data Scientist,Mid,Enterprise,Canada,110901.125
2024,Data Scientist,Mid,Enterprise,Italy,88839.78
2024,Data Scientist,Mid,Enterprise,Singapore,104430.76
2024,Data Scientist,Mid,Enterprise,Germany,91978.98
2024,Data Scientist,Mid,Enterprise,Finland,67457.12
2024,Data Scientist,Senior,Small,United States,175625.9
2024,Data Scientist,Senior,Small,Australia,135714.67
2024,Data Scientist,Senior,Small,Netherlands,107937.31
2024,Data Scientist,Senior,Small,United Kingdom,110422.58
2024,Data Scientist,Senior,Small,Canada,139948.4
2024,Data Scientist,Senior,Small,Italy,111167.02
2024,Data Scientist,Senior,Small,Singapore,133996.88
2024,Data Scientist,Senior,Small,Germany,114297.945
2024,Data Scientist,Senior,Small,Finland,90784.43
2024,Data Scientist,Senior,Medium,United States,180917.75
2024,Data Scientist,Senior,Medium,Australia,141318.73
2024,Data Scientist,Senior,Medium,Netherlands,111043.89
2024,Data Scientist,Senior,Medium,United Kingdom,114480.984
2024,Data Scientist,Senior,Medium,Canada,149793.89
2024,Data Scientist,Senior,Medium,Italy,115225.43
2024,Data Scientist,Senior,Medium,Singapore,138055.38
2024,Data Scientist,Senior,Medium,Germany,119397.36
2024,Data Scientist,Senior,Medium,Finland,94842.836
2024,Data Scientist,Senior,Large,United States,181451.47
2024,Data Scientist,Senior,Large,Australia,137063.92
2024,Data Scientist,Senior,Large,Netherlands,110252.41
2024,Data Scientist,Senior,Large,United Kingdom,113600.47
2024,Data Scientist,Senior,Large,Canada,143126.33
2024,Data Scientist,Senior,Large,Italy,112496.96
2024,Data Scientist,Senior,Large,Singapore,137174.8
2024,Data Scientist,Senior,Large,Germany,117814.94
2024,Data Scientist,Senior,Large,Finland,93962.32
2024,Data Scientist,Senior,Enterprise,United States,178803.83
2024,Data Scientist,Senior,Enterprise,Australia,138892.6
2024,Data Scientist,Senior,Enterprise,Netherlands,110252.41
2024,Data Scientist,Senior,Enterprise,United Kingdom,113600.47
2024,Data Scientist,Senior,Enterprise,Canada,143126.33
2024,Data Scientist,Senior,Enterprise,Italy,114344.914
2024,Data Scientist,Senior,Enterprise,Singapore,137174.8
2024,Data Scientist,Senior,Enterprise,Germany,117814.94
2024,Data Scientist,Senior,Enterprise,Finland,93962.32
2024,Data Scientist,Lead,Small,United States,197176.9
2024,Data Scientist,Lead,Small,Australia,170396.73
2024,Data Scientist,Lead,Small,Netherlands,145347.9
2024,Data Scientist,Lead,Small,United Kingdom,144200.08
2024,Data Scientist,Lead,Small,Canada,158284.84
2024,Data Scientist,Lead,Small,Italy,145770.38
2024,Data Scientist,Lead,Small,Singapore,174091.03
2024,Data Scientist,Lead,Small,Germany,148310.77
2024,Data Scientist,Lead,Small,Finland,125616.62
2024,Data Scientist,Lead,Medium,United States,198351.61
2024,Data Scientist,Lead,Medium,Australia,174881.92
2024,Data Scientist,Lead,Medium,Netherlands,147534.4
2024,Data Scientist,Lead,Medium,United Kingdom,147338.42
2024,Data Scientist,Lead,Medium,Canada,166045.53
2024,Data Scientist,Lead,Medium,Italy,148908.72
2024,Data Scientist,Lead,Medium,Singapore,177229.38
2024,Data Scientist,Lead,Medium,Germany,152258.08
2024,Data Scientist,Lead,Medium,Finland,128754.914
2024,Data Scientist,Lead,Large,United States,197433.38
2024,Data Scientist,Lead,Large,Australia,170825.89
2024,Data Scientist,Lead,Large,Netherlands,146742.92
2024,Data Scientist,Lead,Large,United Kingdom,146457.9
2024,Data Scientist,Lead,Large,Canada,160542.67
2024,Data Scientist,Lead,Large,Italy,146180.25
2024,Data Scientist,Lead,Large,Singapore,176348.86
2024,Data Scientist,Lead,Large,Germany,150907.69
2024,Data Scientist,Lead,Large,Finland,127874.42
2024,Data Scientist,Lead,Enterprise,United States,197793.38
2024,Data Scientist,Lead,Enterprise,Australia,172654.56
2024,Data Scientist,Lead,Enterprise,Netherlands,146742.92
2024,Data Scientist,Lead,Enterprise,United Kingdom,146457.9
2024,Data Scientist,Lead,Enterprise,Canada,160542.67
2024,Data Scientist,Lead,Enterprise,Italy,148028.2
2024,Data Scientist,Lead,Enterprise,Singapore,176348.86
2024,Data Scientist,Lead,Enterprise,Germany,150907.69
2024,Data Scientist,Lead,Enterprise,Finland,127874.42
2024,Data Engineer,Entry,Small,United States,105827.25
2024,Data Engineer,Entry,Small,Australia,89317.02
2024,Data Engineer,Entry,Small,Netherlands,56449.855
2024,Data Engineer,Entry,Small,United Kingdom,59871.65
2024,Data Engineer,Entry,Small,Canada,72789.266
2024,Data Engineer,Entry,Small,Italy,48513.438
2024,Data Engineer,Entry,Small,Singapore,63119.688
2024,Data Engineer,Entry,Small,Germany,58928.58
2024,Data Engineer,Entry,Small,Finland,43888.098
2024,Data Engineer,Entry,Medium,United States,113270.46
2024,Data Engineer,Entry,Medium,Australia,100051.99
2024,Data Engineer,Entry,Medium,Netherlands,63065.73
2024,Data Engineer,Entry,Medium,United Kingdom,64642.18
2024,Data Engineer,Entry,Medium,Canada,91517.45
2024,Data Engineer,Entry,Medium,Italy,54638.69
2024,Data Engineer,Entry,Medium,Singapore,70140.836
2024,Data Engineer,Entry,Medium,Germany,69334.06
2024,Data Engineer,Entry,Medium,Finland,51455.766
2024,Data Engineer,Entry,Large,United States,111428.2
2024,Data Engineer,Entry,Large,Australia,93997.27
2024,Data Engineer,Entry,Large,Netherlands,61276.246
2024,Data Engineer,Entry,Large,United Kingdom,63508.66
2024,Data Engineer,Entry,Large,Canada,81980.72
2024,Data Engineer,Entry,Large,Italy,55109.406
2024,Data Engineer,Entry,Large,Singapore,68808.875
2024,Data Engineer,Entry,Large,Germany,67955.695
2024,Data Engineer,Entry,Large,Finland,49577.234
2024,Data Engineer,Entry,Enterprise,United States,111313.56
2024,Data Engineer,Entry,Enterprise,Australia,95449.18
2024,Data Engineer,Entry,Enterprise,Netherlands,61073.355
2024,Data Engineer,Entry,Enterprise,United Kingdom,63305.78
2024,Data Engineer,Entry,Enterprise,Canada,81332.305
2024,Data Engineer,Entry,Enterprise,Italy,53999.734
2024,Data Engineer,Entry,Enterprise,Singapore,68606.05
2024,Data Engineer,Entry,Enterprise,Germany,67752.87
2024,Data Engineer,Entry,Enterprise,Finland,49374.402
2024,Data Engineer,Mid,Small,United States,129391.91
2024,Data Engineer,Mid,Small,Australia,101709.016
2024,Data Engineer,Mid,Small,Netherlands,68382.37
2024,Data Engineer,Mid,Small,United Kingdom,76413.25
2024,Data Engineer,Mid,Small,Canada,88956.39
2024,Data Engineer,Mid,Small,Italy,65250.688
2024,Data Engineer,Mid,Small,Singapore,75260.21
2024,Data Engineer,Mid,Small,Germany,73462.945
2024,Data Engineer,Mid,Small,Finland,52786.06
2024,Data Engineer,Mid,Medium,United States,143490.86
2024,Data Engineer,Mid,Medium,Australia,120014.484
2024,Data Engineer,Mid,Medium,Netherlands,81902.5
2024,Data Engineer,Mid,Medium,United Kingdom,85699.36
2024,Data Engineer,Mid,Medium,Canada,118080.49
2024,Data Engineer,Mid,Medium,Italy,78280.2
2024,Data Engineer,Mid,Medium,Singapore,89640.97
2024,Data Engineer,Mid,Medium,Germany,88833.55
2024,Data Engineer,Mid,Medium,Finland,67258.055
2024,Data Engineer,Mid,Large,United States,139223.69
2024,Data Engineer,Mid,Large,Australia,110282.195
2024,Data Engineer,Mid,Large,Netherlands,77439.54
2024,Data Engineer,Mid,Large,United Kingdom,82321.19
2024,Data Engineer,Mid,Large,Canada,102378.68
2024,Data Engineer,Mid,Large,Italy,75170.65
2024,Data Engineer,Mid,Large,Singapore,85180.18
2024,Data Engineer,Mid,Large,Germany,84781.71
2024,Data Engineer,Mid,Large,Finland,62706.03
2024,Data Engineer,Mid,Enterprise,United States,140420.47
2024,Data Engineer,Mid,Enterprise,Australia,113383.42
2024,Data Engineer,Mid,Enterprise,Netherlands,78548.13
2024,Data Engineer,Mid,Enterprise,United Kingdom,83429.78
2024,Data Engineer,Mid,Enterprise,Canada,103041.69
2024,Data Engineer,Mid,Enterprise,Italy,76279.24
2024,Data Engineer,Mid,Enterprise,Singapore,86288.77
2024,Data Engineer,Mid,Enterprise,Germany,85890.305
2024,Data Engineer,Mid,Enterprise,Finland,63814.64
2024,Data Engineer,Senior,Small,United States,156107.38
2024,Data Engineer,Senior,Small,Australia,126819.25
2024,Data Engineer,Senior,Small,Netherlands,88332.96
2024,Data Engineer,Senior,Small,United Kingdom,98116.58
2024,Data Engineer,Senior,Small,Canada,117181.17
2024,Data Engineer,Senior,Small,Italy,81077.21
2024,Data Engineer,Senior,Small,Singapore,98566.22
2024,Data Engineer,Senior,Small,Germany,95247.89
2024,Data Engineer,Senior,Small,Finland,71847.79
2024,Data Engineer,Senior,Medium,United States,170920.77
2024,Data Engineer,Senior,Medium,Australia,144005.27
2024,Data Engineer,Senior,Medium,Netherlands,101399.93
2024,Data Engineer,Senior,Medium,United Kingdom,106376.88
2024,Data Engineer,Senior,Medium,Canada,143284.25
2024,Data Engineer,Senior,Medium,Italy,93653.57
2024,Data Engineer,Senior,Medium,Singapore,112585.016
2024,Data Engineer,Senior,Medium,Germany,110521.484
2024,Data Engineer,Senior,Medium,Finland,85866.586
2024,Data Engineer,Senior,Large,United States,166404.25
2024,Data Engineer,Senior,Large,Australia,135569.47
2024,Data Engineer,Senior,Large,Netherlands,97403.3
2024,Data Engineer,Senior,Large,United Kingdom,103719.67
2024,Data Engineer,Senior,Large,Canada,130616.62
2024,Data Engineer,Senior,Large,Italy,91917.125
2024,Data Engineer,Senior,Large,Singapore,108499.35
2024,Data Engineer,Senior,Large,Germany,106579.82
2024,Data Engineer,Senior,Large,Finland,81780.92
2024,Data Engineer,Senior,Enterprise,United States,167149.11
2024,Data Engineer,Senior,Enterprise,Australia,138506.75
2024,Data Engineer,Senior,Enterprise,Netherlands,98511.89
2024,Data Engineer,Senior,Enterprise,United Kingdom,104828.266
2024,Data Engineer,Senior,Enterprise,Canada,131279.53
2024,Data Engineer,Senior,Enterprise,Italy,92118.94
2024,Data Engineer,Senior,Enterprise,Singapore,109607.945
2024,Data Engineer,Senior,Enterprise,Germany,107688.414
2024,Data Engineer,Senior,Enterprise,Finland,82889.516
2024,Data Engineer,Lead,Small,United States,177119.3
2024,Data Engineer,Lead,Small,Australia,160484.28
2024,Data Engineer,Lead,Small,Netherlands,127417.04
2024,Data Engineer,Lead,Small,United Kingdom,134539.58
2024,Data Engineer,Lead,Small,Canada,137646.97
2024,Data Engineer,Lead,Small,Italy,120926.59
2024,Data Engineer,Lead,Small,Singapore,144929.06
2024,Data Engineer,Lead,Small,Germany,131290.55
2024,Data Engineer,Lead,Small,Finland,109315.88
2024,Data Engineer,Lead,Medium,United States,189530.44
2024,Data Engineer,Lead,Medium,Australia,177458.44
2024,Data Engineer,Lead,Medium,Netherlands,140470.83
2024,Data Engineer,Lead,Medium,United Kingdom,143041.4
2024,Data Engineer,Lead,Medium,Canada,162572.33
2024,Data Engineer,Lead,Medium,Italy,133489.77
2024,Data Engineer,Lead,Medium,Singapore,158934.75
2024,Data Engineer,Lead,Medium,Germany,146318.97
2024,Data Engineer,Lead,Medium,Finland,123321.54
2024,Data Engineer,Lead,Large,United States,186076.56
2024,Data Engineer,Lead,Large,Australia,169221.42
2024,Data Engineer,Lead,Large,Netherlands,136474.16
2024,Data Engineer,Lead,Large,United Kingdom,140129.53
2024,Data Engineer,Lead,Large,Canada,151069.27
2024,Data Engineer,Lead,Large,Italy,131753.3
2024,Data Engineer,Lead,Large,Singapore,154849.05
2024,Data Engineer,Lead,Large,Germany,142609.31
2024,Data Engineer,Lead,Large,Finland,119235.87
2024,Data Engineer,Lead,Enterprise,United States,187633.34
2024,Data Engineer,Lead,Enterprise,Australia,172158.7
2024,Data Engineer,Lead,Enterprise,Netherlands,137582.77
2024,Data Engineer,Lead,Enterprise,United Kingdom,141238.14
2024,Data Engineer,Lead,Enterprise,Canada,151732.28
2024,Data Engineer,Lead,Enterprise,Italy,131955.11
2024,Data Engineer,Lead,Enterprise,Singapore,155957.66
2024,Data Engineer,Lead,Enterprise,Germany,143717.92
2024,Data Engineer,Lead,Enterprise,Finland,120344.46
2024,Data Analyst,Entry,Small,United States,88206.6
2024,Data Analyst,Entry,Small,Australia,89022.664
2024,Data Analyst,Entry,Small,Netherlands,58970.137
2024,Data Analyst,Entry,Small,United Kingdom,61112.96
2024,Data Analyst,Entry,Small,Canada,73298.13
2024,Data Analyst,Entry,Small,Italy,49691.688
2024,Data Analyst,Entry,Small,Singapore,64383.035
2024,Data Analyst,Entry,Small,Germany,57441.895
2024,Data Analyst,Entry,Small,Finland,46297.277
2024,Data Analyst,Entry,Medium,United States,101517.4
2024,Data Analyst,Entry,Medium,Australia,95737.17
2024,Data Analyst,Entry,Medium,Netherlands,62169.758
2024,Data Analyst,Entry,Medium,United Kingdom,66709.336
2024,Data Analyst,Entry,Medium,Canada,82456.7
2024,Data Analyst,Entry,Medium,Italy,53843.13
2024,Data Analyst,Entry,Medium,Singapore,69030.97
2024,Data Analyst,Entry,Medium,Germany,65681.49
2024,Data Analyst,Entry,Medium,Finland,50448.72
2024,Data Analyst,Entry,Large,United States,92511.19
2024,Data Analyst,Entry,Large,Australia,89278.24
2024,Data Analyst,Entry,Large,Netherlands,60017.656
2024,Data Analyst,Entry,Large,United Kingdom,63802.832
2024,Data Analyst,Entry,Large,Canada,75208.445
2024,Data Analyst,Entry,Large,Italy,52508.79
2024,Data Analyst,Entry,Large,Singapore,67398.414
2024,Data Analyst,Entry,Large,Germany,62690.094
2024,Data Analyst,Entry,Large,Finland,48207.594
2024,Data Analyst,Entry,Enterprise,United States,93210.77
2024,Data Analyst,Entry,Enterprise,Australia,91177.07
2024,Data Analyst,Entry,Enterprise,Netherlands,60261.746
2024,Data Analyst,Entry,Enterprise,United Kingdom,63519.902
2024,Data Analyst,Entry,Enterprise,Canada,75452.54
2024,Data Analyst,Entry,Enterprise,Italy,51846.094
2024,Data Analyst,Entry,Enterprise,Singapore,67580.51
2024,Data Analyst,Entry,Enterprise,Germany,62934.184
2024,Data Analyst,Entry,Enterprise,Finland,48451.684
2024,Data Analyst,Mid,Small,United States,90957.45
2024,Data Analyst,Mid,Small,Australia,98065.22
2024,Data Analyst,Mid,Small,Netherlands,63983.312
2024,Data Analyst,Mid,Small,United Kingdom,67268.766
2024,Data Analyst,Mid,Small,Canada,83954.62
2024,Data Analyst,Mid,Small,Italy,60472.547
2024,Data Analyst,Mid,Small,Singapore,69706.45
2024,Data Analyst,Mid,Small,Germany,63186.867
2024,Data Analyst,Mid,Small,Finland,58040.75
2024,Data Analyst,Mid,Medium,United States,106272.49
2024,Data Analyst,Mid,Medium,Australia,104855.18
2024,Data Analyst,Mid,Medium,Netherlands,66592.24
2024,Data Analyst,Mid,Medium,United Kingdom,70829.46
2024,Data Analyst,Mid,Medium,Canada,93685.64
2024,Data Analyst,Mid,Medium,Italy,64033.24
2024,Data Analyst,Mid,Medium,Singapore,74218.94
2024,Data Analyst,Mid,Medium,Germany,70835.77
2024,Data Analyst,Mid,Medium,Finland,61601.45
2024,Data Analyst,Mid,Large,United States,97559.42
2024,Data Analyst,Mid,Large,Australia,98320.8
2024,Data Analyst,Mid,Large,Netherlands,65030.836
2024,Data Analyst,Mid,Large,United Kingdom,69706.11
2024,Data Analyst,Mid,Large,Canada,85864.93
2024,Data Analyst,Mid,Large,Italy,62382.867
2024,Data Analyst,Mid,Large,Singapore,72721.77
2024,Data Analyst,Mid,Large,Germany,68435.125
2024,Data Analyst,Mid,Large,Finland,59951.066
2024,Data Analyst,Mid,Enterprise,United States,96110.66
2024,Data Analyst,Mid,Enterprise,Australia,100219.625
2024,Data Analyst,Mid,Enterprise,Netherlands,65274.92
2024,Data Analyst,Mid,Enterprise,United Kingdom,69423.17
2024,Data Analyst,Mid,Enterprise,Canada,86109.02
2024,Data Analyst,Mid,Enterprise,Italy,62626.957
2024,Data Analyst,Mid,Enterprise,Singapore,72903.85
2024,Data Analyst,Mid,Enterprise,Germany,68679.22
2024,Data Analyst,Mid,Enterprise,Finland,60195.156
2024,Data Analyst,Senior,Small,United States,118466.34
2024,Data Analyst,Senior,Small,Australia,113859.15
2024,Data Analyst,Senior,Small,Netherlands,83942.24
2024,Data Analyst,Senior,Small,United Kingdom,86014.016
2024,Data Analyst,Senior,Small,Canada,104153.195
2024,Data Analyst,Senior,Small,Italy,74152.01
2024,Data Analyst,Senior,Small,Singapore,96162.66
2024,Data Analyst,Senior,Small,Germany,83399.86
2024,Data Analyst,Senior,Small,Finland,76663.69
2024,Data Analyst,Senior,Medium,United States,134465.88
2024,Data Analyst,Senior,Medium,Australia,120268.61
2024,Data Analyst,Senior,Medium,Netherlands,86836.805
2024,Data Analyst,Senior,Medium,United Kingdom,88914.164
2024,Data Analyst,Senior,Medium,Canada,114046.79
2024,Data Analyst,Senior,Medium,Italy,77998.4
2024,Data Analyst,Senior,Medium,Singapore,101052.05
2024,Data Analyst,Senior,Medium,Germany,91690.555
2024,Data Analyst,Senior,Medium,Finland,80510.08
2024,Data Analyst,Senior,Large,United States,136419.33
2024,Data Analyst,Senior,Large,Australia,113913.18
2024,Data Analyst,Senior,Large,Netherlands,84962.15
2024,Data Analyst,Senior,Large,United Kingdom,88423.74
2024,Data Analyst,Senior,Large,Canada,106035.9
2024,Data Analyst,Senior,Large,Italy,76941.49
2024,Data Analyst,Senior,Large,Singapore,99150.37
2024,Data Analyst,Senior,Large,Germany,88620.445
2024,Data Analyst,Senior,Large,Finland,78546.39
2024,Data Analyst,Senior,Enterprise,United States,124936.41
2024,Data Analyst,Senior,Enterprise,Australia,115985.945
2024,Data Analyst,Senior,Enterprise,Netherlands,85206.24
2024,Data Analyst,Senior,Enterprise,United Kingdom,88140.81
2024,Data Analyst,Senior,Enterprise,Canada,106279.99
2024,Data Analyst,Senior,Enterprise,Italy,76278.805
2024,Data Analyst,Senior,Enterprise,Singapore,99332.45
2024,Data Analyst,Senior,Enterprise,Germany,88864.54
2024,Data Analyst,Senior,Enterprise,Finland,78790.484
2024,Data Analyst,Lead,Small,United States,137146.64
2024,Data Analyst,Lead,Small,Australia,135597.56
2024,Data Analyst,Lead,Small,Netherlands,107584.18
2024,Data Analyst,Lead,Small,United Kingdom,107942.78
2024,Data Analyst,Lead,Small,Canada,114475.71
2024,Data Analyst,Lead,Small,Italy,100714.59
2024,Data Analyst,Lead,Small,Singapore,123261.32
2024,Data Analyst,Lead,Small,Germany,105511.69
2024,Data Analyst,Lead,Small,Finland,98943.81
2024,Data Analyst,Lead,Medium,United States,149689.77
2024,Data Analyst,Lead,Medium,Australia,140861.72
2024,Data Analyst,Lead,Medium,Netherlands,109532.21
2024,Data Analyst,Lead,Medium,United Kingdom,109896.4
2024,Data Analyst,Lead,Medium,Canada,121398.414
2024,Data Analyst,Lead,Medium,Italy,103614.45
2024,Data Analyst,Lead,Medium,Singapore,127530.97
2024,Data Analyst,Lead,Medium,Germany,112623.836
2024,Data Analyst,Lead,Medium,Finland,101843.67
2024,Data Analyst,Lead,Large,United States,150235.22
2024,Data Analyst,Lead,Large,Australia,135204.92
2024,Data Analyst,Lead,Large,Netherlands,108631.695
2024,Data Analyst,Lead,Large,United Kingdom,110380.12
2024,Data Analyst,Lead,Large,Canada,116032.28
2024,Data Analyst,Lead,Large,Italy,103531.69
2024,Data Analyst,Lead,Large,Singapore,127381.12
2024,Data Analyst,Lead,Large,Germany,110759.88
2024,Data Analyst,Lead,Large,Finland,100854.125
2024,Data Analyst,Lead,Enterprise,United States,146363.55
2024,Data Analyst,Lead,Enterprise,Australia,137752.0
2024,Data Analyst,Lead,Enterprise,Netherlands,108875.79
2024,Data Analyst,Lead,Enterprise,United Kingdom,110097.19
2024,Data Analyst,Lead,Enterprise,Canada,116276.375
2024,Data Analyst,Lead,Enterprise,Italy,102869.0
2024,Data Analyst,Lead,Enterprise,Singapore,126785.516
2024,Data Analyst,Lead,Enterprise,Germany,111003.98
2024,Data Analyst,Lead,Enterprise,Finland,101098.22
2024,AI Engineer,Entry,Small,United States,117131.97
2024,AI Engineer,Entry,Small,Australia,92771.586
2024,AI Engineer,Entry,Small,Netherlands,68782.695
2024,AI Engineer,Entry,Small,United Kingdom,70663.734
2024,AI Engineer,Entry,Small,Canada,83404.05
2024,AI Engineer,Entry,Small,Italy,61083.46
2024,AI Engineer,Entry,Small,Singapore,80538.36
2024,AI Engineer,Entry,Small,Germany,67870.8
2024,AI Engineer,Entry,Small,Finland,53089.65
2024,AI Engineer,Entry,Medium,United States,119797.336
2024,AI Engineer,Entry,Medium,Australia,98117.484
2024,AI Engineer,Entry,Medium,Netherlands,71631.11
2024,AI Engineer,Entry,Medium,United Kingdom,74463.98
2024,AI Engineer,Entry,Medium,Canada,94683.125
2024,AI Engineer,Entry,Medium,Italy,64883.734
2024,AI Engineer,Entry,Medium,Singapore,84125.85
2024,AI Engineer,Entry,Medium,Germany,74949.82
2024,AI Engineer,Entry,Medium,Finland,56889.895
2024,AI Engineer,Entry,Large,United States,117241.35
2024,AI Engineer,Entry,Large,Australia,93482.664
2024,AI Engineer,Entry,Large,Netherlands,70285.71
2024,AI Engineer,Entry,Large,United Kingdom,73029.55
2024,AI Engineer,Entry,Large,Canada,85769.86
2024,AI Engineer,Entry,Large,Italy,64356.09
2024,AI Engineer,Entry,Large,Singapore,83237.984
2024,AI Engineer,Entry,Large,Germany,73574.49
2024,AI Engineer,Entry,Large,Finland,54940.67
2024,AI Engineer,Entry,Enterprise,United States,118370.984
2024,AI Engineer,Entry,Enterprise,Australia,95137.4
2024,AI Engineer,Entry,Enterprise,Netherlands,70285.71
2024,AI Engineer,Entry,Enterprise,United Kingdom,73029.55
2024,AI Engineer,Entry,Enterprise,Canada,85769.86
2024,AI Engineer,Entry,Enterprise,Italy,63449.273
2024,AI Engineer,Entry,Enterprise,Singapore,83237.984
2024,AI Engineer,Entry,Enterprise,Germany,73574.49
2024,AI Engineer,Entry,Enterprise,Finland,55455.46
2024,AI Engineer,Mid,Small,United States,150833.86
2024,AI Engineer,Mid,Small,Australia,115648.4
2024,AI Engineer,Mid,Small,Netherlands,89441.3
2024,AI Engineer,Mid,Small,United Kingdom,92244.734
2024,AI Engineer,Mid,Small,Canada,112374.914
2024,AI Engineer,Mid,Small,Italy,86546.875
2024,AI Engineer,Mid,Small,Singapore,101405.08
2024,AI Engineer,Mid,Small,Germany,89192.21
2024,AI Engineer,Mid,Small,Finland,75355.57
2024,AI Engineer,Mid,Medium,United States,155113.97
2024,AI Engineer,Mid,Medium,Australia,122181.11
2024,AI Engineer,Mid,Medium,Netherlands,92810.32
2024,AI Engineer,Mid,Medium,United Kingdom,96565.586
2024,AI Engineer,Mid,Medium,Canada,125727.52
2024,AI Engineer,Mid,Medium,Italy,90867.73
2024,AI Engineer,Mid,Medium,Singapore,105968.54
2024,AI Engineer,Mid,Medium,Germany,96791.84
2024,AI Engineer,Mid,Medium,Finland,79676.42
2024,AI Engineer,Mid,Large,United States,150943.25
2024,AI Engineer,Mid,Large,Australia,116359.48
2024,AI Engineer,Mid,Large,Netherlands,90944.31
2024,AI Engineer,Mid,Large,United Kingdom,94610.55
2024,AI Engineer,Mid,Large,Canada,114740.73
2024,AI Engineer,Mid,Large,Italy,88912.69
2024,AI Engineer,Mid,Large,Singapore,104104.7
2024,AI Engineer,Mid,Large,Germany,94895.91
2024,AI Engineer,Mid,Large,Finland,77206.6
2024,AI Engineer,Mid,Enterprise,United States,152072.89
2024,AI Engineer,Mid,Enterprise,Australia,118014.21
2024,AI Engineer,Mid,Enterprise,Netherlands,90944.31
2024,AI Engineer,Mid,Enterprise,United Kingdom,94610.55
2024,AI Engineer,Mid,Enterprise,Canada,114740.73
2024,AI Engineer,Mid,Enterprise,Italy,88912.69
2024,AI Engineer,Mid,Enterprise,Singapore,104104.7
2024,AI Engineer,Mid,Enterprise,Germany,94895.91
2024,AI Engineer,Mid,Enterprise,Finland,77721.38
2024,AI Engineer,Senior,Small,United States,182485.92
2024,AI Engineer,Senior,Small,Australia,138422.64
2024,AI Engineer,Senior,Small,Netherlands,113198.72
2024,AI Engineer,Senior,Small,United Kingdom,117914.9
2024,AI Engineer,Senior,Small,Canada,142604.83
2024,AI Engineer,Senior,Small,Italy,105274.59
2024,AI Engineer,Senior,Small,Singapore,133499.36
2024,AI Engineer,Senior,Small,Germany,114522.445
2024,AI Engineer,Senior,Small,Finland,97236.15
2024,AI Engineer,Senior,Medium,United States,189514.2
2024,AI Engineer,Senior,Medium,Australia,144742.9
2024,AI Engineer,Senior,Medium,Netherlands,117021.51
2024,AI Engineer,Senior,Medium,United Kingdom,122689.516
2024,AI Engineer,Senior,Medium,Canada,155782.19
2024,AI Engineer,Senior,Medium,Italy,110049.21
2024,AI Engineer,Senior,Medium,Singapore,138607.83
2024,AI Engineer,Senior,Medium,Germany,122699.984
2024,AI Engineer,Senior,Medium,Finland,102010.766
2024,AI Engineer,Senior,Large,United States,185094.14
2024,AI Engineer,Senior,Large,Australia,139879.9
2024,AI Engineer,Senior,Large,Netherlands,115621.83
2024,AI Engineer,Senior,Large,United Kingdom,121200.805
2024,AI Engineer,Senior,Large,Canada,145890.77
2024,AI Engineer,Senior,Large,Italy,109467.28
2024,AI Engineer,Senior,Large,Singapore,137119.12
2024,AI Engineer,Senior,Large,Germany,121146.234
2024,AI Engineer,Senior,Large,Finland,100007.27
2024,AI Engineer,Senior,Enterprise,United States,185771.86
2024,AI Engineer,Senior,Enterprise,Australia,141708.58
2024,AI Engineer,Senior,Enterprise,Netherlands,115621.83
2024,AI Engineer,Senior,Enterprise,United Kingdom,121200.805
2024,AI Engineer,Senior,Enterprise,Canada,145890.77
2024,AI Engineer,Senior,Enterprise,Italy,108560.5
2024,AI Engineer,Senior,Enterprise,Singapore,137119.12
2024,AI Engineer,Senior,Enterprise,Germany,121146.234
2024,AI Engineer,Senior,Enterprise,Finland,100522.055
2024,AI Engineer,Lead,Small,United States,203682.86
2024,AI Engineer,Lead,Small,Australia,173447.77
2024,AI Engineer,Lead,Small,Netherlands,150141.98
2024,AI Engineer,Lead,Small,United Kingdom,151719.16
2024,AI Engineer,Lead,Small,Canada,162288.06
2024,AI Engineer,Lead,Small,Italy,143888.78
2024,AI Engineer,Lead,Small,Singapore,174263.19
2024,AI Engineer,Lead,Small,Germany,148685.86
2024,AI Engineer,Lead,Small,Finland,131862.28
2024,AI Engineer,Lead,Medium,United States,206275.12
2024,AI Engineer,Lead,Medium,Australia,178649.17
2024,AI Engineer,Lead,Medium,Netherlands,153044.7
2024,AI Engineer,Lead,Medium,United Kingdom,155573.72
2024,AI Engineer,Lead,Medium,Canada,173380.62
2024,AI Engineer,Lead,Medium,Italy,147743.34
2024,AI Engineer,Lead,Medium,Singapore,178451.58
2024,AI Engineer,Lead,Medium,Germany,155943.33
2024,AI Engineer,Lead,Medium,Finland,135716.84
2024,AI Engineer,Lead,Large,United States,202917.7
2024,AI Engineer,Lead,Large,Australia,173984.94
2024,AI Engineer,Lead,Large,Netherlands,151645.02
2024,AI Engineer,Lead,Large,United Kingdom,154085.0
2024,AI Engineer,Lead,Large,Canada,164653.9
2024,AI Engineer,Lead,Large,Italy,147161.42
2024,AI Engineer,Lead,Large,Singapore,176962.86
2024,AI Engineer,Lead,Large,Germany,154389.58
2024,AI Engineer,Lead,Large,Finland,133713.34
2024,AI Engineer,Lead,Enterprise,United States,204407.34
2024,AI Engineer,Lead,Enterprise,Australia,175813.61
2024,AI Engineer,Lead,Enterprise,Netherlands,151645.02
2024,AI Engineer,Lead,Enterprise,United Kingdom,154085.0
2024,AI Engineer,Lead,Enterprise,Canada,164653.9
2024,AI Engineer,Lead,Enterprise,Italy,146254.62
2024,AI Engineer,Lead,Enterprise,Singapore,176962.86
2024,AI Engineer,Lead,Enterprise,Germany,154389.58
2024,AI Engineer,Lead,Enterprise,Finland,134228.12
2024,Quantitative Analyst,Entry,Small,United States,106963.25
2024,Quantitative Analyst,Entry,Small,Australia,151657.88
2024,Quantitative Analyst,Entry,Small,Netherlands,127897.18
2024,Quantitative Analyst,Entry,Small,United Kingdom,130471.21
2024,Quantitative Analyst,Entry,Small,Canada,99592.836
2024,Quantitative Analyst,Entry,Small,Italy,120834.625
2024,Quantitative Analyst,Entry,Small,Singapore,139409.97
2024,Quantitative Analyst,Entry,Small,Germany,126759.34
2024,Quantitative Analyst,Entry,Small,Finland,109915.06
2024,Quantitative Analyst,Entry,Medium,United States,109214.8
2024,Quantitative Analyst,Entry,Medium,Australia,156496.6
2024,Quantitative Analyst,Entry,Medium,Netherlands,130238.41
2024,Quantitative Analyst,Entry,Medium,United Kingdom,133764.22
2024,Quantitative Analyst,Entry,Medium,Canada,107749.06
2024,Quantitative Analyst,Entry,Medium,Italy,124127.68
2024,Quantitative Analyst,Entry,Medium,Singapore,142156.5
2024,Quantitative Analyst,Entry,Medium,Germany,134140.5
2024,Quantitative Analyst,Entry,Medium,Finland,113208.12
2024,Quantitative Analyst,Entry,Large,United States,112296.95
2024,Quantitative Analyst,Entry,Large,Australia,154160.27
2024,Quantitative Analyst,Entry,Large,Netherlands,131191.48
2024,Quantitative Analyst,Entry,Large,United Kingdom,134628.25
2024,Quantitative Analyst,Entry,Large,Canada,103749.94
2024,Quantitative Analyst,Entry,Large,Italy,125898.51
2024,Quantitative Analyst,Entry,Large,Singapore,143567.1
2024,Quantitative Analyst,Entry,Large,Germany,134254.25
2024,Quantitative Analyst,Entry,Large,Finland,114072.164
2024,Quantitative Analyst,Entry,Enterprise,United States,107990.86
2024,Quantitative Analyst,Entry,Enterprise,Australia,153812.31
2024,Quantitative Analyst,Entry,Enterprise,Netherlands,129188.79
2024,Quantitative Analyst,Entry,Enterprise,United Kingdom,132625.58
2024,Quantitative Analyst,Entry,Enterprise,Canada,101747.24
2024,Quantitative Analyst,Entry,Enterprise,Italy,122989.03
2024,Quantitative Analyst,Entry,Enterprise,Singapore,141564.4
2024,Quantitative Analyst,Entry,Enterprise,Germany,132251.62
2024,Quantitative Analyst,Entry,Enterprise,Finland,112069.47
2024,Quantitative Analyst,Mid,Small,United States,134084.61
2024,Quantitative Analyst,Mid,Small,Australia,94684.66
2024,Quantitative Analyst,Mid,Small,Netherlands,68126.85
2024,Quantitative Analyst,Mid,Small,United Kingdom,70406.89
2024,Quantitative Analyst,Mid,Small,Canada,90250.03
2024,Quantitative Analyst,Mid,Small,Italy,65869.086
2024,Quantitative Analyst,Mid,Small,Singapore,82770.89
2024,Quantitative Analyst,Mid,Small,Germany,67651.83
2024,Quantitative Analyst,Mid,Small,Finland,49600.594
2024,Quantitative Analyst,Mid,Medium,United States,135012.4
2024,Quantitative Analyst,Mid,Medium,Australia,98566.4
2024,Quantitative Analyst,Mid,Medium,Netherlands,68844.89
2024,Quantitative Analyst,Mid,Medium,United Kingdom,72076.76
2024,Quantitative Analyst,Mid,Medium,Canada,98336.01
2024,Quantitative Analyst,Mid,Medium,Italy,67538.95
2024,Quantitative Analyst,Mid,Medium,Singapore,84349.55
2024,Quantitative Analyst,Mid,Medium,Germany,73409.84
2024,Quantitative Analyst,Mid,Medium,Finland,51270.457
2024,Quantitative Analyst,Mid,Large,United States,144676.6
2024,Quantitative Analyst,Mid,Large,Australia,100726.9
2024,Quantitative Analyst,Mid,Large,Netherlands,74961.03
2024,Quantitative Analyst,Mid,Large,United Kingdom,78103.87
2024,Quantitative Analyst,Mid,Large,Canada,97947.01
2024,Quantitative Analyst,Mid,Large,Italy,73566.06
2024,Quantitative Analyst,Mid,Large,Singapore,90467.86
2024,Quantitative Analyst,Mid,Large,Germany,78686.69
2024,Quantitative Analyst,Mid,Large,Finland,57297.613
2024,Quantitative Analyst,Mid,Enterprise,United States,135112.23
2024,Quantitative Analyst,Mid,Enterprise,Australia,96839.06
2024,Quantitative Analyst,Mid,Enterprise,Netherlands,69418.46
2024,Quantitative Analyst,Mid,Enterprise,United Kingdom,72561.3
2024,Quantitative Analyst,Mid,Enterprise,Canada,92404.44
2024,Quantitative Analyst,Mid,Enterprise,Italy,68023.49
2024,Quantitative Analyst,Mid,Enterprise,Singapore,84925.3
2024,Quantitative Analyst,Mid,Enterprise,Germany,73144.12
2024,Quantitative Analyst,Mid,Enterprise,Finland,51755.0
2024,Quantitative Analyst,Senior,Small,United States,134349.84
2024,Quantitative Analyst,Senior,Small,Australia,98506.64
2024,Quantitative Analyst,Senior,Small,Netherlands,71758.414
2024,Quantitative Analyst,Senior,Small,United Kingdom,82971.555
2024,Quantitative Analyst,Senior,Small,Canada,98144.01
2024,Quantitative Analyst,Senior,Small,Italy,68269.09
2024,Quantitative Analyst,Senior,Small,Singapore,99413.914
2024,Quantitative Analyst,Senior,Small,Germany,73713.3
2024,Quantitative Analyst,Senior,Small,Finland,53901.492
2024,Quantitative Analyst,Senior,Medium,United States,140169.6
2024,Quantitative Analyst,Senior,Medium,Australia,104319.74
2024,Quantitative Analyst,Senior,Medium,Netherlands,75074.016
2024,Quantitative Analyst,Senior,Medium,United Kingdom,87238.984
2024,Quantitative Analyst,Senior,Medium,Canada,108198.53
2024,Quantitative Analyst,Senior,Medium,Italy,72536.52
2024,Quantitative Analyst,Senior,Medium,Singapore,103681.336
2024,Quantitative Analyst,Senior,Medium,Germany,82425.03
2024,Quantitative Analyst,Senior,Medium,Finland,58168.91
2024,Quantitative Analyst,Senior,Large,United States,140059.97
2024,Quantitative Analyst,Senior,Large,Australia,99508.375
2024,Quantitative Analyst,Senior,Large,Netherlands,73726.02
2024,Quantitative Analyst,Senior,Large,United Kingdom,85801.96
2024,Quantitative Analyst,Senior,Large,Canada,100974.414
2024,Quantitative Analyst,Senior,Large,Italy,72006.28
2024,Quantitative Analyst,Senior,Large,Singapore,102244.32
2024,Quantitative Analyst,Senior,Large,Germany,79881.586
2024,Quantitative Analyst,Senior,Large,Finland,56731.895
2024,Quantitative Analyst,Senior,Enterprise,United States,137424.38
2024,Quantitative Analyst,Senior,Enterprise,Australia,101581.14
2024,Quantitative Analyst,Senior,Enterprise,Netherlands,73970.12
2024,Quantitative Analyst,Senior,Enterprise,United Kingdom,86046.055
2024,Quantitative Analyst,Senior,Enterprise,Canada,101218.51
2024,Quantitative Analyst,Senior,Enterprise,Italy,71343.59
2024,Quantitative Analyst,Senior,Enterprise,Singapore,102488.414
2024,Quantitative Analyst,Senior,Enterprise,Germany,80125.68
2024,Quantitative Analyst,Senior,Enterprise,Finland,56975.99
2024,Quantitative Analyst,Lead,Small,United States,178476.28
2024,Quantitative Analyst,Lead,Small,Australia,150103.58
2024,Quantitative Analyst,Lead,Small,Netherlands,126447.18
2024,Quantitative Analyst,Lead,Small,United Kingdom,130471.91
2024,Quantitative Analyst,Lead,Small,Canada,137754.72
2024,Quantitative Analyst,Lead,Small,Italy,121472.766
2024,Quantitative Analyst,Lead,Small,Singapore,155650.33
2024,Quantitative Analyst,Lead,Small,Germany,124765.12
2024,Quantitative Analyst,Lead,Small,Finland,105416.06
2024,Quantitative Analyst,Lead,Medium,United States,179860.02
2024,Quantitative Analyst,Lead,Medium,Australia,154797.8
2024,Quantitative Analyst,Lead,Medium,Netherlands,128842.72
2024,Quantitative Analyst,Lead,Medium,United Kingdom,133819.19
2024,Quantitative Analyst,Lead,Medium,Canada,145724.44
2024,Quantitative Analyst,Lead,Medium,Italy,124820.1
2024,Quantitative Analyst,Lead,Medium,Singapore,158997.7
2024,Quantitative Analyst,Lead,Medium,Germany,132324.72
2024,Quantitative Analyst,Lead,Medium,Finland,108763.4
2024,Quantitative Analyst,Lead,Large,United States,185363.2
2024,Quantitative Analyst,Lead,Large,Australia,152432.03
2024,Quantitative Analyst,Lead,Large,Netherlands,129741.484
2024,Quantitative Analyst,Lead,Large,United Kingdom,134628.89
2024,Quantitative Analyst,Lead,Large,Canada,141911.84
2024,Quantitative Analyst,Lead,Large,Italy,126536.66
2024,Quantitative Analyst,Lead,Large,Singapore,159807.45
2024,Quantitative Analyst,Lead,Large,Germany,132260.06
2024,Quantitative Analyst,Lead,Large,Finland,109573.164
2024,Quantitative Analyst,Lead,Enterprise,United States,178989.36
2024,Quantitative Analyst,Lead,Enterprise,Australia,152258.02
2024,Quantitative Analyst,Lead,Enterprise,Netherlands,127738.79
2024,Quantitative Analyst,Lead,Enterprise,United Kingdom,132626.31
2024,Quantitative Analyst,Lead,Enterprise,Canada,139909.16
2024,Quantitative Analyst,Lead,Enterprise,Italy,123627.17
2024,Quantitative Analyst,Lead,Enterprise,Singapore,157804.77
2024,Quantitative Analyst,Lead,Enterprise,Germany,130257.41
2024,Quantitative Analyst,Lead,Enterprise,Finland,107570.47
2024,Data Visualization,Entry,Small,United States,125738.54
2024,Data Visualization,Entry,Small,Australia,110097.91
2024,Data Visualization,Entry,Small,Netherlands,86058.27
2024,Data Visualization,Entry,Small,United Kingdom,86366.33
2024,Data Visualization,Entry,Small,Canada,97293.89
2024,Data Visualization,Entry,Small,Italy,78133.125
2024,Data Visualization,Entry,Small,Singapore,98453.89
2024,Data Visualization,Entry,Small,Germany,84585.24
2024,Data Visualization,Entry,Small,Finland,67618.33
2024,Data Visualization,Entry,Medium,United States,127990.086
2024,Data Visualization,Entry,Medium,Australia,114936.62
2024,Data Visualization,Entry,Medium,Netherlands,88399.5
2024,Data Visualization,Entry,Medium,United Kingdom,89659.38
2024,Data Visualization,Entry,Medium,Canada,105450.12
2024,Data Visualization,Entry,Medium,Italy,81426.18
2024,Data Visualization,Entry,Medium,Singapore,101200.38
2024,Data Visualization,Entry,Medium,Germany,91966.445
2024,Data Visualization,Entry,Medium,Finland,70911.38
2024,Data Visualization,Entry,Large,United States,126610.125
2024,Data Visualization,Entry,Large,Australia,110441.555
2024,Data Visualization,Entry,Large,Netherlands,87193.86
2024,Data Visualization,Entry,Large,United Kingdom,88364.71
2024,Data Visualization,Entry,Large,Canada,99448.3
2024,Data Visualization,Entry,Large,Italy,81038.29
2024,Data Visualization,Entry,Large,Singapore,100452.27
2024,Data Visualization,Entry,Large,Germany,89921.51
2024,Data Visualization,Entry,Large,Finland,69616.71
2024,Data Visualization,Entry,Enterprise,United States,126766.15
2024,Data Visualization,Entry,Enterprise,Australia,112252.31
2024,Data Visualization,Entry,Enterprise,Netherlands,87349.88
2024,Data Visualization,Entry,Enterprise,United Kingdom,88520.734
2024,Data Visualization,Entry,Enterprise,Canada,99448.3
2024,Data Visualization,Entry,Enterprise,Italy,80287.53
2024,Data Visualization,Entry,Enterprise,Singapore,100608.3
2024,Data Visualization,Entry,Enterprise,Germany,90077.53
2024,Data Visualization,Entry,Enterprise,Finland,69772.734
2024,Data Visualization,Mid,Small,United States,109090.07
2024,Data Visualization,Mid,Small,Australia,86834.234
2024,Data Visualization,Mid,Small,Netherlands,60892.707
2024,Data Visualization,Mid,Small,United Kingdom,64045.21
2024,Data Visualization,Mid,Small,Canada,76703.055
2024,Data Visualization,Mid,Small,Italy,57772.383
2024,Data Visualization,Mid,Small,Singapore,73496.47
2024,Data Visualization,Mid,Small,Germany,60082.49
2024,Data Visualization,Mid,Small,Finland,41908.695
2024,Data Visualization,Mid,Medium,United States,112161.625
2024,Data Visualization,Mid,Medium,Australia,92859.76
2024,Data Visualization,Mid,Medium,Netherlands,63754.54
2024,Data Visualization,Mid,Medium,United Kingdom,67858.91
2024,Data Visualization,Mid,Medium,Canada,86932.81
2024,Data Visualization,Mid,Medium,Italy,61586.035
2024,Data Visualization,Mid,Medium,Singapore,77218.93
2024,Data Visualization,Mid,Medium,Germany,67984.33
2024,Data Visualization,Mid,Medium,Finland,45722.363
2024,Data Visualization,Mid,Large,United States,109961.66
2024,Data Visualization,Mid,Large,Australia,87177.88
2024,Data Visualization,Mid,Large,Netherlands,62028.293
2024,Data Visualization,Mid,Large,United Kingdom,66043.625
2024,Data Visualization,Mid,Large,Canada,78857.46
2024,Data Visualization,Mid,Large,Italy,59770.766
2024,Data Visualization,Mid,Large,Singapore,75494.85
2024,Data Visualization,Mid,Large,Germany,65418.758
2024,Data Visualization,Mid,Large,Finland,43907.08
2024,Data Visualization,Mid,Enterprise,United States,110117.68
2024,Data Visualization,Mid,Enterprise,Australia,88988.64
2024,Data Visualization,Mid,Enterprise,Netherlands,62184.316
2024,Data Visualization,Mid,Enterprise,United Kingdom,66199.65
2024,Data Visualization,Mid,Enterprise,Canada,78857.46
2024,Data Visualization,Mid,Enterprise,Italy,59926.79
2024,Data Visualization,Mid,Enterprise,Singapore,75650.875
2024,Data Visualization,Mid,Enterprise,Germany,65574.81
2024,Data Visualization,Mid,Enterprise,Finland,44063.1
2024,Data Visualization,Senior,Small,United States,132485.7
2024,Data Visualization,Senior,Small,Australia,99631.914
2024,Data Visualization,Senior,Small,Netherlands,73500.02
2024,Data Visualization,Senior,Small,United Kingdom,78795.22
2024,Data Visualization,Senior,Small,Canada,92168.32
2024,Data Visualization,Senior,Small,Italy,66207.04
2024,Data Visualization,Senior,Small,Singapore,95297.92
2024,Data Visualization,Senior,Small,Germany,75454.89
2024,Data Visualization,Senior,Small,Finland,55185.312
2024,Data Visualization,Senior,Medium,United States,138305.45
2024,Data Visualization,Senior,Medium,Australia,105445.0
2024,Data Visualization,Senior,Medium,Netherlands,76815.625
2024,Data Visualization,Senior,Medium,United Kingdom,83062.65
2024,Data Visualization,Senior,Medium,Canada,102222.81
2024,Data Visualization,Senior,Medium,Italy,70474.47
2024,Data Visualization,Senior,Medium,Singapore,99565.35
2024,Data Visualization,Senior,Medium,Germany,84166.63
2024,Data Visualization,Senior,Medium,Finland,59452.72
2024,Data Visualization,Senior,Large,United States,135856.14
2024,Data Visualization,Senior,Large,Australia,100721.72
2024,Data Visualization,Senior,Large,Netherlands,75555.7
2024,Data Visualization,Senior,Large,United Kingdom,81713.695
2024,Data Visualization,Senior,Large,Canada,95242.82
2024,Data Visualization,Senior,Large,Italy,70032.3
2024,Data Visualization,Senior,Large,Singapore,98216.4
2024,Data Visualization,Senior,Large,Germany,81711.26
2024,Data Visualization,Senior,Large,Finland,58103.785
2024,Data Visualization,Senior,Enterprise,United States,135560.23
2024,Data Visualization,Senior,Enterprise,Australia,102706.414
2024,Data Visualization,Senior,Enterprise,Netherlands,75711.73
2024,Data Visualization,Senior,Enterprise,United Kingdom,81869.72
2024,Data Visualization,Senior,Enterprise,Canada,95242.82
2024,Data Visualization,Senior,Enterprise,Italy,69281.54
2024,Data Visualization,Senior,Enterprise,Singapore,98372.42
2024,Data Visualization,Senior,Enterprise,Germany,81867.28
2024,Data Visualization,Senior,Enterprise,Finland,58259.81
2024,Data Visualization,Lead,Small,United States,160229.7
2024,Data Visualization,Lead,Small,Australia,139546.7
2024,Data Visualization,Lead,Small,Netherlands,116506.586
2024,Data Visualization,Lead,Small,United Kingdom,117805.68
2024,Data Visualization,Lead,Small,Canada,117057.64
2024,Data Visualization,Lead,Small,Italy,110027.445
2024,Data Visualization,Lead,Small,Singapore,141267.72
2024,Data Visualization,Lead,Small,Germany,114824.53
2024,Data Visualization,Lead,Small,Finland,95017.64
2024,Data Visualization,Lead,Medium,United States,161613.44
2024,Data Visualization,Lead,Medium,Australia,144240.92
2024,Data Visualization,Lead,Medium,Netherlands,118902.09
2024,Data Visualization,Lead,Medium,United Kingdom,121153.016
2024,Data Visualization,Lead,Medium,Canada,125027.305
2024,Data Visualization,Lead,Medium,Italy,113374.78
2024,Data Visualization,Lead,Medium,Singapore,144615.1
2024,Data Visualization,Lead,Medium,Germany,122384.164
2024,Data Visualization,Lead,Medium,Finland,98364.98
2024,Data Visualization,Lead,Large,United States,160226.77
2024,Data Visualization,Lead,Large,Australia,139716.45
2024,Data Visualization,Lead,Large,Netherlands,117642.17
2024,Data Visualization,Lead,Large,United Kingdom,119804.06
2024,Data Visualization,Lead,Large,Canada,119212.05
2024,Data Visualization,Lead,Large,Italy,112932.61
2024,Data Visualization,Lead,Large,Singapore,143266.14
2024,Data Visualization,Lead,Large,Germany,120160.805
2024,Data Visualization,Lead,Large,Finland,97016.02
2024,Data Visualization,Lead,Enterprise,United States,160742.78
2024,Data Visualization,Lead,Enterprise,Australia,141701.14
2024,Data Visualization,Lead,Enterprise,Netherlands,117798.195
2024,Data Visualization,Lead,Enterprise,United Kingdom,119960.086
2024,Data Visualization,Lead,Enterprise,Canada,119212.05
2024,Data Visualization,Lead,Enterprise,Italy,112181.85
2024,Data Visualization,Lead,Enterprise,Singapore,143422.16
2024,Data Visualization,Lead,Enterprise,Germany,120316.83
2024,Data Visualization,Lead,Enterprise,Finland,97172.05
2025,Computer Vision Engineer,Entry,Small,United States,125381.55
2025,Computer Vision Engineer,Entry,Small,Australia,95383.484
2025,Computer Vision Engineer,Entry,Small,Netherlands,66703.37
2025,Computer Vision Engineer,Entry,Small,United Kingdom,67733.2
2025,Computer Vision Engineer,Entry,Small,Canada,85328.695
2025,Computer Vision Engineer,Entry,Small,Italy,57885.133
2025,Computer Vision Engineer,Entry,Small,Singapore,82131.914
2025,Computer Vision Engineer,Entry,Small,Germany,68776.164
2025,Computer Vision Engineer,Entry,Small,Finland,47892.61
2025,Computer Vision Engineer,Entry,Medium,United States,126872.65
2025,Computer Vision Engineer,Entry,Medium,Australia,99461.75
2025,Computer Vision Engineer,Entry,Medium,Netherlands,68284.164
2025,Computer Vision Engineer,Entry,Medium,United Kingdom,70265.81
2025,Computer Vision Engineer,Entry,Medium,Canada,90744.06
2025,Computer Vision Engineer,Entry,Medium,Italy,60417.734
2025,Computer Vision Engineer,Entry,Medium,Singapore,83899.77
2025,Computer Vision Engineer,Entry,Medium,Germany,71812.49
2025,Computer Vision Engineer,Entry,Medium,Finland,50425.234
2025,Computer Vision Engineer,Entry,Large,United States,125263.73
2025,Computer Vision Engineer,Entry,Large,Australia,94737.73
2025,Computer Vision Engineer,Entry,Large,Netherlands,66849.56
2025,Computer Vision Engineer,Entry,Large,United Kingdom,68742.18
2025,Computer Vision Engineer,Entry,Large,Canada,86337.67
2025,Computer Vision Engineer,Entry,Large,Italy,59800.89
2025,Computer Vision Engineer,Entry,Large,Singapore,82830.61
2025,Computer Vision Engineer,Entry,Large,Germany,69897.82
2025,Computer Vision Engineer,Entry,Large,Finland,48901.586
2025,Computer Vision Engineer,Entry,Enterprise,United States,125648.71
2025,Computer Vision Engineer,Entry,Enterprise,Australia,96777.445
2025,Computer Vision Engineer,Entry,Enterprise,Netherlands,67234.55
2025,Computer Vision Engineer,Entry,Enterprise,United Kingdom,69127.164
2025,Computer Vision Engineer,Entry,Enterprise,Canada,86722.66
2025,Computer Vision Engineer,Entry,Enterprise,Italy,59279.094
2025,Computer Vision Engineer,Entry,Enterprise,Singapore,83525.875
2025,Computer Vision Engineer,Entry,Enterprise,Germany,70282.805
2025,Computer Vision Engineer,Entry,Enterprise,Finland,49286.57
2025,Computer Vision Engineer,Mid,Small,United States,153750.84
2025,Computer Vision Engineer,Mid,Small,Australia,114799.12
2025,Computer Vision Engineer,Mid,Small,Netherlands,84346.91
2025,Computer Vision Engineer,Mid,Small,United Kingdom,87594.04
2025,Computer Vision Engineer,Mid,Small,Canada,105894.79
2025,Computer Vision Engineer,Mid,Small,Italy,79646.5
2025,Computer Vision Engineer,Mid,Small,Singapore,100080.266
2025,Computer Vision Engineer,Mid,Small,Germany,87525.58
2025,Computer Vision Engineer,Mid,Small,Finland,61523.574
2025,Computer Vision Engineer,Mid,Medium,United States,156061.97
2025,Computer Vision Engineer,Mid,Medium,Australia,120064.195
2025,Computer Vision Engineer,Mid,Medium,Netherlands,86448.3
2025,Computer Vision Engineer,Mid,Medium,United Kingdom,90647.26
2025,Computer Vision Engineer,Mid,Medium,Canada,113383.69
2025,Computer Vision Engineer,Mid,Medium,Italy,82699.72
2025,Computer Vision Engineer,Mid,Medium,Singapore,102824.09
2025,Computer Vision Engineer,Mid,Medium,Germany,91082.516
2025,Computer Vision Engineer,Mid,Medium,Finland,64576.832
2025,Computer Vision Engineer,Mid,Large,United States,153633.03
2025,Computer Vision Engineer,Mid,Large,Australia,114153.36
2025,Computer Vision Engineer,Mid,Large,Netherlands,84493.086
2025,Computer Vision Engineer,Mid,Large,United Kingdom,88603.016
2025,Computer Vision Engineer,Mid,Large,Canada,106903.766
2025,Computer Vision Engineer,Mid,Large,Italy,80655.48
2025,Computer Vision Engineer,Mid,Large,Singapore,100778.945
2025,Computer Vision Engineer,Mid,Large,Germany,88647.234
2025,Computer Vision Engineer,Mid,Large,Finland,62532.562
2025,Computer Vision Engineer,Mid,Enterprise,United States,154018.02
2025,Computer Vision Engineer,Mid,Enterprise,Australia,116193.08
2025,Computer Vision Engineer,Mid,Enterprise,Netherlands,84878.07
2025,Computer Vision Engineer,Mid,Enterprise,United Kingdom,88988.0
2025,Computer Vision Engineer,Mid,Enterprise,Canada,107288.75
2025,Computer Vision Engineer,Mid,Enterprise,Italy,81040.46
2025,Computer Vision Engineer,Mid,Enterprise,Singapore,101474.23
2025,Computer Vision Engineer,Mid,Enterprise,Germany,89032.22
2025,Computer Vision Engineer,Mid,Enterprise,Finland,62917.55
2025,Computer Vision Engineer,Senior,Small,United States,197074.5
2025,Computer Vision Engineer,Senior,Small,Australia,144457.3
2025,Computer Vision Engineer,Senior,Small,Netherlands,114183.03
2025,Computer Vision Engineer,Senior,Small,United Kingdom,120370.8
2025,Computer Vision Engineer,Senior,Small,Canada,143644.64
2025,Computer Vision Engineer,Senior,Small,Italy,105497.75
2025,Computer Vision Engineer,Senior,Small,Singapore,139935.98
2025,Computer Vision Engineer,Senior,Small,Germany,119165.66
2025,Computer Vision Engineer,Senior,Small,Finland,94903.46
2025,Computer Vision Engineer,Senior,Medium,United States,202680.53
2025,Computer Vision Engineer,Senior,Medium,Australia,150056.67
2025,Computer Vision Engineer,Senior,Medium,Netherlands,117284.914
2025,Computer Vision Engineer,Senior,Medium,United Kingdom,124424.51
2025,Computer Vision Engineer,Senior,Medium,Canada,151505.02
2025,Computer Vision Engineer,Senior,Medium,Italy,109551.46
2025,Computer Vision Engineer,Senior,Medium,Singapore,143771.55
2025,Computer Vision Engineer,Senior,Medium,Germany,124484.63
2025,Computer Vision Engineer,Senior,Medium,Finland,98957.17
2025,Computer Vision Engineer,Senior,Large,United States,199455.52
2025,Computer Vision Engineer,Senior,Large,Australia,144557.72
2025,Computer Vision Engineer,Senior,Large,Netherlands,115249.305
2025,Computer Vision Engineer,Senior,Large,United Kingdom,122299.87
2025,Computer Vision Engineer,Senior,Large,Canada,145573.73
2025,Computer Vision Engineer,Senior,Large,Italy,108333.6
2025,Computer Vision Engineer,Senior,Large,Singapore,141554.8
2025,Computer Vision Engineer,Senior,Large,Germany,121433.83
2025,Computer Vision Engineer,Senior,Large,Finland,96832.53
2025,Computer Vision Engineer,Senior,Enterprise,United States,199388.58
2025,Computer Vision Engineer,Senior,Enterprise,Australia,146771.38
2025,Computer Vision Engineer,Senior,Enterprise,Netherlands,115634.29
2025,Computer Vision Engineer,Senior,Enterprise,United Kingdom,122684.85
2025,Computer Vision Engineer,Senior,Enterprise,Canada,145958.72
2025,Computer Vision Engineer,Senior,Enterprise,Italy,107811.805
2025,Computer Vision Engineer,Senior,Enterprise,Singapore,141939.17
2025,Computer Vision Engineer,Senior,Enterprise,Germany,121818.81
2025,Computer Vision Engineer,Senior,Enterprise,Finland,97217.516
2025,Computer Vision Engineer,Lead,Small,United States,209376.47
2025,Computer Vision Engineer,Lead,Small,Australia,174087.78
2025,Computer Vision Engineer,Lead,Small,Netherlands,147036.02
2025,Computer Vision Engineer,Lead,Small,United Kingdom,149096.75
2025,Computer Vision Engineer,Lead,Small,Canada,158553.06
2025,Computer Vision Engineer,Lead,Small,Italy,137948.39
2025,Computer Vision Engineer,Lead,Small,Singapore,176528.2
2025,Computer Vision Engineer,Lead,Small,Germany,148250.8
2025,Computer Vision Engineer,Lead,Small,Finland,124451.43
2025,Computer Vision Engineer,Lead,Medium,United States,210025.39
2025,Computer Vision Engineer,Lead,Medium,Australia,178347.89
2025,Computer Vision Engineer,Lead,Medium,Netherlands,148997.44
2025,Computer Vision Engineer,Lead,Medium,United Kingdom,152010.02
2025,Computer Vision Engineer,Lead,Medium,Canada,164108.25
2025,Computer Vision Engineer,Lead,Medium,Italy,140861.66
2025,Computer Vision Engineer,Lead,Medium,Singapore,178076.56
2025,Computer Vision Engineer,Lead,Medium,Germany,152197.3
2025,Computer Vision Engineer,Lead,Medium,Finland,127364.66
2025,Computer Vision Engineer,Lead,Large,United States,208384.11
2025,Computer Vision Engineer,Lead,Large,Australia,173268.11
2025,Computer Vision Engineer,Lead,Large,Netherlands,147182.2
2025,Computer Vision Engineer,Lead,Large,United Kingdom,150105.75
2025,Computer Vision Engineer,Lead,Large,Canada,159562.06
2025,Computer Vision Engineer,Lead,Large,Italy,139864.19
2025,Computer Vision Engineer,Lead,Large,Singapore,177226.92
2025,Computer Vision Engineer,Lead,Large,Germany,149598.89
2025,Computer Vision Engineer,Lead,Large,Finland,125460.41
2025,Computer Vision Engineer,Lead,Enterprise,United States,209129.1
2025,Computer Vision Engineer,Lead,Enterprise,Australia,175481.77
2025,Computer Vision Engineer,Lead,Enterprise,Netherlands,147567.19
2025,Computer Vision Engineer,Lead,Enterprise,United Kingdom,150490.73
2025,Computer Vision Engineer,Lead,Enterprise,Canada,159947.05
2025,Computer Vision Engineer,Lead,Enterprise,Italy,139342.38
2025,Computer Vision Engineer,Lead,Enterprise,Singapore,177611.3
2025,Computer Vision Engineer,Lead,Enterprise,Germany,149983.88
2025,Computer Vision Engineer,Lead,Enterprise,Finland,125845.39
2025,Machine Learning Engineer,Entry,Small,United States,140591.12
2025,Machine Learning Engineer,Entry,Small,Australia,154768.05
2025,Machine Learning Engineer,Entry,Small,Netherlands,74724.055
2025,Machine Learning Engineer,Entry,Small,United Kingdom,84745.45
2025,Machine Learning Engineer,Entry,Small,Canada,106417.4
2025,Machine Learning Engineer,Entry,Small,Italy,69962.945
2025,Machine Learning Engineer,Entry,Small,Singapore,93267.04
2025,Machine Learning Engineer,Entry,Small,Germany,81891.28
2025,Machine Learning Engineer,Entry,Small,Finland,55720.434
2025,Machine Learning Engineer,Entry,Medium,United States,152999.66
2025,Machine Learning Engineer,Entry,Medium,Australia,170773.53
2025,Machine Learning Engineer,Entry,Medium,Netherlands,83630.12
2025,Machine Learning Engineer,Entry,Medium,United Kingdom,96013.34
2025,Machine Learning Engineer,Entry,Medium,Canada,121129.57
2025,Machine Learning Engineer,Entry,Medium,Italy,81792.36
2025,Machine Learning Engineer,Entry,Medium,Singapore,104549.89
2025,Machine Learning Engineer,Entry,Medium,Germany,96547.78
2025,Machine Learning Engineer,Entry,Medium,Finland,67549.88
2025,Machine Learning Engineer,Entry,Large,United States,141549.92
2025,Machine Learning Engineer,Entry,Large,Australia,147434.02
2025,Machine Learning Engineer,Entry,Large,Netherlands,73949.234
2025,Machine Learning Engineer,Entry,Large,United Kingdom,85754.43
2025,Machine Learning Engineer,Entry,Large,Canada,108395.17
2025,Machine Learning Engineer,Entry,Large,Italy,72609.26
2025,Machine Learning Engineer,Entry,Large,Singapore,95006.57
2025,Machine Learning Engineer,Entry,Large,Germany,83969.914
2025,Machine Learning Engineer,Entry,Large,Finland,57459.957
2025,Machine Learning Engineer,Entry,Enterprise,United States,142394.38
2025,Machine Learning Engineer,Entry,Enterprise,Australia,157698.11
2025,Machine Learning Engineer,Entry,Enterprise,Netherlands,75139.75
2025,Machine Learning Engineer,Entry,Enterprise,United Kingdom,86341.88
2025,Machine Learning Engineer,Entry,Enterprise,Canada,109347.445
2025,Machine Learning Engineer,Entry,Enterprise,Italy,72892.99
2025,Machine Learning Engineer,Entry,Enterprise,Singapore,96197.086
2025,Machine Learning Engineer,Entry,Enterprise,Germany,85336.56
2025,Machine Learning Engineer,Entry,Enterprise,Finland,58650.48
2025,Machine Learning Engineer,Mid,Small,United States,172386.97
2025,Machine Learning Engineer,Mid,Small,Australia,149145.22
2025,Machine Learning Engineer,Mid,Small,Netherlands,101552.22
2025,Machine Learning Engineer,Mid,Small,United Kingdom,108366.0
2025,Machine Learning Engineer,Mid,Small,Canada,119162.08
2025,Machine Learning Engineer,Mid,Small,Italy,92490.25
2025,Machine Learning Engineer,Mid,Small,Singapore,112690.336
2025,Machine Learning Engineer,Mid,Small,Germany,102130.49
2025,Machine Learning Engineer,Mid,Small,Finland,70587.91
2025,Machine Learning Engineer,Mid,Medium,United States,185399.81
2025,Machine Learning Engineer,Mid,Medium,Australia,164159.22
2025,Machine Learning Engineer,Mid,Medium,Netherlands,108800.62
2025,Machine Learning Engineer,Mid,Medium,United Kingdom,118756.01
2025,Machine Learning Engineer,Mid,Medium,Canada,133769.45
2025,Machine Learning Engineer,Mid,Medium,Italy,102662.0
2025,Machine Learning Engineer,Mid,Medium,Singapore,122770.88
2025,Machine Learning Engineer,Mid,Medium,Germany,115129.33
2025,Machine Learning Engineer,Mid,Medium,Finland,80759.66
2025,Machine Learning Engineer,Mid,Large,United States,174558.62
2025,Machine Learning Engineer,Mid,Large,Australia,141811.2
2025,Machine Learning Engineer,Mid,Large,Netherlands,100777.4
2025,Machine Learning Engineer,Mid,Large,United Kingdom,109374.98
2025,Machine Learning Engineer,Mid,Large,Canada,121139.85
2025,Machine Learning Engineer,Mid,Large,Italy,94229.78
2025,Machine Learning Engineer,Mid,Large,Singapore,114429.87
2025,Machine Learning Engineer,Mid,Large,Germany,104209.125
2025,Machine Learning Engineer,Mid,Large,Finland,72327.44
2025,Machine Learning Engineer,Mid,Enterprise,United States,174190.23
2025,Machine Learning Engineer,Mid,Enterprise,Australia,152075.28
2025,Machine Learning Engineer,Mid,Enterprise,Netherlands,101967.914
2025,Machine Learning Engineer,Mid,Enterprise,United Kingdom,109962.43
2025,Machine Learning Engineer,Mid,Enterprise,Canada,122092.125
2025,Machine Learning Engineer,Mid,Enterprise,Italy,95420.3
2025,Machine Learning Engineer,Mid,Enterprise,Singapore,115620.38
2025,Machine Learning Engineer,Mid,Enterprise,Germany,105575.77
2025,Machine Learning Engineer,Mid,Enterprise,Finland,73517.95
2025,Machine Learning Engineer,Senior,Small,United States,193528.03
2025,Machine Learning Engineer,Senior,Small,Australia,206080.84
2025,Machine Learning Engineer,Senior,Small,Netherlands,106088.03
2025,Machine Learning Engineer,Senior,Small,United Kingdom,129163.45
2025,Machine Learning Engineer,Senior,Small,Canada,156826.94
2025,Machine Learning Engineer,Senior,Small,Italy,108808.69
2025,Machine Learning Engineer,Senior,Small,Singapore,141090.48
2025,Machine Learning Engineer,Senior,Small,Germany,125815.984
2025,Machine Learning Engineer,Senior,Small,Finland,93629.266
2025,Machine Learning Engineer,Senior,Medium,United States,214767.16
2025,Machine Learning Engineer,Senior,Medium,Australia,218710.08
2025,Machine Learning Engineer,Senior,Medium,Netherlands,111617.875
2025,Machine Learning Engineer,Senior,Medium,United Kingdom,137527.81
2025,Machine Learning Engineer,Senior,Medium,Canada,169687.08
2025,Machine Learning Engineer,Senior,Medium,Italy,117261.88
2025,Machine Learning Engineer,Senior,Medium,Singapore,149543.69
2025,Machine Learning Engineer,Senior,Medium,Germany,137452.3
2025,Machine Learning Engineer,Senior,Medium,Finland,102082.46
2025,Machine Learning Engineer,Senior,Large,United States,197673.69
2025,Machine Learning Engineer,Senior,Large,Australia,200181.05
2025,Machine Learning Engineer,Senior,Large,Netherlands,106921.31
2025,Machine Learning Engineer,Senior,Large,United Kingdom,130859.5
2025,Machine Learning Engineer,Senior,Large,Canada,160174.6
2025,Machine Learning Engineer,Senior,Large,Italy,113063.1
2025,Machine Learning Engineer,Senior,Large,Singapore,144438.14
2025,Machine Learning Engineer,Senior,Large,Germany,129502.72
2025,Machine Learning Engineer,Senior,Large,Finland,96976.9
2025,Machine Learning Engineer,Senior,Enterprise,United States,197145.22
2025,Machine Learning Engineer,Senior,Enterprise,Australia,209698.03
2025,Machine Learning Engineer,Senior,Enterprise,Netherlands,107190.83
2025,Machine Learning Engineer,Senior,Enterprise,United Kingdom,131446.9
2025,Machine Learning Engineer,Senior,Enterprise,Canada,160444.11
2025,Machine Learning Engineer,Senior,Enterprise,Italy,112425.836
2025,Machine Learning Engineer,Senior,Enterprise,Singapore,144707.66
2025,Machine Learning Engineer,Senior,Enterprise,Germany,129948.37
2025,Machine Learning Engineer,Senior,Enterprise,Finland,97246.414
2025,Machine Learning Engineer,Lead,Small,United States,216563.72
2025,Machine Learning Engineer,Lead,Small,Australia,238004.83
2025,Machine Learning Engineer,Lead,Small,Netherlands,152778.2
2025,Machine Learning Engineer,Lead,Small,United Kingdom,163872.58
2025,Machine Learning Engineer,Lead,Small,Canada,172377.16
2025,Machine Learning Engineer,Lead,Small,Italy,147621.33
2025,Machine Learning Engineer,Lead,Small,Singapore,184258.95
2025,Machine Learning Engineer,Lead,Small,Germany,159401.16
2025,Machine Learning Engineer,Lead,Small,Finland,129539.12
2025,Machine Learning Engineer,Lead,Medium,United States,230594.4
2025,Machine Learning Engineer,Lead,Medium,Australia,248679.92
2025,Machine Learning Engineer,Lead,Medium,Netherlands,156552.7
2025,Machine Learning Engineer,Lead,Medium,United Kingdom,169183.69
2025,Machine Learning Engineer,Lead,Medium,Canada,182317.25
2025,Machine Learning Engineer,Lead,Medium,Italy,154319.2
2025,Machine Learning Engineer,Lead,Medium,Singapore,190956.83
2025,Machine Learning Engineer,Lead,Medium,Germany,169050.23
2025,Machine Learning Engineer,Lead,Medium,Finland,136236.95
2025,Machine Learning Engineer,Lead,Large,United States,217568.97
2025,Machine Learning Engineer,Lead,Large,Australia,231417.89
2025,Machine Learning Engineer,Lead,Large,Netherlands,152924.39
2025,Machine Learning Engineer,Lead,Large,United Kingdom,164881.58
2025,Machine Learning Engineer,Lead,Large,Canada,175037.7
2025,Machine Learning Engineer,Lead,Large,Italy,151188.69
2025,Machine Learning Engineer,Lead,Large,Singapore,186919.52
2025,Machine Learning Engineer,Lead,Large,Germany,162400.81
2025,Machine Learning Engineer,Lead,Large,Finland,132199.64
2025,Machine Learning Engineer,Lead,Enterprise,United States,217852.42
2025,Machine Learning Engineer,Lead,Enterprise,Australia,240934.89
2025,Machine Learning Engineer,Lead,Enterprise,Netherlands,153193.9
2025,Machine Learning Engineer,Lead,Enterprise,United Kingdom,165469.03
2025,Machine Learning Engineer,Lead,Enterprise,Canada,175307.22
2025,Machine Learning Engineer,Lead,Enterprise,Italy,150551.4
2025,Machine Learning Engineer,Lead,Enterprise,Singapore,187189.03
2025,Machine Learning Engineer,Lead,Enterprise,Germany,162846.45
2025,Machine Learning Engineer,Lead,Enterprise,Finland,132469.16
2025,Research Engineer,Entry,Small,United States,154553.84
2025,Research Engineer,Entry,Small,Australia,81632.016
2025,Research Engineer,Entry,Small,Netherlands,60932.113
2025,Research Engineer,Entry,Small,United Kingdom,289952.56
2025,Research Engineer,Entry,Small,Canada,74059.17
2025,Research Engineer,Entry,Small,Italy,81426.21
2025,Research Engineer,Entry,Small,Singapore,86117.18
2025,Research Engineer,Entry,Small,Germany,84560.945
2025,Research Engineer,Entry,Small,Finland,59857.66
2025,Research Engineer,Entry,Medium,United States,165702.64
2025,Research Engineer,Entry,Medium,Australia,90153.26
2025,Research Engineer,Entry,Medium,Netherlands,67787.45
2025,Research Engineer,Entry,Medium,United Kingdom,304791.0
2025,Research Engineer,Entry,Medium,Canada,83957.266
2025,Research Engineer,Entry,Medium,Italy,89233.34
2025,Research Engineer,Entry,Medium,Singapore,93503.22
2025,Research Engineer,Entry,Medium,Germany,97672.4
2025,Research Engineer,Entry,Medium,Finland,67664.81
2025,Research Engineer,Entry,Large,United States,150196.12
2025,Research Engineer,Entry,Large,Australia,82169.97
2025,Research Engineer,Entry,Large,Netherlands,60607.27
2025,Research Engineer,Entry,Large,United Kingdom,256798.67
2025,Research Engineer,Entry,Large,Canada,74597.125
2025,Research Engineer,Entry,Large,Italy,82870.945
2025,Research Engineer,Entry,Large,Singapore,86655.13
2025,Research Engineer,Entry,Large,Germany,85438.0
2025,Research Engineer,Entry,Large,Finland,60395.613
2025,Research Engineer,Entry,Enterprise,United States,159552.89
2025,Research Engineer,Entry,Enterprise,Australia,83025.98
2025,Research Engineer,Entry,Enterprise,Netherlands,61463.293
2025,Research Engineer,Entry,Enterprise,United Kingdom,291346.53
2025,Research Engineer,Entry,Enterprise,Canada,75453.13
2025,Research Engineer,Entry,Enterprise,Italy,82820.17
2025,Research Engineer,Entry,Enterprise,Singapore,87511.14
2025,Research Engineer,Entry,Enterprise,Germany,86294.01
2025,Research Engineer,Entry,Enterprise,Finland,61251.62
2025,Research Engineer,Mid,Small,United States,196855.08
2025,Research Engineer,Mid,Small,Australia,103753.65
2025,Research Engineer,Mid,Small,Netherlands,83166.67
2025,Research Engineer,Mid,Small,United Kingdom,347685.5
2025,Research Engineer,Mid,Small,Canada,98057.39
2025,Research Engineer,Mid,Small,Italy,101348.73
2025,Research Engineer,Mid,Small,Singapore,106492.42
2025,Research Engineer,Mid,Small,Germany,105796.87
2025,Research Engineer,Mid,Small,Finland,77652.66
2025,Research Engineer,Mid,Medium,United States,210492.69
2025,Research Engineer,Mid,Medium,Australia,114524.766
2025,Research Engineer,Mid,Medium,Netherlands,94838.18
2025,Research Engineer,Mid,Medium,United Kingdom,368451.97
2025,Research Engineer,Mid,Medium,Canada,114324.62
2025,Research Engineer,Mid,Medium,Italy,113972.06
2025,Research Engineer,Mid,Medium,Singapore,119024.555
2025,Research Engineer,Mid,Medium,Germany,123724.53
2025,Research Engineer,Mid,Medium,Finland,90275.99
2025,Research Engineer,Mid,Large,United States,194216.28
2025,Research Engineer,Mid,Large,Australia,104291.6
2025,Research Engineer,Mid,Large,Netherlands,82841.83
2025,Research Engineer,Mid,Large,United Kingdom,310115.4
2025,Research Engineer,Mid,Large,Canada,98595.34
2025,Research Engineer,Mid,Large,Italy,101886.68
2025,Research Engineer,Mid,Large,Singapore,107030.375
2025,Research Engineer,Mid,Large,Germany,106673.93
2025,Research Engineer,Mid,Large,Finland,78190.61
2025,Research Engineer,Mid,Enterprise,United States,203258.92
2025,Research Engineer,Mid,Enterprise,Australia,105147.6
2025,Research Engineer,Mid,Enterprise,Netherlands,83697.83
2025,Research Engineer,Mid,Enterprise,United Kingdom,349079.47
2025,Research Engineer,Mid,Enterprise,Canada,99451.36
2025,Research Engineer,Mid,Enterprise,Italy,102742.68
2025,Research Engineer,Mid,Enterprise,Singapore,107886.375
2025,Research Engineer,Mid,Enterprise,Germany,107529.93
2025,Research Engineer,Mid,Enterprise,Finland,79046.61
2025,Research Engineer,Senior,Small,United States,203750.75
2025,Research Engineer,Senior,Small,Australia,137496.56
2025,Research Engineer,Senior,Small,Netherlands,136238.39
2025,Research Engineer,Senior,Small,United Kingdom,409067.38
2025,Research Engineer,Senior,Small,Canada,139439.08
2025,Research Engineer,Senior,Small,Italy,138996.92
2025,Research Engineer,Senior,Small,Singapore,162132.03
2025,Research Engineer,Senior,Small,Germany,159057.66
2025,Research Engineer,Senior,Small,Finland,129724.04
2025,Research Engineer,Senior,Medium,United States,225873.7
2025,Research Engineer,Senior,Medium,Australia,152056.83
2025,Research Engineer,Senior,Medium,Netherlands,152250.48
2025,Research Engineer,Senior,Medium,United Kingdom,430484.66
2025,Research Engineer,Senior,Medium,Canada,159417.84
2025,Research Engineer,Senior,Medium,Italy,155960.86
2025,Research Engineer,Senior,Medium,Singapore,179095.97
2025,Research Engineer,Senior,Medium,Germany,181682.03
2025,Research Engineer,Senior,Medium,Finland,146688.02
2025,Research Engineer,Senior,Large,United States,209654.62
2025,Research Engineer,Senior,Large,Australia,142003.47
2025,Research Engineer,Senior,Large,Netherlands,139882.48
2025,Research Engineer,Senior,Large,United Kingdom,390965.53
2025,Research Engineer,Senior,Large,Canada,143945.98
2025,Research Engineer,Senior,Large,Italy,144410.62
2025,Research Engineer,Senior,Large,Singapore,166638.94
2025,Research Engineer,Senior,Large,Germany,163903.66
2025,Research Engineer,Senior,Large,Finland,134230.98
2025,Research Engineer,Senior,Enterprise,United States,217012.08
2025,Research Engineer,Senior,Enterprise,Australia,142388.45
2025,Research Engineer,Senior,Enterprise,Netherlands,140267.47
2025,Research Engineer,Senior,Enterprise,United Kingdom,411381.4
2025,Research Engineer,Senior,Enterprise,Canada,144330.97
2025,Research Engineer,Senior,Enterprise,Italy,143888.81
2025,Research Engineer,Senior,Enterprise,Singapore,167023.92
2025,Research Engineer,Senior,Enterprise,Germany,164288.64
2025,Research Engineer,Senior,Enterprise,Finland,134615.97
2025,Research Engineer,Lead,Small,United States,225021.75
2025,Research Engineer,Lead,Small,Australia,157892.1
2025,Research Engineer,Lead,Small,Netherlands,155583.9
2025,Research Engineer,Lead,Small,United Kingdom,367727.94
2025,Research Engineer,Lead,Small,Canada,155215.47
2025,Research Engineer,Lead,Small,Italy,166715.7
2025,Research Engineer,Lead,Small,Singapore,186905.28
2025,Research Engineer,Lead,Small,Germany,175517.0
2025,Research Engineer,Lead,Small,Finland,147468.12
2025,Research Engineer,Lead,Medium,United States,241184.2
2025,Research Engineer,Lead,Medium,Australia,169426.62
2025,Research Engineer,Lead,Medium,Netherlands,168769.05
2025,Research Engineer,Lead,Medium,United Kingdom,386318.28
2025,Research Engineer,Lead,Medium,Canada,171202.58
2025,Research Engineer,Lead,Medium,Italy,180852.69
2025,Research Engineer,Lead,Medium,Singapore,201042.27
2025,Research Engineer,Lead,Medium,Germany,195082.44
2025,Research Engineer,Lead,Medium,Finland,161605.11
2025,Research Engineer,Lead,Large,United States,226004.89
2025,Research Engineer,Lead,Large,Australia,161007.88
2025,Research Engineer,Lead,Large,Netherlands,157836.88
2025,Research Engineer,Lead,Large,United Kingdom,345612.06
2025,Research Engineer,Lead,Large,Canada,158331.25
2025,Research Engineer,Lead,Large,Italy,170738.28
2025,Research Engineer,Lead,Large,Singapore,190021.06
2025,Research Engineer,Lead,Large,Germany,178971.88
2025,Research Engineer,Lead,Large,Finland,150583.9
2025,Research Engineer,Lead,Enterprise,United States,235721.64
2025,Research Engineer,Lead,Enterprise,Australia,161863.89
2025,Research Engineer,Lead,Enterprise,Netherlands,158692.89
2025,Research Engineer,Lead,Enterprise,United Kingdom,369121.88
2025,Research Engineer,Lead,Enterprise,Canada,159187.27
2025,Research Engineer,Lead,Enterprise,Italy,170687.5
2025,Research Engineer,Lead,Enterprise,Singapore,190877.08
2025,Research Engineer,Lead,Enterprise,Germany,179827.89
2025,Research Engineer,Lead,Enterprise,Finland,151439.92
2025,Software Engineer,Entry,Small,United States,121870.695
2025,Software Engineer,Entry,Small,Australia,105742.836
2025,Software Engineer,Entry,Small,Netherlands,69103.47
2025,Software Engineer,Entry,Small,United Kingdom,69817.08
2025,Software Engineer,Entry,Small,Canada,88438.06
2025,Software Engineer,Entry,Small,Italy,61891.63
2025,Software Engineer,Entry,Small,Singapore,78202.44
2025,Software Engineer,Entry,Small,Germany,71423.414
2025,Software Engineer,Entry,Small,Finland,50856.555
2025,Software Engineer,Entry,Medium,United States,119506.82
2025,Software Engineer,Entry,Medium,Australia,103386.13
2025,Software Engineer,Entry,Medium,Netherlands,66829.27
2025,Software Engineer,Entry,Medium,United Kingdom,65436.113
2025,Software Engineer,Entry,Medium,Canada,90812.06
2025,Software Engineer,Entry,Medium,Italy,60569.246
2025,Software Engineer,Entry,Medium,Singapore,76333.51
2025,Software Engineer,Entry,Medium,Germany,71190.414
2025,Software Engineer,Entry,Medium,Finland,49534.19
2025,Software Engineer,Entry,Large,United States,121222.164
2025,Software Engineer,Entry,Large,Australia,108159.32
2025,Software Engineer,Entry,Large,Netherlands,70657.16
2025,Software Engineer,Entry,Large,United Kingdom,74868.09
2025,Software Engineer,Entry,Large,Canada,90854.55
2025,Software Engineer,Entry,Large,Italy,65214.93
2025,Software Engineer,Entry,Large,Singapore,80618.92
2025,Software Engineer,Entry,Large,Germany,74179.0
2025,Software Engineer,Entry,Large,Finland,53273.035
2025,Software Engineer,Entry,Enterprise,United States,122137.86
2025,Software Engineer,Entry,Enterprise,Australia,107136.8
2025,Software Engineer,Entry,Enterprise,Netherlands,69634.63
2025,Software Engineer,Entry,Enterprise,United Kingdom,71211.04
2025,Software Engineer,Entry,Enterprise,Canada,89832.02
2025,Software Engineer,Entry,Enterprise,Italy,63285.594
2025,Software Engineer,Entry,Enterprise,Singapore,79596.4
2025,Software Engineer,Entry,Enterprise,Germany,73156.48
2025,Software Engineer,Entry,Enterprise,Finland,52250.516
2025,Software Engineer,Mid,Small,United States,149673.72
2025,Software Engineer,Mid,Small,Australia,121621.14
2025,Software Engineer,Mid,Small,Netherlands,103589.75
2025,Software Engineer,Mid,Small,United Kingdom,98858.125
2025,Software Engineer,Mid,Small,Canada,109042.02
2025,Software Engineer,Mid,Small,Italy,83065.17
2025,Software Engineer,Mid,Small,Singapore,93637.86
2025,Software Engineer,Mid,Small,Germany,90915.51
2025,Software Engineer,Mid,Small,Finland,65338.004
2025,Software Engineer,Mid,Medium,United States,153438.67
2025,Software Engineer,Mid,Medium,Australia,127362.18
2025,Software Engineer,Mid,Medium,Netherlands,111400.0
2025,Software Engineer,Mid,Medium,United Kingdom,103625.53
2025,Software Engineer,Mid,Medium,Canada,117984.73
2025,Software Engineer,Mid,Medium,Italy,87572.195
2025,Software Engineer,Mid,Medium,Singapore,98053.68
2025,Software Engineer,Mid,Medium,Germany,96511.9
2025,Software Engineer,Mid,Medium,Finland,69845.02
2025,Software Engineer,Mid,Large,United States,146641.88
2025,Software Engineer,Mid,Large,Australia,121654.336
2025,Software Engineer,Mid,Large,Netherlands,102760.15
2025,Software Engineer,Mid,Large,United Kingdom,98891.32
2025,Software Engineer,Mid,Large,Canada,109075.22
2025,Software Engineer,Mid,Large,Italy,83098.37
2025,Software Engineer,Mid,Large,Singapore,93671.055
2025,Software Engineer,Mid,Large,Germany,91287.805
2025,Software Engineer,Mid,Large,Finland,65371.2
2025,Software Engineer,Mid,Enterprise,United States,149940.89
2025,Software Engineer,Mid,Enterprise,Australia,123015.1
2025,Software Engineer,Mid,Enterprise,Netherlands,104120.914
2025,Software Engineer,Mid,Enterprise,United Kingdom,100252.086
2025,Software Engineer,Mid,Enterprise,Canada,110435.984
2025,Software Engineer,Mid,Enterprise,Italy,84459.13
2025,Software Engineer,Mid,Enterprise,Singapore,95031.82
2025,Software Engineer,Mid,Enterprise,Germany,92648.57
2025,Software Engineer,Mid,Enterprise,Finland,66731.96
2025,Software Engineer,Senior,Small,United States,182762.12
2025,Software Engineer,Senior,Small,Australia,145485.92
2025,Software Engineer,Senior,Small,Netherlands,107921.48
2025,Software Engineer,Senior,Small,United Kingdom,120903.734
2025,Software Engineer,Senior,Small,Canada,135894.61
2025,Software Engineer,Senior,Small,Italy,99504.195
2025,Software Engineer,Senior,Small,Singapore,125907.75
2025,Software Engineer,Senior,Small,Germany,112186.18
2025,Software Engineer,Senior,Small,Finland,88499.945
2025,Software Engineer,Senior,Medium,United States,190750.8
2025,Software Engineer,Senior,Medium,Australia,151528.19
2025,Software Engineer,Senior,Medium,Netherlands,113093.055
2025,Software Engineer,Senior,Medium,United Kingdom,126982.64
2025,Software Engineer,Senior,Medium,Canada,147152.84
2025,Software Engineer,Senior,Medium,Italy,105940.53
2025,Software Engineer,Senior,Medium,Singapore,132344.0
2025,Software Engineer,Senior,Medium,Germany,120068.04
2025,Software Engineer,Senior,Medium,Finland,94936.28
2025,Software Engineer,Senior,Large,United States,181090.0
2025,Software Engineer,Senior,Large,Australia,145700.28
2025,Software Engineer,Senior,Large,Netherlands,107446.984
2025,Software Engineer,Senior,Large,United Kingdom,121292.04
2025,Software Engineer,Senior,Large,Canada,136282.9
2025,Software Engineer,Senior,Large,Italy,100799.28
2025,Software Engineer,Senior,Large,Singapore,126296.055
2025,Software Engineer,Senior,Large,Germany,112913.586
2025,Software Engineer,Senior,Large,Finland,88888.25
2025,Software Engineer,Senior,Enterprise,United States,185076.2
2025,Software Engineer,Senior,Enterprise,Australia,147800.0
2025,Software Engineer,Senior,Enterprise,Netherlands,109372.734
2025,Software Engineer,Senior,Enterprise,United Kingdom,123217.79
2025,Software Engineer,Senior,Enterprise,Canada,138208.69
2025,Software Engineer,Senior,Enterprise,Italy,101818.25
2025,Software Engineer,Senior,Enterprise,Singapore,128221.82
2025,Software Engineer,Senior,Enterprise,Germany,114839.336
2025,Software Engineer,Senior,Enterprise,Finland,90814.0
2025,Software Engineer,Lead,Small,United States,204166.33
2025,Software Engineer,Lead,Small,Australia,181638.38
2025,Software Engineer,Lead,Small,Netherlands,147383.0
2025,Software Engineer,Lead,Small,United Kingdom,155620.39
2025,Software Engineer,Lead,Small,Canada,157075.72
2025,Software Engineer,Lead,Small,Italy,138563.38
2025,Software Engineer,Lead,Small,Singapore,167684.33
2025,Software Engineer,Lead,Small,Germany,147879.86
2025,Software Engineer,Lead,Small,Finland,124656.44
2025,Software Engineer,Lead,Medium,United States,207101.17
2025,Software Engineer,Lead,Medium,Australia,185943.95
2025,Software Engineer,Lead,Medium,Netherlands,151016.7
2025,Software Engineer,Lead,Medium,United Kingdom,160779.25
2025,Software Engineer,Lead,Medium,Canada,165631.34
2025,Software Engineer,Lead,Medium,Italy,143461.86
2025,Software Engineer,Lead,Medium,Singapore,172582.81
2025,Software Engineer,Lead,Medium,Germany,153991.83
2025,Software Engineer,Lead,Medium,Finland,129554.85
2025,Software Engineer,Lead,Large,United States,199685.83
2025,Software Engineer,Lead,Large,Australia,181497.64
2025,Software Engineer,Lead,Large,Netherlands,146553.39
2025,Software Engineer,Lead,Large,United Kingdom,155653.6
2025,Software Engineer,Lead,Large,Canada,157108.92
2025,Software Engineer,Lead,Large,Italy,139503.38
2025,Software Engineer,Lead,Large,Singapore,167717.53
2025,Software Engineer,Lead,Large,Germany,148252.16
2025,Software Engineer,Lead,Large,Finland,124689.625
2025,Software Engineer,Lead,Enterprise,United States,203918.95
2025,Software Engineer,Lead,Enterprise,Australia,183032.36
2025,Software Engineer,Lead,Enterprise,Netherlands,147914.17
2025,Software Engineer,Lead,Enterprise,United Kingdom,157014.38
2025,Software Engineer,Lead,Enterprise,Canada,158469.7
2025,Software Engineer,Lead,Enterprise,Italy,139957.36
2025,Software Engineer,Lead,Enterprise,Singapore,169078.31
2025,Software Engineer,Lead,Enterprise,Germany,149612.94
2025,Software Engineer,Lead,Enterprise,Finland,126050.39
2025,Research Scientist,Entry,Small,United States,163774.45
2025,Research Scientist,Entry,Small,Australia,115135.13
2025,Research Scientist,Entry,Small,Netherlands,161978.4
2025,Research Scientist,Entry,Small,United Kingdom,99120.125
2025,Research Scientist,Entry,Small,Canada,108502.63
2025,Research Scientist,Entry,Small,Italy,77749.67
2025,Research Scientist,Entry,Small,Singapore,103551.53
2025,Research Scientist,Entry,Small,Germany,86779.7
2025,Research Scientist,Entry,Small,Finland,34673.953
2025,Research Scientist,Entry,Medium,United States,188287.22
2025,Research Scientist,Entry,Medium,Australia,128685.266
2025,Research Scientist,Entry,Medium,Netherlands,172446.44
2025,Research Scientist,Entry,Medium,United Kingdom,111923.34
2025,Research Scientist,Entry,Medium,Canada,122937.445
2025,Research Scientist,Entry,Medium,Italy,89754.13
2025,Research Scientist,Entry,Medium,Singapore,115009.445
2025,Research Scientist,Entry,Medium,Germany,101056.25
2025,Research Scientist,Entry,Medium,Finland,43102.33
2025,Research Scientist,Entry,Large,United States,166150.27
2025,Research Scientist,Entry,Large,Australia,115049.95
2025,Research Scientist,Entry,Large,Netherlands,162162.16
2025,Research Scientist,Entry,Large,United Kingdom,98664.49
2025,Research Scientist,Entry,Large,Canada,110072.19
2025,Research Scientist,Entry,Large,Italy,80226.01
2025,Research Scientist,Entry,Large,Singapore,105817.336
2025,Research Scientist,Entry,Large,Germany,88688.36
2025,Research Scientist,Entry,Large,Finland,34218.33
2025,Research Scientist,Entry,Enterprise,United States,166669.8
2025,Research Scientist,Entry,Enterprise,Australia,118591.836
2025,Research Scientist,Entry,Enterprise,Netherlands,162547.14
2025,Research Scientist,Entry,Enterprise,United Kingdom,100551.64
2025,Research Scientist,Entry,Enterprise,Canada,111959.336
2025,Research Scientist,Entry,Enterprise,Italy,81206.375
2025,Research Scientist,Entry,Enterprise,Singapore,106761.91
2025,Research Scientist,Entry,Enterprise,Germany,90575.51
2025,Research Scientist,Entry,Enterprise,Finland,36105.477
2025,Research Scientist,Mid,Small,United States,167957.08
2025,Research Scientist,Mid,Small,Australia,131253.31
2025,Research Scientist,Mid,Small,Netherlands,176425.67
2025,Research Scientist,Mid,Small,United Kingdom,117549.18
2025,Research Scientist,Mid,Small,Canada,128659.55
2025,Research Scientist,Mid,Small,Italy,94102.8
2025,Research Scientist,Mid,Small,Singapore,118206.79
2025,Research Scientist,Mid,Small,Germany,102566.336
2025,Research Scientist,Mid,Small,Finland,52310.383
2025,Research Scientist,Mid,Medium,United States,187851.38
2025,Research Scientist,Mid,Medium,Australia,147168.66
2025,Research Scientist,Mid,Medium,Netherlands,188592.66
2025,Research Scientist,Mid,Medium,United Kingdom,132051.38
2025,Research Scientist,Mid,Medium,Canada,146130.6
2025,Research Scientist,Mid,Medium,Italy,107806.31
2025,Research Scientist,Mid,Medium,Singapore,131819.03
2025,Research Scientist,Mid,Medium,Germany,118226.47
2025,Research Scientist,Mid,Medium,Finland,62437.805
2025,Research Scientist,Mid,Large,United States,170724.17
2025,Research Scientist,Mid,Large,Australia,133381.3
2025,Research Scientist,Mid,Large,Netherlands,178822.55
2025,Research Scientist,Mid,Large,United Kingdom,119306.69
2025,Research Scientist,Mid,Large,Canada,132442.19
2025,Research Scientist,Mid,Large,Italy,97885.49
2025,Research Scientist,Mid,Large,Singapore,122685.73
2025,Research Scientist,Mid,Large,Germany,106688.13
2025,Research Scientist,Mid,Large,Finland,54067.895
2025,Research Scientist,Mid,Enterprise,United States,172611.31
2025,Research Scientist,Mid,Enterprise,Australia,136923.17
2025,Research Scientist,Mid,Enterprise,Netherlands,179207.53
2025,Research Scientist,Mid,Enterprise,United Kingdom,121193.836
2025,Research Scientist,Mid,Enterprise,Canada,134329.33
2025,Research Scientist,Mid,Enterprise,Italy,99772.64
2025,Research Scientist,Mid,Enterprise,Singapore,123630.3
2025,Research Scientist,Mid,Enterprise,Germany,108575.28
2025,Research Scientist,Mid,Enterprise,Finland,55955.043
2025,Research Scientist,Senior,Small,United States,191053.97
2025,Research Scientist,Senior,Small,Australia,157133.42
2025,Research Scientist,Senior,Small,Netherlands,185760.17
2025,Research Scientist,Senior,Small,United Kingdom,196937.73
2025,Research Scientist,Senior,Small,Canada,154655.27
2025,Research Scientist,Senior,Small,Italy,118985.14
2025,Research Scientist,Senior,Small,Singapore,154223.05
2025,Research Scientist,Senior,Small,Germany,130533.766
2025,Research Scientist,Senior,Small,Finland,92562.46
2025,Research Scientist,Senior,Medium,United States,210149.92
2025,Research Scientist,Senior,Medium,Australia,175942.81
2025,Research Scientist,Senior,Medium,Netherlands,201487.39
2025,Research Scientist,Senior,Medium,United Kingdom,223643.2
2025,Research Scientist,Senior,Medium,Canada,174072.17
2025,Research Scientist,Senior,Medium,Italy,136248.72
2025,Research Scientist,Senior,Medium,Singapore,170330.0
2025,Research Scientist,Senior,Medium,Germany,150425.61
2025,Research Scientist,Senior,Medium,Finland,106250.15
2025,Research Scientist,Senior,Large,United States,196319.89
2025,Research Scientist,Senior,Large,Australia,162094.33
2025,Research Scientist,Senior,Large,Netherlands,191163.9
2025,Research Scientist,Senior,Large,United Kingdom,201702.12
2025,Research Scientist,Senior,Large,Canada,159791.36
2025,Research Scientist,Senior,Large,Italy,126681.47
2025,Research Scientist,Senior,Large,Singapore,161708.88
2025,Research Scientist,Senior,Large,Germany,137662.31
2025,Research Scientist,Senior,Large,Finland,97326.836
2025,Research Scientist,Senior,Enterprise,United States,197755.11
2025,Research Scientist,Senior,Enterprise,Australia,165810.14
2025,Research Scientist,Senior,Enterprise,Netherlands,191548.89
2025,Research Scientist,Senior,Enterprise,United Kingdom,203589.27
2025,Research Scientist,Senior,Enterprise,Canada,161678.5
2025,Research Scientist,Senior,Enterprise,Italy,127661.836
2025,Research Scientist,Senior,Enterprise,Singapore,162653.42
2025,Research Scientist,Senior,Enterprise,Germany,139549.45
2025,Research Scientist,Senior,Enterprise,Finland,99213.984
2025,Research Scientist,Lead,Small,United States,214149.23
2025,Research Scientist,Lead,Small,Australia,197703.34
2025,Research Scientist,Lead,Small,Netherlands,228606.81
2025,Research Scientist,Lead,Small,United Kingdom,202102.12
2025,Research Scientist,Lead,Small,Canada,182384.78
2025,Research Scientist,Lead,Small,Italy,161596.78
2025,Research Scientist,Lead,Small,Singapore,199902.69
2025,Research Scientist,Lead,Small,Germany,170478.33
2025,Research Scientist,Lead,Small,Finland,132969.83
2025,Research Scientist,Lead,Medium,United States,233259.08
2025,Research Scientist,Lead,Medium,Australia,212718.45
2025,Research Scientist,Lead,Medium,Netherlands,240738.53
2025,Research Scientist,Lead,Medium,United Kingdom,219725.44
2025,Research Scientist,Lead,Medium,Canada,198694.97
2025,Research Scientist,Lead,Medium,Italy,175265.05
2025,Research Scientist,Lead,Medium,Singapore,212816.81
2025,Research Scientist,Lead,Medium,Germany,186542.8
2025,Research Scientist,Lead,Medium,Finland,143062.0
2025,Research Scientist,Lead,Large,United States,221440.33
2025,Research Scientist,Lead,Large,Australia,199657.39
2025,Research Scientist,Lead,Large,Netherlands,231003.69
2025,Research Scientist,Lead,Large,United Kingdom,203859.66
2025,Research Scientist,Lead,Large,Canada,186167.5
2025,Research Scientist,Lead,Large,Italy,166286.3
2025,Research Scientist,Lead,Large,Singapore,204381.66
2025,Research Scientist,Lead,Large,Germany,174600.14
2025,Research Scientist,Lead,Large,Finland,134727.36
2025,Research Scientist,Lead,Enterprise,United States,223327.47
2025,Research Scientist,Lead,Enterprise,Australia,203373.2
2025,Research Scientist,Lead,Enterprise,Netherlands,231388.67
2025,Research Scientist,Lead,Enterprise,United Kingdom,205746.8
2025,Research Scientist,Lead,Enterprise,Canada,188054.64
2025,Research Scientist,Lead,Enterprise,Italy,167266.64
2025,Research Scientist,Lead,Enterprise,Singapore,205326.2
2025,Research Scientist,Lead,Enterprise,Germany,176487.28
2025,Research Scientist,Lead,Enterprise,Finland,136614.5
2025,Solution Architect,Entry,Small,United States,119572.76
2025,Solution Architect,Entry,Small,Australia,102115.6
2025,Solution Architect,Entry,Small,Netherlands,72886.74
2025,Solution Architect,Entry,Small,United Kingdom,90598.37
2025,Solution Architect,Entry,Small,Canada,91937.0
2025,Solution Architect,Entry,Small,Italy,64629.793
2025,Solution Architect,Entry,Small,Singapore,87131.16
2025,Solution Architect,Entry,Small,Germany,74094.766
2025,Solution Architect,Entry,Small,Finland,53755.766
2025,Solution Architect,Entry,Medium,United States,119189.016
2025,Solution Architect,Entry,Medium,Australia,104319.02
2025,Solution Architect,Entry,Medium,Netherlands,72592.68
2025,Solution Architect,Entry,Medium,United Kingdom,91256.13
2025,Solution Architect,Entry,Medium,Canada,95477.52
2025,Solution Architect,Entry,Medium,Italy,65287.562
2025,Solution Architect,Entry,Medium,Singapore,87242.36
2025,Solution Architect,Entry,Medium,Germany,75841.9
2025,Solution Architect,Entry,Medium,Finland,54413.527
2025,Solution Architect,Entry,Large,United States,120237.86
2025,Solution Architect,Entry,Large,Australia,102415.87
2025,Solution Architect,Entry,Large,Netherlands,73978.945
2025,Solution Architect,Entry,Large,United Kingdom,92553.37
2025,Solution Architect,Entry,Large,Canada,93891.99
2025,Solution Architect,Entry,Large,Italy,67491.58
2025,Solution Architect,Entry,Large,Singapore,89086.16
2025,Solution Architect,Entry,Large,Germany,76388.87
2025,Solution Architect,Entry,Large,Finland,55710.77
2025,Solution Architect,Entry,Enterprise,United States,119839.92
2025,Solution Architect,Entry,Enterprise,Australia,103509.56
2025,Solution Architect,Entry,Enterprise,Netherlands,73417.91
2025,Solution Architect,Entry,Enterprise,United Kingdom,91992.33
2025,Solution Architect,Entry,Enterprise,Canada,93330.96
2025,Solution Architect,Entry,Enterprise,Italy,66023.74
2025,Solution Architect,Entry,Enterprise,Singapore,88525.12
2025,Solution Architect,Entry,Enterprise,Germany,75827.83
2025,Solution Architect,Entry,Enterprise,Finland,55149.727
2025,Solution Architect,Mid,Small,United States,145828.52
2025,Solution Architect,Mid,Small,Australia,115738.086
2025,Solution Architect,Mid,Small,Netherlands,84838.23
2025,Solution Architect,Mid,Small,United Kingdom,104011.55
2025,Solution Architect,Mid,Small,Canada,110762.16
2025,Solution Architect,Mid,Small,Italy,79893.41
2025,Solution Architect,Mid,Small,Singapore,99290.76
2025,Solution Architect,Mid,Small,Germany,87070.28
2025,Solution Architect,Mid,Small,Finland,61694.7
2025,Solution Architect,Mid,Medium,United States,148139.64
2025,Solution Architect,Mid,Medium,Australia,121003.164
2025,Solution Architect,Mid,Medium,Netherlands,86939.62
2025,Solution Architect,Mid,Medium,United Kingdom,107064.766
2025,Solution Architect,Mid,Medium,Canada,118251.055
2025,Solution Architect,Mid,Medium,Italy,82946.625
2025,Solution Architect,Mid,Medium,Singapore,102252.77
2025,Solution Architect,Mid,Medium,Germany,91212.87
2025,Solution Architect,Mid,Medium,Finland,64747.94
2025,Solution Architect,Mid,Large,United States,144555.9
2025,Solution Architect,Mid,Large,Australia,114489.27
2025,Solution Architect,Mid,Large,Netherlands,84381.35
2025,Solution Architect,Mid,Large,United Kingdom,105665.85
2025,Solution Architect,Mid,Large,Canada,111168.086
2025,Solution Architect,Mid,Large,Italy,80299.33
2025,Solution Architect,Mid,Large,Singapore,99696.68
2025,Solution Architect,Mid,Large,Germany,87815.305
2025,Solution Architect,Mid,Large,Finland,62100.625
2025,Solution Architect,Mid,Enterprise,United States,146095.69
2025,Solution Architect,Mid,Enterprise,Australia,117132.05
2025,Solution Architect,Mid,Enterprise,Netherlands,85369.39
2025,Solution Architect,Mid,Enterprise,United Kingdom,105405.51
2025,Solution Architect,Mid,Enterprise,Canada,112156.12
2025,Solution Architect,Mid,Enterprise,Italy,81287.37
2025,Solution Architect,Mid,Enterprise,Singapore,100684.72
2025,Solution Architect,Mid,Enterprise,Germany,88803.34
2025,Solution Architect,Mid,Enterprise,Finland,63088.676
2025,Solution Architect,Senior,Small,United States,179156.61
2025,Solution Architect,Senior,Small,Australia,147037.12
2025,Solution Architect,Senior,Small,Netherlands,114844.1
2025,Solution Architect,Senior,Small,United Kingdom,137506.31
2025,Solution Architect,Senior,Small,Canada,141562.39
2025,Solution Architect,Senior,Small,Italy,106593.76
2025,Solution Architect,Senior,Small,Singapore,137797.95
2025,Solution Architect,Senior,Small,Germany,117544.41
2025,Solution Architect,Senior,Small,Finland,95118.01
2025,Solution Architect,Senior,Medium,United States,184215.9
2025,Solution Architect,Senior,Medium,Australia,152089.77
2025,Solution Architect,Senior,Medium,Netherlands,117399.26
2025,Solution Architect,Senior,Medium,United Kingdom,141013.3
2025,Solution Architect,Senior,Medium,Canada,148876.03
2025,Solution Architect,Senior,Medium,Italy,110100.74
2025,Solution Architect,Senior,Medium,Singapore,141304.98
2025,Solution Architect,Senior,Medium,Germany,122496.914
2025,Solution Architect,Senior,Medium,Finland,98624.99
2025,Solution Architect,Senior,Large,United States,181374.52
2025,Solution Architect,Senior,Large,Australia,147137.55
2025,Solution Architect,Senior,Large,Netherlands,115910.375
2025,Solution Architect,Senior,Large,United Kingdom,139435.38
2025,Solution Architect,Senior,Large,Canada,143491.48
2025,Solution Architect,Senior,Large,Italy,109429.61
2025,Solution Architect,Senior,Large,Singapore,139727.05
2025,Solution Architect,Senior,Large,Germany,119812.58
2025,Solution Architect,Senior,Large,Finland,97047.08
2025,Solution Architect,Senior,Enterprise,United States,181470.69
2025,Solution Architect,Senior,Enterprise,Australia,149351.2
2025,Solution Architect,Senior,Enterprise,Netherlands,116295.36
2025,Solution Architect,Senior,Enterprise,United Kingdom,139820.36
2025,Solution Architect,Senior,Enterprise,Canada,143876.47
2025,Solution Architect,Senior,Enterprise,Italy,108907.81
2025,Solution Architect,Senior,Enterprise,Singapore,140112.03
2025,Solution Architect,Senior,Enterprise,Germany,120197.56
2025,Solution Architect,Senior,Enterprise,Finland,97432.06
2025,Solution Architect,Lead,Small,United States,199401.88
2025,Solution Architect,Lead,Small,Australia,177758.0
2025,Solution Architect,Lead,Small,Netherlands,150283.8
2025,Solution Architect,Lead,Small,United Kingdom,169914.53
2025,Solution Architect,Lead,Small,Canada,162099.48
2025,Solution Architect,Lead,Small,Italy,141631.11
2025,Solution Architect,Lead,Small,Singapore,176070.19
2025,Solution Architect,Lead,Small,Germany,150947.6
2025,Solution Architect,Lead,Small,Finland,127252.73
2025,Solution Architect,Lead,Medium,United States,200025.16
2025,Solution Architect,Lead,Medium,Australia,181691.77
2025,Solution Architect,Lead,Medium,Netherlands,151918.88
2025,Solution Architect,Lead,Medium,United Kingdom,172501.45
2025,Solution Architect,Lead,Medium,Canada,167328.33
2025,Solution Architect,Lead,Medium,Italy,144218.03
2025,Solution Architect,Lead,Medium,Singapore,178657.11
2025,Solution Architect,Lead,Medium,Germany,154748.0
2025,Solution Architect,Lead,Medium,Finland,129839.59
2025,Solution Architect,Lead,Large,United States,199192.44
2025,Solution Architect,Lead,Large,Australia,177884.36
2025,Solution Architect,Lead,Large,Netherlands,151376.02
2025,Solution Architect,Lead,Large,United Kingdom,171869.56
2025,Solution Architect,Lead,Large,Canada,164054.52
2025,Solution Architect,Lead,Large,Italy,144492.94
2025,Solution Architect,Lead,Large,Singapore,178025.22
2025,Solution Architect,Lead,Large,Germany,153241.72
2025,Solution Architect,Lead,Large,Finland,129207.73
2025,Solution Architect,Lead,Enterprise,United States,199154.5
2025,Solution Architect,Lead,Enterprise,Australia,179151.98
2025,Solution Architect,Lead,Enterprise,Netherlands,150814.97
2025,Solution Architect,Lead,Enterprise,United Kingdom,171308.52
2025,Solution Architect,Lead,Enterprise,Canada,163493.47
2025,Solution Architect,Lead,Enterprise,Italy,143025.1
2025,Solution Architect,Lead,Enterprise,Singapore,177464.17
2025,Solution Architect,Lead,Enterprise,Germany,152680.67
2025,Solution Architect,Lead,Enterprise,Finland,128646.68
2025,Software Architect,Entry,Small,United States,143851.97
2025,Software Architect,Entry,Small,Australia,121357.13
2025,Software Architect,Entry,Small,Netherlands,94551.125
2025,Software Architect,Entry,Small,United Kingdom,97388.8
2025,Software Architect,Entry,Small,Canada,112347.08
2025,Software Architect,Entry,Small,Italy,86294.18
2025,Software Architect,Entry,Small,Singapore,108688.06
2025,Software Architect,Entry,Small,Germany,95759.16
2025,Software Architect,Entry,Small,Finland,75420.23
2025,Software Architect,Entry,Medium,United States,147694.33
2025,Software Architect,Entry,Medium,Australia,127400.09
2025,Software Architect,Entry,Medium,Netherlands,98483.15
2025,Software Architect,Entry,Medium,United Kingdom,102272.65
2025,Software Architect,Entry,Medium,Canada,120113.69
2025,Software Architect,Entry,Medium,Italy,91178.03
2025,Software Architect,Entry,Medium,Singapore,113025.35
2025,Software Architect,Entry,Medium,Germany,101732.375
2025,Software Architect,Entry,Medium,Finland,80304.08
2025,Software Architect,Entry,Large,United States,136549.88
2025,Software Architect,Entry,Large,Australia,113527.12
2025,Software Architect,Entry,Large,Netherlands,87513.05
2025,Software Architect,Entry,Large,United Kingdom,91213.51
2025,Software Architect,Entry,Large,Canada,106399.8
2025,Software Architect,Entry,Large,Italy,81025.68
2025,Software Architect,Entry,Large,Singapore,102512.77
2025,Software Architect,Entry,Large,Germany,89922.97
2025,Software Architect,Entry,Large,Finland,69244.945
2025,Software Architect,Entry,Enterprise,United States,144119.14
2025,Software Architect,Entry,Enterprise,Australia,122751.09
2025,Software Architect,Entry,Enterprise,Netherlands,95082.29
2025,Software Architect,Entry,Enterprise,United Kingdom,98782.76
2025,Software Architect,Entry,Enterprise,Canada,113741.03
2025,Software Architect,Entry,Enterprise,Italy,87688.14
2025,Software Architect,Entry,Enterprise,Singapore,110082.02
2025,Software Architect,Entry,Enterprise,Germany,97492.21
2025,Software Architect,Entry,Enterprise,Finland,76814.19
2025,Software Architect,Mid,Small,United States,173489.89
2025,Software Architect,Mid,Small,Australia,141300.98
2025,Software Architect,Mid,Small,Netherlands,113022.914
2025,Software Architect,Mid,Small,United Kingdom,118077.88
2025,Software Architect,Mid,Small,Canada,133741.31
2025,Software Architect,Mid,Small,Italy,108078.09
2025,Software Architect,Mid,Small,Singapore,127367.94
2025,Software Architect,Mid,Small,Germany,115125.21
2025,Software Architect,Mid,Small,Finland,89879.42
2025,Software Architect,Mid,Medium,United States,178152.27
2025,Software Architect,Mid,Medium,Australia,148729.55
2025,Software Architect,Mid,Medium,Netherlands,117475.55
2025,Software Architect,Mid,Medium,United Kingdom,123482.34
2025,Software Architect,Mid,Medium,Canada,143581.48
2025,Software Architect,Mid,Medium,Italy,113482.555
2025,Software Architect,Mid,Medium,Singapore,132681.14
2025,Software Architect,Mid,Medium,Germany,121619.04
2025,Software Architect,Mid,Medium,Finland,95283.88
2025,Software Architect,Mid,Large,United States,166187.83
2025,Software Architect,Mid,Large,Australia,133470.98
2025,Software Architect,Mid,Large,Netherlands,105984.83
2025,Software Architect,Mid,Large,United Kingdom,111902.6
2025,Software Architect,Mid,Large,Canada,127794.16
2025,Software Architect,Mid,Large,Italy,101902.805
2025,Software Architect,Mid,Large,Singapore,121192.66
2025,Software Architect,Mid,Large,Germany,109289.02
2025,Software Architect,Mid,Large,Finland,83704.13
2025,Software Architect,Mid,Enterprise,United States,173757.06
2025,Software Architect,Mid,Enterprise,Australia,142694.97
2025,Software Architect,Mid,Enterprise,Netherlands,113554.08
2025,Software Architect,Mid,Enterprise,United Kingdom,119471.84
2025,Software Architect,Mid,Enterprise,Canada,135135.3
2025,Software Architect,Mid,Enterprise,Italy,109472.055
2025,Software Architect,Mid,Enterprise,Singapore,128761.9
2025,Software Architect,Mid,Enterprise,Germany,116858.266
2025,Software Architect,Mid,Enterprise,Finland,91273.38
2025,Software Architect,Senior,Small,United States,202860.33
2025,Software Architect,Senior,Small,Australia,162989.6
2025,Software Architect,Senior,Small,Netherlands,134853.7
2025,Software Architect,Senior,Small,United Kingdom,142723.0
2025,Software Architect,Senior,Small,Canada,163663.25
2025,Software Architect,Senior,Small,Italy,126603.46
2025,Software Architect,Senior,Small,Singapore,157975.0
2025,Software Architect,Senior,Small,Germany,139285.34
2025,Software Architect,Senior,Small,Finland,115127.78
2025,Software Architect,Senior,Medium,United States,210270.88
2025,Software Architect,Senior,Medium,Australia,170006.95
2025,Software Architect,Senior,Medium,Netherlands,139760.11
2025,Software Architect,Senior,Medium,United Kingdom,148581.27
2025,Software Architect,Senior,Medium,Canada,173328.14
2025,Software Architect,Senior,Medium,Italy,132461.56
2025,Software Architect,Senior,Medium,Singapore,163833.27
2025,Software Architect,Senior,Medium,Germany,146589.1
2025,Software Architect,Senior,Medium,Finland,120986.01
2025,Software Architect,Senior,Large,United States,198057.1
2025,Software Architect,Senior,Large,Australia,155905.75
2025,Software Architect,Senior,Large,Netherlands,128735.89
2025,Software Architect,Senior,Large,United Kingdom,137467.83
2025,Software Architect,Senior,Large,Canada,158636.11
2025,Software Architect,Senior,Large,Italy,122255.125
2025,Software Architect,Senior,Large,Singapore,152719.81
2025,Software Architect,Senior,Large,Germany,134369.25
2025,Software Architect,Senior,Large,Finland,109872.59
2025,Software Architect,Senior,Enterprise,United States,205174.4
2025,Software Architect,Senior,Enterprise,Australia,165303.67
2025,Software Architect,Senior,Enterprise,Netherlands,136304.97
2025,Software Architect,Senior,Enterprise,United Kingdom,145037.08
2025,Software Architect,Senior,Enterprise,Canada,165977.33
2025,Software Architect,Senior,Enterprise,Italy,128917.49
2025,Software Architect,Senior,Enterprise,Singapore,160289.08
2025,Software Architect,Senior,Enterprise,Germany,141938.52
2025,Software Architect,Senior,Enterprise,Finland,117441.836
2025,Software Architect,Lead,Small,United States,225932.9
2025,Software Architect,Lead,Small,Australia,199052.44
2025,Software Architect,Lead,Small,Netherlands,174199.88
2025,Software Architect,Lead,Small,United Kingdom,177942.12
2025,Software Architect,Lead,Small,Canada,184761.23
2025,Software Architect,Lead,Small,Italy,165547.19
2025,Software Architect,Lead,Small,Singapore,200153.5
2025,Software Architect,Lead,Small,Germany,174863.67
2025,Software Architect,Lead,Small,Finland,151168.64
2025,Software Architect,Lead,Medium,United States,228907.44
2025,Software Architect,Lead,Medium,Australia,205149.7
2025,Software Architect,Lead,Medium,Netherlands,178186.2
2025,Software Architect,Lead,Medium,United Kingdom,182880.3
2025,Software Architect,Lead,Medium,Canada,192341.33
2025,Software Architect,Lead,Medium,Italy,170485.36
2025,Software Architect,Lead,Medium,Singapore,205091.67
2025,Software Architect,Lead,Medium,Germany,181015.33
2025,Software Architect,Lead,Medium,Finland,156106.81
2025,Software Architect,Lead,Large,United States,217756.3
2025,Software Architect,Lead,Large,Australia,191048.52
2025,Software Architect,Lead,Large,Netherlands,167161.81
2025,Software Architect,Lead,Large,United Kingdom,171766.88
2025,Software Architect,Lead,Large,Canada,178814.0
2025,Software Architect,Lead,Large,Italy,160278.73
2025,Software Architect,Lead,Large,Singapore,193978.25
2025,Software Architect,Lead,Large,Germany,169027.52
2025,Software Architect,Lead,Large,Finland,144993.39
2025,Software Architect,Lead,Enterprise,United States,225685.53
2025,Software Architect,Lead,Enterprise,Australia,200446.42
2025,Software Architect,Lead,Enterprise,Netherlands,174731.05
2025,Software Architect,Lead,Enterprise,United Kingdom,179336.11
2025,Software Architect,Lead,Enterprise,Canada,186155.22
2025,Software Architect,Lead,Enterprise,Italy,166941.17
2025,Software Architect,Lead,Enterprise,Singapore,201547.48
2025,Software Architect,Lead,Enterprise,Germany,176596.75
2025,Software Architect,Lead,Enterprise,Finland,152562.62
2025,Database Engineer,Entry,Small,United States,94032.09
2025,Database Engineer,Entry,Small,Australia,74070.23
2025,Database Engineer,Entry,Small,Netherlands,45459.58
2025,Database Engineer,Entry,Small,United Kingdom,47896.523
2025,Database Engineer,Entry,Small,Canada,66937.95
2025,Database Engineer,Entry,Small,Italy,37202.67
2025,Database Engineer,Entry,Small,Singapore,59651.438
2025,Database Engineer,Entry,Small,Germany,46667.625
2025,Database Engineer,Entry,Small,Finland,26952.803
2025,Database Engineer,Entry,Medium,United States,94440.45
2025,Database Engineer,Entry,Medium,Australia,77065.75
2025,Database Engineer,Entry,Medium,Netherlands,45957.62
2025,Database Engineer,Entry,Medium,United Kingdom,49346.38
2025,Database Engineer,Entry,Medium,Canada,71270.58
2025,Database Engineer,Entry,Medium,Italy,38652.535
2025,Database Engineer,Entry,Medium,Singapore,60554.742
2025,Database Engineer,Entry,Medium,Germany,49206.85
2025,Database Engineer,Entry,Medium,Finland,28402.662
2025,Database Engineer,Entry,Large,United States,93914.27
2025,Database Engineer,Entry,Large,Australia,73424.47
2025,Database Engineer,Entry,Large,Netherlands,45605.758
2025,Database Engineer,Entry,Large,United Kingdom,48905.5
2025,Database Engineer,Entry,Large,Canada,67946.93
2025,Database Engineer,Entry,Large,Italy,39118.434
2025,Database Engineer,Entry,Large,Singapore,60660.414
2025,Database Engineer,Entry,Large,Germany,48015.703
2025,Database Engineer,Entry,Large,Finland,27961.775
2025,Database Engineer,Entry,Enterprise,United States,94299.26
2025,Database Engineer,Entry,Enterprise,Australia,75464.19
2025,Database Engineer,Entry,Enterprise,Netherlands,45990.742
2025,Database Engineer,Entry,Enterprise,United Kingdom,49290.484
2025,Database Engineer,Entry,Enterprise,Canada,68331.914
2025,Database Engineer,Entry,Enterprise,Italy,38596.633
2025,Database Engineer,Entry,Enterprise,Singapore,61045.4
2025,Database Engineer,Entry,Enterprise,Germany,48400.688
2025,Database Engineer,Entry,Enterprise,Finland,28346.76
2025,Database Engineer,Mid,Small,United States,117581.72
2025,Database Engineer,Mid,Small,Australia,90025.89
2025,Database Engineer,Mid,Small,Netherlands,59744.3
2025,Database Engineer,Mid,Small,United Kingdom,65426.89
2025,Database Engineer,Mid,Small,Canada,84145.19
2025,Database Engineer,Mid,Small,Italy,54799.5
2025,Database Engineer,Mid,Small,Singapore,74144.29
2025,Database Engineer,Mid,Small,Germany,61976.375
2025,Database Engineer,Mid,Small,Finland,37224.88
2025,Database Engineer,Mid,Medium,United States,118810.086
2025,Database Engineer,Mid,Medium,Australia,94208.23
2025,Database Engineer,Mid,Medium,Netherlands,60762.957
2025,Database Engineer,Mid,Medium,United Kingdom,67397.37
2025,Database Engineer,Mid,Medium,Canada,90551.34
2025,Database Engineer,Mid,Medium,Italy,56769.977
2025,Database Engineer,Mid,Medium,Singapore,76023.56
2025,Database Engineer,Mid,Medium,Germany,65036.223
2025,Database Engineer,Mid,Medium,Finland,39195.348
2025,Database Engineer,Mid,Large,United States,117463.9
2025,Database Engineer,Mid,Large,Australia,89380.13
2025,Database Engineer,Mid,Large,Netherlands,59890.48
2025,Database Engineer,Mid,Large,United Kingdom,66435.87
2025,Database Engineer,Mid,Large,Canada,85154.164
2025,Database Engineer,Mid,Large,Italy,55808.477
2025,Database Engineer,Mid,Large,Singapore,75153.266
2025,Database Engineer,Mid,Large,Germany,63324.45
2025,Database Engineer,Mid,Large,Finland,38233.855
2025,Database Engineer,Mid,Enterprise,United States,117848.88
2025,Database Engineer,Mid,Enterprise,Australia,91419.85
2025,Database Engineer,Mid,Enterprise,Netherlands,60275.465
2025,Database Engineer,Mid,Enterprise,United Kingdom,66820.85
2025,Database Engineer,Mid,Enterprise,Canada,85539.15
2025,Database Engineer,Mid,Enterprise,Italy,56193.46
2025,Database Engineer,Mid,Enterprise,Singapore,75538.25
2025,Database Engineer,Mid,Enterprise,Germany,63709.438
2025,Database Engineer,Mid,Enterprise,Finland,38618.84
2025,Database Engineer,Senior,Small,United States,148427.44
2025,Database Engineer,Senior,Small,Australia,111784.86
2025,Database Engineer,Senior,Small,Netherlands,81706.375
2025,Database Engineer,Senior,Small,United Kingdom,90930.34
2025,Database Engineer,Senior,Small,Canada,115786.92
2025,Database Engineer,Senior,Small,Italy,73456.03
2025,Database Engineer,Senior,Small,Singapore,104607.805
2025,Database Engineer,Senior,Small,Germany,86138.016
2025,Database Engineer,Senior,Small,Finland,62604.316
2025,Database Engineer,Senior,Medium,United States,152404.0
2025,Database Engineer,Senior,Medium,Australia,115754.76
2025,Database Engineer,Senior,Medium,Netherlands,83178.79
2025,Database Engineer,Senior,Medium,United Kingdom,93354.586
2025,Database Engineer,Senior,Medium,Canada,122017.836
2025,Database Engineer,Senior,Medium,Italy,75880.27
2025,Database Engineer,Senior,Medium,Singapore,107032.05
2025,Database Engineer,Senior,Medium,Germany,90007.78
2025,Database Engineer,Senior,Medium,Finland,65028.598
2025,Database Engineer,Senior,Large,United States,152541.08
2025,Database Engineer,Senior,Large,Australia,113617.89
2025,Database Engineer,Senior,Large,Netherlands,84505.28
2025,Database Engineer,Senior,Large,United Kingdom,94592.04
2025,Database Engineer,Senior,Large,Canada,119448.66
2025,Database Engineer,Senior,Large,Italy,78024.516
2025,Database Engineer,Senior,Large,Singapore,108269.51
2025,Database Engineer,Senior,Large,Germany,90138.82
2025,Database Engineer,Senior,Large,Finland,66266.055
2025,Database Engineer,Senior,Enterprise,United States,150741.52
2025,Database Engineer,Senior,Enterprise,Australia,114098.914
2025,Database Engineer,Senior,Enterprise,Netherlands,83157.63
2025,Database Engineer,Senior,Enterprise,United Kingdom,93244.4
2025,Database Engineer,Senior,Enterprise,Canada,118100.98
2025,Database Engineer,Senior,Enterprise,Italy,75770.086
2025,Database Engineer,Senior,Enterprise,Singapore,106921.86
2025,Database Engineer,Senior,Enterprise,Germany,88791.17
2025,Database Engineer,Senior,Enterprise,Finland,64918.41
2025,Database Engineer,Lead,Small,United States,175059.44
2025,Database Engineer,Lead,Small,Australia,150910.84
2025,Database Engineer,Lead,Small,Netherlands,124055.09
2025,Database Engineer,Lead,Small,United Kingdom,127396.62
2025,Database Engineer,Lead,Small,Canada,138298.66
2025,Database Engineer,Lead,Small,Italy,115402.43
2025,Database Engineer,Lead,Small,Singapore,149788.78
2025,Database Engineer,Lead,Small,Germany,124718.9
2025,Database Engineer,Lead,Small,Finland,101647.875
2025,Database Engineer,Lead,Medium,United States,174599.98
2025,Database Engineer,Lead,Medium,Australia,153761.88
2025,Database Engineer,Lead,Medium,Netherlands,124607.414
2025,Database Engineer,Lead,Medium,United Kingdom,128900.766
2025,Database Engineer,Lead,Medium,Canada,142444.77
2025,Database Engineer,Lead,Medium,Italy,116906.586
2025,Database Engineer,Lead,Medium,Singapore,151292.97
2025,Database Engineer,Lead,Medium,Germany,127436.56
2025,Database Engineer,Lead,Medium,Finland,103152.02
2025,Database Engineer,Lead,Large,United States,174067.08
2025,Database Engineer,Lead,Large,Australia,150091.17
2025,Database Engineer,Lead,Large,Netherlands,124201.27
2025,Database Engineer,Lead,Large,United Kingdom,128405.586
2025,Database Engineer,Lead,Large,Canada,139307.66
2025,Database Engineer,Lead,Large,Italy,117318.19
2025,Database Engineer,Lead,Large,Singapore,150797.78
2025,Database Engineer,Lead,Large,Germany,126066.98
2025,Database Engineer,Lead,Large,Finland,102656.85
2025,Database Engineer,Lead,Enterprise,United States,174812.06
2025,Database Engineer,Lead,Enterprise,Australia,152304.83
2025,Database Engineer,Lead,Enterprise,Netherlands,124586.26
2025,Database Engineer,Lead,Enterprise,United Kingdom,128790.57
2025,Database Engineer,Lead,Enterprise,Canada,139692.64
2025,Database Engineer,Lead,Enterprise,Italy,116796.39
2025,Database Engineer,Lead,Enterprise,Singapore,151182.77
2025,Database Engineer,Lead,Enterprise,Germany,126451.96
2025,Database Engineer,Lead,Enterprise,Finland,103041.836
2025,Data Scientist,Entry,Small,United States,116330.87
2025,Data Scientist,Entry,Small,Australia,94987.766
2025,Data Scientist,Entry,Small,Netherlands,63637.176
2025,Data Scientist,Entry,Small,United Kingdom,63631.836
2025,Data Scientist,Entry,Small,Canada,88224.97
2025,Data Scientist,Entry,Small,Italy,61826.28
2025,Data Scientist,Entry,Small,Singapore,82574.414
2025,Data Scientist,Entry,Small,Germany,67594.27
2025,Data Scientist,Entry,Small,Finland,46503.16
2025,Data Scientist,Entry,Medium,United States,115475.414
2025,Data Scientist,Entry,Medium,Australia,96719.48
2025,Data Scientist,Entry,Medium,Netherlands,62871.41
2025,Data Scientist,Entry,Medium,United Kingdom,63817.875
2025,Data Scientist,Entry,Medium,Canada,93458.69
2025,Data Scientist,Entry,Medium,Italy,62012.332
2025,Data Scientist,Entry,Medium,Singapore,82213.91
2025,Data Scientist,Entry,Medium,Germany,68465.19
2025,Data Scientist,Entry,Medium,Finland,46689.227
2025,Data Scientist,Entry,Large,United States,117958.76
2025,Data Scientist,Entry,Large,Australia,96087.72
2025,Data Scientist,Entry,Large,Netherlands,65529.11
2025,Data Scientist,Entry,Large,United Kingdom,66386.555
2025,Data Scientist,Entry,Large,Canada,90979.66
2025,Data Scientist,Entry,Large,Italy,64581.008
2025,Data Scientist,Entry,Large,Singapore,85329.1
2025,Data Scientist,Entry,Large,Germany,70688.07
2025,Data Scientist,Entry,Large,Finland,49257.844
2025,Data Scientist,Entry,Enterprise,United States,116598.03
2025,Data Scientist,Entry,Enterprise,Australia,96381.73
2025,Data Scientist,Entry,Enterprise,Netherlands,64168.34
2025,Data Scientist,Entry,Enterprise,United Kingdom,65025.797
2025,Data Scientist,Entry,Enterprise,Canada,89618.93
2025,Data Scientist,Entry,Enterprise,Italy,63220.246
2025,Data Scientist,Entry,Enterprise,Singapore,83968.375
2025,Data Scientist,Entry,Enterprise,Germany,69327.34
2025,Data Scientist,Entry,Enterprise,Finland,47897.12
2025,Data Scientist,Mid,Small,United States,144251.4
2025,Data Scientist,Mid,Small,Australia,111717.01
2025,Data Scientist,Mid,Small,Netherlands,79334.1
2025,Data Scientist,Mid,Small,United Kingdom,82805.36
2025,Data Scientist,Mid,Small,Canada,104977.88
2025,Data Scientist,Mid,Small,Italy,80066.41
2025,Data Scientist,Mid,Small,Singapore,99306.41
2025,Data Scientist,Mid,Small,Germany,85253.83
2025,Data Scientist,Mid,Small,Finland,59358.812
2025,Data Scientist,Mid,Medium,United States,144693.36
2025,Data Scientist,Mid,Medium,Australia,115112.914
2025,Data Scientist,Mid,Medium,Netherlands,79566.32
2025,Data Scientist,Mid,Medium,United Kingdom,83989.41
2025,Data Scientist,Mid,Medium,Canada,110597.61
2025,Data Scientist,Mid,Medium,Italy,81250.45
2025,Data Scientist,Mid,Medium,Singapore,100399.25
2025,Data Scientist,Mid,Medium,Germany,87122.73
2025,Data Scientist,Mid,Medium,Finland,60542.85
2025,Data Scientist,Mid,Large,United States,145879.3
2025,Data Scientist,Mid,Large,Australia,112816.96
2025,Data Scientist,Mid,Large,Netherlands,81225.99
2025,Data Scientist,Mid,Large,United Kingdom,85560.05
2025,Data Scientist,Mid,Large,Canada,107732.57
2025,Data Scientist,Mid,Large,Italy,80973.14
2025,Data Scientist,Mid,Large,Singapore,102061.09
2025,Data Scientist,Mid,Large,Germany,88347.62
2025,Data Scientist,Mid,Large,Finland,62113.492
2025,Data Scientist,Mid,Enterprise,United States,144518.58
2025,Data Scientist,Mid,Enterprise,Australia,113110.97
2025,Data Scientist,Mid,Enterprise,Netherlands,79865.266
2025,Data Scientist,Mid,Enterprise,United Kingdom,84199.32
2025,Data Scientist,Mid,Enterprise,Canada,106371.84
2025,Data Scientist,Mid,Enterprise,Italy,81460.37
2025,Data Scientist,Mid,Enterprise,Singapore,100700.37
2025,Data Scientist,Mid,Enterprise,Germany,86986.89
2025,Data Scientist,Mid,Enterprise,Finland,60752.76
2025,Data Scientist,Senior,Small,United States,177034.72
2025,Data Scientist,Senior,Small,Australia,137143.38
2025,Data Scientist,Senior,Small,Netherlands,104442.47
2025,Data Scientist,Senior,Small,United Kingdom,110341.055
2025,Data Scientist,Senior,Small,Canada,139323.89
2025,Data Scientist,Senior,Small,Italy,107798.13
2025,Data Scientist,Senior,Small,Singapore,133236.19
2025,Data Scientist,Senior,Small,Germany,112335.52
2025,Data Scientist,Senior,Small,Finland,87585.57
2025,Data Scientist,Senior,Medium,United States,179428.58
2025,Data Scientist,Senior,Medium,Australia,139849.5
2025,Data Scientist,Senior,Medium,Netherlands,104651.07
2025,Data Scientist,Senior,Medium,United Kingdom,111501.484
2025,Data Scientist,Senior,Medium,Canada,144290.97
2025,Data Scientist,Senior,Medium,Italy,108958.56
2025,Data Scientist,Senior,Medium,Singapore,134396.62
2025,Data Scientist,Senior,Medium,Germany,114536.96
2025,Data Scientist,Senior,Medium,Finland,88746.0
2025,Data Scientist,Senior,Large,United States,181996.44
2025,Data Scientist,Senior,Large,Australia,137628.78
2025,Data Scientist,Senior,Large,Netherlands,105893.73
2025,Data Scientist,Senior,Large,United Kingdom,112655.11
2025,Data Scientist,Senior,Large,Canada,141637.97
2025,Data Scientist,Senior,Large,Italy,108264.234
2025,Data Scientist,Senior,Large,Singapore,135550.22
2025,Data Scientist,Senior,Large,Germany,114988.68
2025,Data Scientist,Senior,Large,Finland,89899.625
2025,Data Scientist,Senior,Enterprise,United States,179348.8
2025,Data Scientist,Senior,Enterprise,Australia,139457.45
2025,Data Scientist,Senior,Enterprise,Netherlands,105893.73
2025,Data Scientist,Senior,Enterprise,United Kingdom,112655.11
2025,Data Scientist,Senior,Enterprise,Canada,141637.97
2025,Data Scientist,Senior,Enterprise,Italy,110112.19
2025,Data Scientist,Senior,Enterprise,Singapore,135550.22
2025,Data Scientist,Senior,Enterprise,Germany,114988.68
2025,Data Scientist,Senior,Enterprise,Finland,89899.625
2025,Data Scientist,Lead,Small,United States,198010.72
2025,Data Scientist,Lead,Small,Australia,171470.39
2025,Data Scientist,Lead,Small,Netherlands,142864.27
2025,Data Scientist,Lead,Small,United Kingdom,143763.45
2025,Data Scientist,Lead,Small,Canada,157305.22
2025,Data Scientist,Lead,Small,Italy,140961.16
2025,Data Scientist,Lead,Small,Singapore,172975.19
2025,Data Scientist,Lead,Small,Germany,145993.28
2025,Data Scientist,Lead,Small,Finland,122062.67
2025,Data Scientist,Lead,Medium,United States,195480.2
2025,Data Scientist,Lead,Medium,Australia,172250.36
2025,Data Scientist,Lead,Medium,Netherlands,141345.55
2025,Data Scientist,Lead,Medium,United Kingdom,143196.58
2025,Data Scientist,Lead,Medium,Canada,159380.27
2025,Data Scientist,Lead,Medium,Italy,140394.28
2025,Data Scientist,Lead,Medium,Singapore,172408.31
2025,Data Scientist,Lead,Medium,Germany,146235.38
2025,Data Scientist,Lead,Medium,Finland,121495.77
2025,Data Scientist,Lead,Large,United States,198764.06
2025,Data Scientist,Lead,Large,Australia,172396.42
2025,Data Scientist,Lead,Large,Netherlands,144756.16
2025,Data Scientist,Lead,Large,United Kingdom,146518.16
2025,Data Scientist,Lead,Large,Canada,160059.92
2025,Data Scientist,Lead,Large,Italy,141867.9
2025,Data Scientist,Lead,Large,Singapore,175729.89
2025,Data Scientist,Lead,Large,Germany,149087.08
2025,Data Scientist,Lead,Large,Finland,124817.36
2025,Data Scientist,Lead,Enterprise,United States,197763.34
2025,Data Scientist,Lead,Enterprise,Australia,172864.38
2025,Data Scientist,Lead,Enterprise,Netherlands,143395.44
2025,Data Scientist,Lead,Enterprise,United Kingdom,145157.44
2025,Data Scientist,Lead,Enterprise,Canada,158699.2
2025,Data Scientist,Lead,Enterprise,Italy,142355.14
2025,Data Scientist,Lead,Enterprise,Singapore,174369.17
2025,Data Scientist,Lead,Enterprise,Germany,147726.36
2025,Data Scientist,Lead,Enterprise,Finland,123456.63
2025,Data Engineer,Entry,Small,United States,107140.53
2025,Data Engineer,Entry,Small,Australia,90047.4
2025,Data Engineer,Entry,Small,Netherlands,55377.914
2025,Data Engineer,Entry,Small,United Kingdom,57700.33
2025,Data Engineer,Entry,Small,Canada,75047.766
2025,Data Engineer,Entry,Small,Italy,46427.06
2025,Data Engineer,Entry,Small,Singapore,63575.883
2025,Data Engineer,Entry,Small,Germany,59519.867
2025,Data Engineer,Entry,Small,Finland,42066.652
2025,Data Engineer,Entry,Medium,United States,110907.266
2025,Data Engineer,Entry,Medium,Australia,97105.89
2025,Data Engineer,Entry,Medium,Netherlands,58317.28
2025,Data Engineer,Entry,Medium,United Kingdom,59679.664
2025,Data Engineer,Entry,Medium,Canada,82904.35
2025,Data Engineer,Entry,Medium,Italy,48875.805
2025,Data Engineer,Entry,Medium,Singapore,66920.555
2025,Data Engineer,Entry,Medium,Germany,63249.99
2025,Data Engineer,Entry,Medium,Finland,45957.84
2025,Data Engineer,Entry,Large,United States,108091.4
2025,Data Engineer,Entry,Large,Australia,90077.56
2025,Data Engineer,Entry,Large,Netherlands,55554.176
2025,Data Engineer,Entry,Large,United Kingdom,58185.367
2025,Data Engineer,Entry,Large,Canada,78194.87
2025,Data Engineer,Entry,Large,Italy,48372.902
2025,Data Engineer,Entry,Large,Singapore,64614.945
2025,Data Engineer,Entry,Large,Germany,60898.027
2025,Data Engineer,Entry,Large,Finland,43105.715
2025,Data Engineer,Entry,Enterprise,United States,109835.65
2025,Data Engineer,Entry,Enterprise,Australia,93388.36
2025,Data Engineer,Entry,Enterprise,Netherlands,57210.223
2025,Data Engineer,Entry,Enterprise,United Kingdom,58343.258
2025,Data Engineer,Entry,Enterprise,Canada,79405.34
2025,Data Engineer,Entry,Enterprise,Italy,49122.164
2025,Data Engineer,Entry,Enterprise,Singapore,66271.05
2025,Data Engineer,Entry,Enterprise,Germany,62554.074
2025,Data Engineer,Entry,Enterprise,Finland,44761.76
2025,Data Engineer,Mid,Small,United States,133117.12
2025,Data Engineer,Mid,Small,Australia,105168.47
2025,Data Engineer,Mid,Small,Netherlands,70270.375
2025,Data Engineer,Mid,Small,United Kingdom,78087.164
2025,Data Engineer,Mid,Small,Canada,94140.3
2025,Data Engineer,Mid,Small,Italy,64631.61
2025,Data Engineer,Mid,Small,Singapore,78676.35
2025,Data Engineer,Mid,Small,Germany,77375.41
2025,Data Engineer,Mid,Small,Finland,50456.01
2025,Data Engineer,Mid,Medium,United States,141598.83
2025,Data Engineer,Mid,Medium,Australia,117308.734
2025,Data Engineer,Mid,Medium,Netherlands,77625.305
2025,Data Engineer,Mid,Medium,United Kingdom,81208.07
2025,Data Engineer,Mid,Medium,Canada,109904.05
2025,Data Engineer,Mid,Medium,Italy,71495.92
2025,Data Engineer,Mid,Medium,Singapore,86891.91
2025,Data Engineer,Mid,Medium,Germany,83582.02
2025,Data Engineer,Mid,Medium,Finland,58762.777
2025,Data Engineer,Mid,Large,United States,134496.83
2025,Data Engineer,Mid,Large,Australia,105289.59
2025,Data Engineer,Mid,Large,Netherlands,70875.49
2025,Data Engineer,Mid,Large,United Kingdom,77041.2
2025,Data Engineer,Mid,Large,Canada,97716.24
2025,Data Engineer,Mid,Large,Italy,66099.516
2025,Data Engineer,Mid,Large,Singapore,80144.266
2025,Data Engineer,Mid,Large,Germany,77243.336
2025,Data Engineer,Mid,Large,Finland,51923.926
2025,Data Engineer,Mid,Enterprise,United States,139687.19
2025,Data Engineer,Mid,Enterprise,Australia,112384.375
2025,Data Engineer,Mid,Enterprise,Netherlands,75977.64
2025,Data Engineer,Mid,Enterprise,United Kingdom,80645.195
2025,Data Engineer,Mid,Enterprise,Canada,102372.805
2025,Data Engineer,Mid,Enterprise,Italy,71201.664
2025,Data Engineer,Mid,Enterprise,Singapore,85246.414
2025,Data Engineer,Mid,Enterprise,Germany,82345.484
2025,Data Engineer,Mid,Enterprise,Finland,57026.07
2025,Data Engineer,Senior,Small,United States,160264.75
2025,Data Engineer,Senior,Small,Australia,128479.63
2025,Data Engineer,Senior,Small,Netherlands,89727.01
2025,Data Engineer,Senior,Small,United Kingdom,99341.02
2025,Data Engineer,Senior,Small,Canada,120911.29
2025,Data Engineer,Senior,Small,Italy,80831.266
2025,Data Engineer,Senior,Small,Singapore,101070.45
2025,Data Engineer,Senior,Small,Germany,98436.08
2025,Data Engineer,Senior,Small,Finland,71771.875
2025,Data Engineer,Senior,Medium,United States,169357.38
2025,Data Engineer,Senior,Medium,Australia,139396.94
2025,Data Engineer,Senior,Medium,Netherlands,96525.266
2025,Data Engineer,Senior,Medium,United Kingdom,101332.62
2025,Data Engineer,Senior,Medium,Canada,133550.47
2025,Data Engineer,Senior,Medium,Italy,87138.914
2025,Data Engineer,Senior,Medium,Singapore,108820.54
2025,Data Engineer,Senior,Medium,Germany,104442.18
2025,Data Engineer,Senior,Medium,Finland,79521.96
2025,Data Engineer,Senior,Large,United States,160880.53
2025,Data Engineer,Senior,Large,Australia,127548.95
2025,Data Engineer,Senior,Large,Netherlands,89116.28
2025,Data Engineer,Senior,Large,United Kingdom,96761.21
2025,Data Engineer,Senior,Large,Canada,123271.38
2025,Data Engineer,Senior,Large,Italy,81990.12
2025,Data Engineer,Senior,Large,Singapore,101322.52
2025,Data Engineer,Senior,Large,Germany,97088.164
2025,Data Engineer,Senior,Large,Finland,72023.94
2025,Data Engineer,Senior,Enterprise,United States,166744.47
2025,Data Engineer,Senior,Enterprise,Australia,135605.11
2025,Data Engineer,Senior,Enterprise,Netherlands,95343.93
2025,Data Engineer,Senior,Enterprise,United Kingdom,101490.7
2025,Data Engineer,Senior,Enterprise,Canada,129053.45
2025,Data Engineer,Senior,Enterprise,Italy,87310.984
2025,Data Engineer,Senior,Enterprise,Singapore,107550.17
2025,Data Engineer,Senior,Enterprise,Germany,103315.81
2025,Data Engineer,Senior,Enterprise,Finland,78251.59
2025,Data Engineer,Lead,Small,United States,181154.23
2025,Data Engineer,Lead,Small,Australia,162022.27
2025,Data Engineer,Lead,Small,Netherlands,128819.57
2025,Data Engineer,Lead,Small,United Kingdom,135641.55
2025,Data Engineer,Lead,Small,Canada,141254.61
2025,Data Engineer,Lead,Small,Italy,119472.98
2025,Data Engineer,Lead,Small,Singapore,147310.84
2025,Data Engineer,Lead,Small,Germany,134356.27
2025,Data Engineer,Lead,Small,Finland,109117.516
2025,Data Engineer,Lead,Medium,United States,187948.1
2025,Data Engineer,Lead,Medium,Australia,172831.19
2025,Data Engineer,Lead,Medium,Netherlands,135708.08
2025,Data Engineer,Lead,Medium,United Kingdom,137978.12
2025,Data Engineer,Lead,Medium,Canada,152819.6
2025,Data Engineer,Lead,Medium,Italy,125870.97
2025,Data Engineer,Lead,Medium,Singapore,155151.28
2025,Data Engineer,Lead,Medium,Germany,140220.67
2025,Data Engineer,Lead,Medium,Finland,116957.94
2025,Data Engineer,Lead,Large,United States,181659.39
2025,Data Engineer,Lead,Large,Australia,162307.31
2025,Data Engineer,Lead,Large,Netherlands,129424.66
2025,Data Engineer,Lead,Large,United Kingdom,134277.56
2025,Data Engineer,Lead,Large,Canada,144830.53
2025,Data Engineer,Lead,Large,Italy,121847.625
2025,Data Engineer,Lead,Large,Singapore,148778.72
2025,Data Engineer,Lead,Large,Germany,134224.16
2025,Data Engineer,Lead,Large,Finland,110585.43
2025,Data Engineer,Lead,Enterprise,United States,187209.75
2025,Data Engineer,Lead,Enterprise,Australia,169238.17
2025,Data Engineer,Lead,Enterprise,Netherlands,134526.73
2025,Data Engineer,Lead,Enterprise,United Kingdom,137881.58
2025,Data Engineer,Lead,Enterprise,Canada,149487.12
2025,Data Engineer,Lead,Enterprise,Italy,126042.99
2025,Data Engineer,Lead,Enterprise,Singapore,153880.9
2025,Data Engineer,Lead,Enterprise,Germany,139326.34
2025,Data Engineer,Lead,Enterprise,Finland,115687.57
2025,Data Analyst,Entry,Small,United States,87155.31
2025,Data Analyst,Entry,Small,Australia,92091.42
2025,Data Analyst,Entry,Small,Netherlands,55726.316
2025,Data Analyst,Entry,Small,United Kingdom,60441.73
2025,Data Analyst,Entry,Small,Canada,72904.27
2025,Data Analyst,Entry,Small,Italy,46116.055
2025,Data Analyst,Entry,Small,Singapore,63882.86
2025,Data Analyst,Entry,Small,Germany,56543.926
2025,Data Analyst,Entry,Small,Finland,43643.77
2025,Data Analyst,Entry,Medium,United States,100253.24
2025,Data Analyst,Entry,Medium,Australia,98045.484
2025,Data Analyst,Entry,Medium,Netherlands,58165.48
2025,Data Analyst,Entry,Medium,United Kingdom,65277.617
2025,Data Analyst,Entry,Medium,Canada,79322.0
2025,Data Analyst,Entry,Medium,Italy,49507.04
2025,Data Analyst,Entry,Medium,Singapore,67770.38
2025,Data Analyst,Entry,Medium,Germany,61024.273
2025,Data Analyst,Entry,Medium,Finland,47034.75
2025,Data Analyst,Entry,Large,United States,88476.08
2025,Data Analyst,Entry,Large,Australia,91445.664
2025,Data Analyst,Entry,Large,Netherlands,55872.496
2025,Data Analyst,Entry,Large,United Kingdom,62230.26
2025,Data Analyst,Entry,Large,Canada,73913.25
2025,Data Analyst,Entry,Large,Italy,48031.816
2025,Data Analyst,Entry,Large,Singapore,65996.945
2025,Data Analyst,Entry,Large,Germany,57892.004
2025,Data Analyst,Entry,Large,Finland,44652.746
2025,Data Analyst,Entry,Enterprise,United States,89967.07
2025,Data Analyst,Entry,Enterprise,Australia,93485.38
2025,Data Analyst,Entry,Enterprise,Netherlands,56257.48
2025,Data Analyst,Entry,Enterprise,United Kingdom,62088.227
2025,Data Analyst,Entry,Enterprise,Canada,74298.234
2025,Data Analyst,Entry,Enterprise,Italy,47510.016
2025,Data Analyst,Entry,Enterprise,Singapore,66319.92
2025,Data Analyst,Entry,Enterprise,Germany,58276.99
2025,Data Analyst,Entry,Enterprise,Finland,45037.73
2025,Data Analyst,Mid,Small,United States,90659.76
2025,Data Analyst,Mid,Small,Australia,100777.66
2025,Data Analyst,Mid,Small,Netherlands,60613.977
2025,Data Analyst,Mid,Small,United Kingdom,66630.48
2025,Data Analyst,Mid,Small,Canada,82804.92
2025,Data Analyst,Mid,Small,Italy,55278.754
2025,Data Analyst,Mid,Small,Singapore,69080.85
2025,Data Analyst,Mid,Small,Germany,62524.64
2025,Data Analyst,Mid,Small,Finland,51793.28
2025,Data Analyst,Mid,Medium,United States,104585.664
2025,Data Analyst,Mid,Medium,Australia,106807.17
2025,Data Analyst,Mid,Medium,Netherlands,62462.406
2025,Data Analyst,Mid,Medium,United Kingdom,69430.73
2025,Data Analyst,Mid,Medium,Canada,89795.086
2025,Data Analyst,Mid,Medium,Italy,58079.004
2025,Data Analyst,Mid,Medium,Singapore,72832.89
2025,Data Analyst,Mid,Medium,Germany,66414.305
2025,Data Analyst,Mid,Medium,Finland,54593.527
2025,Data Analyst,Mid,Large,United States,94277.91
2025,Data Analyst,Mid,Large,Australia,100131.9
2025,Data Analyst,Mid,Large,Netherlands,60760.156
2025,Data Analyst,Mid,Large,United Kingdom,68166.484
2025,Data Analyst,Mid,Large,Canada,83813.9
2025,Data Analyst,Mid,Large,Italy,56287.73
2025,Data Analyst,Mid,Large,Singapore,71194.836
2025,Data Analyst,Mid,Large,Germany,63872.72
2025,Data Analyst,Mid,Large,Finland,52802.258
2025,Data Analyst,Mid,Enterprise,United States,93620.53
2025,Data Analyst,Mid,Enterprise,Australia,102171.62
2025,Data Analyst,Mid,Enterprise,Netherlands,61145.14
2025,Data Analyst,Mid,Enterprise,United Kingdom,68024.44
2025,Data Analyst,Mid,Enterprise,Canada,84198.88
2025,Data Analyst,Mid,Enterprise,Italy,56672.715
2025,Data Analyst,Mid,Enterprise,Singapore,71517.805
2025,Data Analyst,Mid,Enterprise,Germany,64257.703
2025,Data Analyst,Mid,Enterprise,Finland,53187.242
2025,Data Analyst,Senior,Small,United States,117938.07
2025,Data Analyst,Senior,Small,Australia,116264.53
2025,Data Analyst,Senior,Small,Netherlands,80659.34
2025,Data Analyst,Senior,Small,United Kingdom,85718.77
2025,Data Analyst,Senior,Small,Canada,102943.88
2025,Data Analyst,Senior,Small,Italy,69911.74
2025,Data Analyst,Senior,Small,Singapore,95205.5
2025,Data Analyst,Senior,Small,Germany,82593.73
2025,Data Analyst,Senior,Small,Finland,73250.65
2025,Data Analyst,Senior,Medium,United States,133724.73
2025,Data Analyst,Senior,Medium,Australia,121913.55
2025,Data Analyst,Senior,Medium,Netherlands,82793.46
2025,Data Analyst,Senior,Medium,United Kingdom,87858.48
2025,Data Analyst,Senior,Medium,Canada,110096.62
2025,Data Analyst,Senior,Medium,Italy,72997.69
2025,Data Analyst,Senior,Medium,Singapore,99334.445
2025,Data Analyst,Senior,Medium,Germany,87125.195
2025,Data Analyst,Senior,Medium,Finland,76336.59
2025,Data Analyst,Senior,Large,United States,134638.33
2025,Data Analyst,Senior,Large,Australia,115417.23
2025,Data Analyst,Senior,Large,Netherlands,80777.914
2025,Data Analyst,Senior,Large,United Kingdom,87227.164
2025,Data Analyst,Senior,Large,Canada,103925.25
2025,Data Analyst,Senior,Large,Italy,71799.89
2025,Data Analyst,Senior,Large,Singapore,97291.875
2025,Data Analyst,Senior,Large,Germany,83914.195
2025,Data Analyst,Senior,Large,Finland,74232.016
2025,Data Analyst,Senior,Enterprise,United States,122215.695
2025,Data Analyst,Senior,Enterprise,Australia,117630.88
2025,Data Analyst,Senior,Enterprise,Netherlands,81162.9
2025,Data Analyst,Senior,Enterprise,United Kingdom,87085.125
2025,Data Analyst,Senior,Enterprise,Canada,104310.234
2025,Data Analyst,Senior,Enterprise,Italy,71278.09
2025,Data Analyst,Senior,Enterprise,Singapore,97614.85
2025,Data Analyst,Senior,Enterprise,Germany,84299.18
2025,Data Analyst,Senior,Enterprise,Finland,74617.0
2025,Data Analyst,Lead,Small,United States,136360.58
2025,Data Analyst,Lead,Small,Australia,138105.16
2025,Data Analyst,Lead,Small,Netherlands,104534.445
2025,Data Analyst,Lead,Small,United Kingdom,107749.8
2025,Data Analyst,Lead,Small,Canada,113790.74
2025,Data Analyst,Lead,Small,Italy,95491.34
2025,Data Analyst,Lead,Small,Singapore,122406.42
2025,Data Analyst,Lead,Small,Germany,104807.81
2025,Data Analyst,Lead,Small,Finland,95633.03
2025,Data Analyst,Lead,Medium,United States,148690.86
2025,Data Analyst,Lead,Medium,Australia,142608.89
2025,Data Analyst,Lead,Medium,Netherlands,105722.03
2025,Data Analyst,Lead,Medium,United Kingdom,108942.97
2025,Data Analyst,Lead,Medium,Canada,117972.586
2025,Data Analyst,Lead,Medium,Italy,97630.76
2025,Data Analyst,Lead,Medium,Singapore,125915.625
2025,Data Analyst,Lead,Medium,Germany,108160.734
2025,Data Analyst,Lead,Medium,Finland,97772.445
2025,Data Analyst,Lead,Large,United States,148196.48
2025,Data Analyst,Lead,Large,Australia,136811.19
2025,Data Analyst,Lead,Large,Netherlands,104680.625
2025,Data Analyst,Lead,Large,United Kingdom,109285.8
2025,Data Analyst,Lead,Large,Canada,114445.98
2025,Data Analyst,Lead,Large,Italy,97407.1
2025,Data Analyst,Lead,Large,Singapore,125624.88
2025,Data Analyst,Lead,Large,Germany,106155.89
2025,Data Analyst,Lead,Large,Finland,96642.01
2025,Data Analyst,Lead,Enterprise,United States,143385.06
2025,Data Analyst,Lead,Enterprise,Australia,139499.14
2025,Data Analyst,Lead,Enterprise,Netherlands,105065.61
2025,Data Analyst,Lead,Enterprise,United Kingdom,109143.76
2025,Data Analyst,Lead,Enterprise,Canada,114830.96
2025,Data Analyst,Lead,Enterprise,Italy,96885.305
2025,Data Analyst,Lead,Enterprise,Singapore,125170.17
2025,Data Analyst,Lead,Enterprise,Germany,106540.875
2025,Data Analyst,Lead,Enterprise,Finland,97026.99
2025,AI Engineer,Entry,Small,United States,115666.79
2025,AI Engineer,Entry,Small,Australia,92222.125
2025,AI Engineer,Entry,Small,Netherlands,64023.48
2025,AI Engineer,Entry,Small,United Kingdom,70065.97
2025,AI Engineer,Entry,Small,Canada,83376.805
2025,AI Engineer,Entry,Small,Italy,56754.18
2025,AI Engineer,Entry,Small,Singapore,77500.31
2025,AI Engineer,Entry,Small,Germany,65457.465
2025,AI Engineer,Entry,Small,Finland,48576.76
2025,AI Engineer,Entry,Medium,United States,117571.71
2025,AI Engineer,Entry,Medium,Australia,96807.58
2025,AI Engineer,Entry,Medium,Netherlands,66111.52
2025,AI Engineer,Entry,Medium,United Kingdom,73105.766
2025,AI Engineer,Entry,Medium,Canada,89299.36
2025,AI Engineer,Entry,Medium,Italy,59793.965
2025,AI Engineer,Entry,Medium,Singapore,80327.36
2025,AI Engineer,Entry,Medium,Germany,68777.31
2025,AI Engineer,Entry,Medium,Finland,51616.547
2025,AI Engineer,Entry,Large,United States,114874.836
2025,AI Engineer,Entry,Large,Australia,92031.87
2025,AI Engineer,Entry,Large,Netherlands,64625.156
2025,AI Engineer,Entry,Large,United Kingdom,71530.445
2025,AI Engineer,Entry,Large,Canada,84841.28
2025,AI Engineer,Entry,Large,Italy,59125.438
2025,AI Engineer,Entry,Large,Singapore,79298.6
2025,AI Engineer,Entry,Large,Germany,67261.09
2025,AI Engineer,Entry,Large,Finland,49526.445
2025,AI Engineer,Entry,Enterprise,United States,116145.36
2025,AI Engineer,Entry,Enterprise,Australia,93827.49
2025,AI Engineer,Entry,Enterprise,Netherlands,64766.05
2025,AI Engineer,Entry,Enterprise,United Kingdom,71671.336
2025,AI Engineer,Entry,Enterprise,Canada,84982.17
2025,AI Engineer,Entry,Enterprise,Italy,58359.547
2025,AI Engineer,Entry,Enterprise,Singapore,79439.49
2025,AI Engineer,Entry,Enterprise,Germany,67401.984
2025,AI Engineer,Entry,Enterprise,Finland,50182.13
2025,AI Engineer,Mid,Small,United States,153965.98
2025,AI Engineer,Mid,Small,Australia,114668.45
2025,AI Engineer,Mid,Small,Netherlands,84482.53
2025,AI Engineer,Mid,Small,United Kingdom,91447.34
2025,AI Engineer,Mid,Small,Canada,106758.35
2025,AI Engineer,Mid,Small,Italy,80525.33
2025,AI Engineer,Mid,Small,Singapore,98167.41
2025,AI Engineer,Mid,Small,Germany,86940.52
2025,AI Engineer,Mid,Small,Finland,67174.57
2025,AI Engineer,Mid,Medium,United States,156537.16
2025,AI Engineer,Mid,Medium,Australia,120440.72
2025,AI Engineer,Mid,Medium,Netherlands,87091.11
2025,AI Engineer,Mid,Medium,United Kingdom,95007.75
2025,AI Engineer,Mid,Medium,Canada,114754.44
2025,AI Engineer,Mid,Medium,Italy,84085.734
2025,AI Engineer,Mid,Medium,Singapore,101970.42
2025,AI Engineer,Mid,Medium,Germany,90780.93
2025,AI Engineer,Mid,Medium,Finland,70734.98
2025,AI Engineer,Mid,Large,United States,153174.03
2025,AI Engineer,Mid,Large,Australia,114478.195
2025,AI Engineer,Mid,Large,Netherlands,85084.21
2025,AI Engineer,Mid,Large,United Kingdom,92911.82
2025,AI Engineer,Mid,Large,Canada,108222.83
2025,AI Engineer,Mid,Large,Italy,81989.805
2025,AI Engineer,Mid,Large,Singapore,99965.695
2025,AI Engineer,Mid,Large,Germany,88744.1
2025,AI Engineer,Mid,Large,Finland,68124.266
2025,AI Engineer,Mid,Enterprise,United States,154444.56
2025,AI Engineer,Mid,Enterprise,Australia,116273.82
2025,AI Engineer,Mid,Enterprise,Netherlands,85225.1
2025,AI Engineer,Mid,Enterprise,United Kingdom,93052.71
2025,AI Engineer,Mid,Enterprise,Canada,108363.72
2025,AI Engineer,Mid,Enterprise,Italy,82130.695
2025,AI Engineer,Mid,Enterprise,Singapore,100106.586
2025,AI Engineer,Mid,Enterprise,Germany,88884.99
2025,AI Engineer,Mid,Enterprise,Finland,68779.94
2025,AI Engineer,Senior,Small,United States,186521.81
2025,AI Engineer,Senior,Small,Australia,137572.47
2025,AI Engineer,Senior,Small,Netherlands,108763.2
2025,AI Engineer,Senior,Small,United Kingdom,117685.25
2025,AI Engineer,Senior,Small,Canada,138272.8
2025,AI Engineer,Senior,Small,Italy,100643.39
2025,AI Engineer,Senior,Small,Singapore,130367.12
2025,AI Engineer,Senior,Small,Germany,112563.695
2025,AI Engineer,Senior,Small,Finland,92326.46
2025,AI Engineer,Senior,Medium,United States,191841.16
2025,AI Engineer,Senior,Medium,Australia,143132.3
2025,AI Engineer,Senior,Medium,Netherlands,111825.55
2025,AI Engineer,Senior,Medium,United Kingdom,121699.42
2025,AI Engineer,Senior,Medium,Canada,146093.62
2025,AI Engineer,Senior,Medium,Italy,104657.56
2025,AI Engineer,Senior,Medium,Singapore,134715.0
2025,AI Engineer,Senior,Medium,Germany,116982.01
2025,AI Engineer,Senior,Medium,Finland,96340.63
2025,AI Engineer,Senior,Large,United States,188228.69
2025,AI Engineer,Senior,Large,Australia,138128.39
2025,AI Engineer,Senior,Large,Netherlands,110284.98
2025,AI Engineer,Senior,Large,United Kingdom,120069.82
2025,AI Engineer,Senior,Large,Canada,140657.39
2025,AI Engineer,Senior,Large,Italy,103934.74
2025,AI Engineer,Senior,Large,Singapore,133085.39
2025,AI Engineer,Senior,Large,Germany,115287.37
2025,AI Engineer,Senior,Large,Finland,94196.25
2025,AI Engineer,Senior,Enterprise,United States,189047.3
2025,AI Engineer,Senior,Enterprise,Australia,140097.95
2025,AI Engineer,Senior,Enterprise,Netherlands,110425.87
2025,AI Engineer,Senior,Enterprise,United Kingdom,120210.71
2025,AI Engineer,Senior,Enterprise,Canada,140798.28
2025,AI Engineer,Senior,Enterprise,Italy,103168.85
2025,AI Engineer,Senior,Enterprise,Singapore,133226.28
2025,AI Engineer,Senior,Enterprise,Germany,115428.26
2025,AI Engineer,Senior,Enterprise,Finland,94851.92
2025,AI Engineer,Lead,Small,United States,207596.3
2025,AI Engineer,Lead,Small,Australia,172475.16
2025,AI Engineer,Lead,Small,Netherlands,145714.9
2025,AI Engineer,Lead,Small,United Kingdom,151367.0
2025,AI Engineer,Lead,Small,Canada,157833.58
2025,AI Engineer,Lead,Small,Italy,138049.84
2025,AI Engineer,Lead,Small,Singapore,171008.34
2025,AI Engineer,Lead,Small,Germany,146604.64
2025,AI Engineer,Lead,Small,Finland,126830.24
2025,AI Engineer,Lead,Medium,United States,208479.62
2025,AI Engineer,Lead,Medium,Australia,176916.11
2025,AI Engineer,Lead,Medium,Netherlands,147857.17
2025,AI Engineer,Lead,Medium,United Kingdom,154461.11
2025,AI Engineer,Lead,Medium,Canada,163569.61
2025,AI Engineer,Lead,Medium,Italy,141143.95
2025,AI Engineer,Lead,Medium,Singapore,174436.28
2025,AI Engineer,Lead,Medium,Germany,150102.88
2025,AI Engineer,Lead,Medium,Finland,129924.27
2025,AI Engineer,Lead,Large,United States,205929.8
2025,AI Engineer,Lead,Large,Australia,172110.98
2025,AI Engineer,Lead,Large,Netherlands,146316.6
2025,AI Engineer,Lead,Large,United Kingdom,152831.5
2025,AI Engineer,Lead,Large,Canada,159298.08
2025,AI Engineer,Lead,Large,Italy,140421.14
2025,AI Engineer,Lead,Large,Singapore,172806.67
2025,AI Engineer,Lead,Large,Germany,148408.23
2025,AI Engineer,Lead,Large,Finland,127779.914
2025,AI Engineer,Lead,Enterprise,United States,207560.33
2025,AI Engineer,Lead,Enterprise,Australia,174080.55
2025,AI Engineer,Lead,Enterprise,Netherlands,146457.48
2025,AI Engineer,Lead,Enterprise,United Kingdom,152972.39
2025,AI Engineer,Lead,Enterprise,Canada,159438.97
2025,AI Engineer,Lead,Enterprise,Italy,139655.23
2025,AI Engineer,Lead,Enterprise,Singapore,172947.56
2025,AI Engineer,Lead,Enterprise,Germany,148549.12
2025,AI Engineer,Lead,Enterprise,Finland,128435.586
2025,Quantitative Analyst,Entry,Small,United States,112088.016
2025,Quantitative Analyst,Entry,Small,Australia,164915.84
2025,Quantitative Analyst,Entry,Small,Netherlands,136690.52
2025,Quantitative Analyst,Entry,Small,United Kingdom,144131.5
2025,Quantitative Analyst,Entry,Small,Canada,112338.836
2025,Quantitative Analyst,Entry,Small,Italy,129039.66
2025,Quantitative Analyst,Entry,Small,Singapore,149924.48
2025,Quantitative Analyst,Entry,Small,Germany,137898.52
2025,Quantitative Analyst,Entry,Small,Finland,117831.53
2025,Quantitative Analyst,Entry,Medium,United States,113579.12
2025,Quantitative Analyst,Entry,Medium,Australia,168994.11
2025,Quantitative Analyst,Entry,Medium,Netherlands,138271.31
2025,Quantitative Analyst,Entry,Medium,United Kingdom,146664.12
2025,Quantitative Analyst,Entry,Medium,Canada,117754.2
2025,Quantitative Analyst,Entry,Medium,Italy,131572.16
2025,Quantitative Analyst,Entry,Medium,Singapore,151910.56
2025,Quantitative Analyst,Entry,Medium,Germany,141520.5
2025,Quantitative Analyst,Entry,Medium,Finland,120364.14
2025,Quantitative Analyst,Entry,Large,United States,119709.766
2025,Quantitative Analyst,Entry,Large,Australia,169706.3
2025,Quantitative Analyst,Entry,Large,Netherlands,142272.89
2025,Quantitative Analyst,Entry,Large,United Kingdom,150576.69
2025,Quantitative Analyst,Entry,Large,Canada,118050.48
2025,Quantitative Analyst,Entry,Large,Italy,136391.44
2025,Quantitative Analyst,Entry,Large,Singapore,156369.67
2025,Quantitative Analyst,Entry,Large,Germany,144682.8
2025,Quantitative Analyst,Entry,Large,Finland,124276.68
2025,Quantitative Analyst,Entry,Enterprise,United States,112355.18
2025,Quantitative Analyst,Entry,Enterprise,Australia,166309.83
2025,Quantitative Analyst,Entry,Enterprise,Netherlands,137221.69
2025,Quantitative Analyst,Entry,Enterprise,United Kingdom,145525.48
2025,Quantitative Analyst,Entry,Enterprise,Canada,113732.8
2025,Quantitative Analyst,Entry,Enterprise,Italy,130433.555
2025,Quantitative Analyst,Entry,Enterprise,Singapore,151318.47
2025,Quantitative Analyst,Entry,Enterprise,Germany,139631.6
2025,Quantitative Analyst,Entry,Enterprise,Finland,119225.49
2025,Quantitative Analyst,Mid,Small,United States,140620.72
2025,Quantitative Analyst,Mid,Small,Australia,107331.01
2025,Quantitative Analyst,Mid,Small,Netherlands,76539.53
2025,Quantitative Analyst,Mid,Small,United Kingdom,81297.05
2025,Quantitative Analyst,Mid,Small,Canada,101834.086
2025,Quantitative Analyst,Mid,Small,Italy,72200.625
2025,Quantitative Analyst,Mid,Small,Singapore,92904.664
2025,Quantitative Analyst,Mid,Small,Germany,78771.586
2025,Quantitative Analyst,Mid,Small,Finland,53667.734
2025,Quantitative Analyst,Mid,Medium,United States,140788.06
2025,Quantitative Analyst,Mid,Medium,Australia,110452.3
2025,Quantitative Analyst,Mid,Medium,Netherlands,76497.13
2025,Quantitative Analyst,Mid,Medium,United Kingdom,82206.48
2025,Quantitative Analyst,Mid,Medium,Canada,107179.195
2025,Quantitative Analyst,Mid,Medium,Italy,73110.055
2025,Quantitative Analyst,Mid,Medium,Singapore,93722.88
2025,Quantitative Analyst,Mid,Medium,Germany,80770.38
2025,Quantitative Analyst,Mid,Medium,Finland,54577.156
2025,Quantitative Analyst,Mid,Large,United States,154060.5
2025,Quantitative Analyst,Mid,Large,Australia,116221.02
2025,Quantitative Analyst,Mid,Large,Netherlands,86221.484
2025,Quantitative Analyst,Mid,Large,United Kingdom,91841.8
2025,Quantitative Analyst,Mid,Large,Canada,111645.33
2025,Quantitative Analyst,Mid,Large,Italy,82745.375
2025,Quantitative Analyst,Mid,Large,Singapore,103449.414
2025,Quantitative Analyst,Mid,Large,Germany,89655.44
2025,Quantitative Analyst,Mid,Large,Finland,64212.51
2025,Quantitative Analyst,Mid,Enterprise,United States,140887.89
2025,Quantitative Analyst,Mid,Enterprise,Australia,108724.97
2025,Quantitative Analyst,Mid,Enterprise,Netherlands,77070.695
2025,Quantitative Analyst,Mid,Enterprise,United Kingdom,82691.01
2025,Quantitative Analyst,Mid,Enterprise,Canada,103228.05
2025,Quantitative Analyst,Mid,Enterprise,Italy,73594.586
2025,Quantitative Analyst,Mid,Enterprise,Singapore,94298.62
2025,Quantitative Analyst,Mid,Enterprise,Germany,80504.65
2025,Quantitative Analyst,Mid,Enterprise,Finland,55061.695
2025,Quantitative Analyst,Senior,Small,United States,148477.14
2025,Quantitative Analyst,Senior,Small,Australia,116976.91
2025,Quantitative Analyst,Senior,Small,Netherlands,86388.48
2025,Quantitative Analyst,Senior,Small,United Kingdom,100123.59
2025,Quantitative Analyst,Senior,Small,Canada,116706.81
2025,Quantitative Analyst,Senior,Small,Italy,80516.71
2025,Quantitative Analyst,Senior,Small,Singapore,115347.14
2025,Quantitative Analyst,Senior,Small,Germany,90820.12
2025,Quantitative Analyst,Senior,Small,Finland,66934.13
2025,Quantitative Analyst,Senior,Medium,United States,153536.44
2025,Quantitative Analyst,Senior,Medium,Australia,122029.57
2025,Quantitative Analyst,Senior,Medium,Netherlands,88943.63
2025,Quantitative Analyst,Senior,Medium,United Kingdom,103630.58
2025,Quantitative Analyst,Senior,Medium,Canada,124020.414
2025,Quantitative Analyst,Senior,Medium,Italy,84023.695
2025,Quantitative Analyst,Senior,Medium,Singapore,118854.125
2025,Quantitative Analyst,Senior,Medium,Germany,95772.625
2025,Quantitative Analyst,Senior,Medium,Finland,70441.12
2025,Quantitative Analyst,Senior,Large,United States,154019.44
2025,Quantitative Analyst,Senior,Large,Australia,117810.81
2025,Quantitative Analyst,Senior,Large,Netherlands,88188.26
2025,Quantitative Analyst,Senior,Large,United Kingdom,102786.17
2025,Quantitative Analyst,Senior,Large,Canada,118635.88
2025,Quantitative Analyst,Senior,Large,Italy,84086.07
2025,Quantitative Analyst,Senior,Large,Singapore,118009.72
2025,Quantitative Analyst,Senior,Large,Germany,93821.8
2025,Quantitative Analyst,Senior,Large,Finland,69596.71
2025,Quantitative Analyst,Senior,Enterprise,United States,150791.22
2025,Quantitative Analyst,Senior,Enterprise,Australia,119290.96
2025,Quantitative Analyst,Senior,Enterprise,Netherlands,87839.734
2025,Quantitative Analyst,Senior,Enterprise,United Kingdom,102437.65
2025,Quantitative Analyst,Senior,Enterprise,Canada,119020.87
2025,Quantitative Analyst,Senior,Enterprise,Italy,82830.766
2025,Quantitative Analyst,Senior,Enterprise,Singapore,117661.19
2025,Quantitative Analyst,Senior,Enterprise,Germany,93473.27
2025,Quantitative Analyst,Senior,Enterprise,Finland,69248.19
2025,Quantitative Analyst,Lead,Small,United States,181939.05
2025,Quantitative Analyst,Lead,Small,Australia,158902.64
2025,Quantitative Analyst,Lead,Small,Netherlands,131536.88
2025,Quantitative Analyst,Lead,Small,United Kingdom,137952.56
2025,Quantitative Analyst,Lead,Small,Canada,146646.2
2025,Quantitative Analyst,Lead,Small,Italy,124132.305
2025,Quantitative Analyst,Lead,Small,Singapore,161912.3
2025,Quantitative Analyst,Lead,Small,Germany,132200.69
2025,Quantitative Analyst,Lead,Small,Finland,108777.414
2025,Quantitative Analyst,Lead,Medium,United States,182562.33
2025,Quantitative Analyst,Lead,Medium,Australia,162836.4
2025,Quantitative Analyst,Lead,Medium,Netherlands,133171.94
2025,Quantitative Analyst,Lead,Medium,United Kingdom,140539.48
2025,Quantitative Analyst,Lead,Medium,Canada,151875.05
2025,Quantitative Analyst,Lead,Medium,Italy,126719.234
2025,Quantitative Analyst,Lead,Medium,Singapore,164499.22
2025,Quantitative Analyst,Lead,Medium,Germany,136001.03
2025,Quantitative Analyst,Lead,Medium,Finland,111364.305
2025,Quantitative Analyst,Lead,Large,United States,191114.03
2025,Quantitative Analyst,Lead,Large,Australia,163519.16
2025,Quantitative Analyst,Lead,Large,Netherlands,137119.2
2025,Quantitative Analyst,Lead,Large,United Kingdom,144397.75
2025,Quantitative Analyst,Lead,Large,Canada,152357.88
2025,Quantitative Analyst,Lead,Large,Italy,131484.2
2025,Quantitative Analyst,Lead,Large,Singapore,168357.48
2025,Quantitative Analyst,Lead,Large,Germany,138984.9
2025,Quantitative Analyst,Lead,Large,Finland,115222.56
2025,Quantitative Analyst,Lead,Enterprise,United States,181691.67
2025,Quantitative Analyst,Lead,Enterprise,Australia,160296.62
2025,Quantitative Analyst,Lead,Enterprise,Netherlands,132068.05
2025,Quantitative Analyst,Lead,Enterprise,United Kingdom,139346.55
2025,Quantitative Analyst,Lead,Enterprise,Canada,148040.19
2025,Quantitative Analyst,Lead,Enterprise,Italy,125526.29
2025,Quantitative Analyst,Lead,Enterprise,Singapore,163306.28
2025,Quantitative Analyst,Lead,Enterprise,Germany,133933.7
2025,Quantitative Analyst,Lead,Enterprise,Finland,110171.375
2025,Data Visualization,Entry,Small,United States,118619.41
2025,Data Visualization,Entry,Small,Australia,108459.66
2025,Data Visualization,Entry,Small,Netherlands,78942.984
2025,Data Visualization,Entry,Small,United Kingdom,82741.02
2025,Data Visualization,Entry,Small,Canada,101381.45
2025,Data Visualization,Entry,Small,Italy,71698.555
2025,Data Visualization,Entry,Small,Singapore,95094.79
2025,Data Visualization,Entry,Small,Germany,80828.33
2025,Data Visualization,Entry,Small,Finland,61448.64
2025,Data Visualization,Entry,Medium,United States,120110.51
2025,Data Visualization,Entry,Medium,Australia,112537.92
2025,Data Visualization,Entry,Medium,Netherlands,80523.766
2025,Data Visualization,Entry,Medium,United Kingdom,85273.63
2025,Data Visualization,Entry,Medium,Canada,106796.82
2025,Data Visualization,Entry,Medium,Italy,74231.164
2025,Data Visualization,Entry,Medium,Singapore,97080.84
2025,Data Visualization,Entry,Medium,Germany,84450.305
2025,Data Visualization,Entry,Medium,Finland,63981.258
2025,Data Visualization,Entry,Large,United States,118745.68
2025,Data Visualization,Entry,Large,Australia,108057.99
2025,Data Visualization,Entry,Large,Netherlands,79333.26
2025,Data Visualization,Entry,Large,United Kingdom,83994.09
2025,Data Visualization,Entry,Large,Canada,102634.52
2025,Data Visualization,Entry,Large,Italy,73858.41
2025,Data Visualization,Entry,Large,Singapore,96347.86
2025,Data Visualization,Entry,Large,Germany,82420.5
2025,Data Visualization,Entry,Large,Finland,62701.715
2025,Data Visualization,Entry,Enterprise,United States,118886.57
2025,Data Visualization,Entry,Enterprise,Australia,109853.62
2025,Data Visualization,Entry,Enterprise,Netherlands,79474.15
2025,Data Visualization,Entry,Enterprise,United Kingdom,84134.984
2025,Data Visualization,Entry,Enterprise,Canada,102775.414
2025,Data Visualization,Entry,Enterprise,Italy,73092.516
2025,Data Visualization,Entry,Enterprise,Singapore,96488.75
2025,Data Visualization,Entry,Enterprise,Germany,82561.39
2025,Data Visualization,Entry,Enterprise,Finland,62842.61
2025,Data Visualization,Mid,Small,United States,101322.63
2025,Data Visualization,Mid,Small,Australia,84316.83
2025,Data Visualization,Mid,Small,Netherlands,53129.066
2025,Data Visualization,Mid,Small,United Kingdom,59771.59
2025,Data Visualization,Mid,Small,Canada,84808.1
2025,Data Visualization,Mid,Small,Italy,49196.797
2025,Data Visualization,Mid,Small,Singapore,69489.08
2025,Data Visualization,Mid,Small,Germany,56038.465
2025,Data Visualization,Mid,Small,Finland,31622.182
2025,Data Visualization,Mid,Medium,United States,103633.76
2025,Data Visualization,Mid,Medium,Australia,89581.91
2025,Data Visualization,Mid,Medium,Netherlands,55230.46
2025,Data Visualization,Mid,Medium,United Kingdom,62824.82
2025,Data Visualization,Mid,Medium,Canada,92297.0
2025,Data Visualization,Mid,Medium,Italy,52250.01
2025,Data Visualization,Mid,Medium,Singapore,72451.09
2025,Data Visualization,Mid,Medium,Germany,60181.043
2025,Data Visualization,Mid,Medium,Finland,34675.414
2025,Data Visualization,Mid,Large,United States,101448.91
2025,Data Visualization,Mid,Large,Australia,83915.164
2025,Data Visualization,Mid,Large,Netherlands,53519.336
2025,Data Visualization,Mid,Large,United Kingdom,61024.656
2025,Data Visualization,Mid,Large,Canada,86061.17
2025,Data Visualization,Mid,Large,Italy,50449.863
2025,Data Visualization,Mid,Large,Singapore,70742.15
2025,Data Visualization,Mid,Large,Germany,57630.633
2025,Data Visualization,Mid,Large,Finland,32875.258
2025,Data Visualization,Mid,Enterprise,United States,101589.8
2025,Data Visualization,Mid,Enterprise,Australia,85710.79
2025,Data Visualization,Mid,Enterprise,Netherlands,53660.23
2025,Data Visualization,Mid,Enterprise,United Kingdom,61165.55
2025,Data Visualization,Mid,Enterprise,Canada,86202.06
2025,Data Visualization,Mid,Enterprise,Italy,50590.758
2025,Data Visualization,Mid,Enterprise,Singapore,70883.04
2025,Data Visualization,Mid,Enterprise,Germany,57771.527
2025,Data Visualization,Mid,Enterprise,Finland,33016.152
2025,Data Visualization,Senior,Small,United States,123037.8
2025,Data Visualization,Senior,Small,Australia,94659.95
2025,Data Visualization,Senior,Small,Netherlands,64687.8
2025,Data Visualization,Senior,Small,United Kingdom,72505.01
2025,Data Visualization,Senior,Small,Canada,97391.414
2025,Data Visualization,Senior,Small,Italy,56437.457
2025,Data Visualization,Senior,Small,Singapore,88811.47
2025,Data Visualization,Senior,Small,Germany,69119.484
2025,Data Visualization,Senior,Small,Finland,45585.766
2025,Data Visualization,Senior,Medium,United States,128097.05
2025,Data Visualization,Senior,Medium,Australia,99712.59
2025,Data Visualization,Senior,Medium,Netherlands,67243.0
2025,Data Visualization,Senior,Medium,United Kingdom,76011.99
2025,Data Visualization,Senior,Medium,Canada,104705.03
2025,Data Visualization,Senior,Medium,Italy,59944.45
2025,Data Visualization,Senior,Medium,Singapore,92318.45
2025,Data Visualization,Senior,Medium,Germany,74071.99
2025,Data Visualization,Senior,Medium,Finland,49092.742
2025,Data Visualization,Senior,Large,United States,125662.88
2025,Data Visualization,Senior,Large,Australia,95004.445
2025,Data Visualization,Senior,Large,Netherlands,65998.21
2025,Data Visualization,Senior,Large,United Kingdom,74678.17
2025,Data Visualization,Senior,Large,Canada,99564.58
2025,Data Visualization,Senior,Large,Italy,59517.406
2025,Data Visualization,Senior,Large,Singapore,90984.63
2025,Data Visualization,Senior,Large,Germany,71631.75
2025,Data Visualization,Senior,Large,Finland,47758.92
2025,Data Visualization,Senior,Enterprise,United States,125351.85
2025,Data Visualization,Senior,Enterprise,Australia,96974.01
2025,Data Visualization,Senior,Enterprise,Netherlands,66139.1
2025,Data Visualization,Senior,Enterprise,United Kingdom,74819.06
2025,Data Visualization,Senior,Enterprise,Canada,99705.47
2025,Data Visualization,Senior,Enterprise,Italy,58751.516
2025,Data Visualization,Senior,Enterprise,Singapore,91125.52
2025,Data Visualization,Senior,Enterprise,Germany,71772.64
2025,Data Visualization,Senior,Enterprise,Finland,47899.816
2025,Data Visualization,Lead,Small,United States,152351.3
2025,Data Visualization,Lead,Small,Australia,136144.39
2025,Data Visualization,Lead,Small,Netherlands,108382.47
2025,Data Visualization,Lead,Small,United Kingdom,113085.13
2025,Data Visualization,Lead,Small,Canada,123850.42
2025,Data Visualization,Lead,Small,Italy,100742.32
2025,Data Visualization,Lead,Small,Singapore,136350.89
2025,Data Visualization,Lead,Small,Germany,110058.79
2025,Data Visualization,Lead,Small,Finland,86987.79
2025,Data Visualization,Lead,Medium,United States,152974.58
2025,Data Visualization,Lead,Medium,Australia,140078.16
2025,Data Visualization,Lead,Medium,Netherlands,110017.55
2025,Data Visualization,Lead,Medium,United Kingdom,115672.02
2025,Data Visualization,Lead,Medium,Canada,129079.22
2025,Data Visualization,Lead,Medium,Italy,103329.23
2025,Data Visualization,Lead,Medium,Singapore,138937.81
2025,Data Visualization,Lead,Medium,Germany,113859.2
2025,Data Visualization,Lead,Medium,Finland,89574.695
2025,Data Visualization,Lead,Large,United States,151603.03
2025,Data Visualization,Lead,Large,Australia,135568.81
2025,Data Visualization,Lead,Large,Netherlands,108772.74
2025,Data Visualization,Lead,Large,United Kingdom,114338.2
2025,Data Visualization,Lead,Large,Canada,125103.49
2025,Data Visualization,Lead,Large,Italy,102902.17
2025,Data Visualization,Lead,Large,Singapore,137603.98
2025,Data Visualization,Lead,Large,Germany,111650.96
2025,Data Visualization,Lead,Large,Finland,88240.86
2025,Data Visualization,Lead,Enterprise,United States,152103.92
2025,Data Visualization,Lead,Enterprise,Australia,137538.38
2025,Data Visualization,Lead,Enterprise,Netherlands,108913.63
2025,Data Visualization,Lead,Enterprise,United Kingdom,114479.09
2025,Data Visualization,Lead,Enterprise,Canada,125244.38
2025,Data Visualization,Lead,Enterprise,Italy,102136.28
2025,Data Visualization,Lead,Enterprise,Singapore,137744.88
2025,Data Visualization,Lead,Enterprise,Germany,111791.85
2025,Data Visualization,Lead,Enterprise,Finland,88381.75
